item_id,model,strategy,duration_ms,tp,fp,fn,ground_truth,predictions,prediction_source,mapped_rule_ids,schema_valid,parse_failed,empty_response,error,error_class,has_prediction,raw_output_excerpt
6018,deepseek-r1-distill-llama-70b,zero-shot,243104,0,0,0,4.1.2,,none,,False,False,False,"Error code: 400 - {'error': {'message': 'The provided messages contain images, but deepseek-r1-distill-llama-70b does not support image inputs.', 'type': 'invalid_request_error', 'param': 'messages', 'code': 'invalid_value'}}","Error code: 400 - {'error': {'message': 'The provided messages contain images, but deepseek-r1-distill-llama-70b does not support image inputs.', 'type': 'invalid_request_error', 'param': 'messages', 'code': 'invalid_value'}}",False,
6021,deepseek-r1-distill-llama-70b,zero-shot,31,0,0,0,2.4.6|1.3.1,,none,,False,False,False,"Error code: 400 - {'error': {'message': 'The provided messages contain images, but deepseek-r1-distill-llama-70b does not support image inputs.', 'type': 'invalid_request_error', 'param': 'messages', 'code': 'invalid_value'}}","Error code: 400 - {'error': {'message': 'The provided messages contain images, but deepseek-r1-distill-llama-70b does not support image inputs.', 'type': 'invalid_request_error', 'param': 'messages', 'code': 'invalid_value'}}",False,
6016,deepseek-r1-distill-llama-70b,zero-shot,51,0,0,0,3.3.2,,none,,False,False,False,"Error code: 400 - {'error': {'message': 'The provided messages contain images, but deepseek-r1-distill-llama-70b does not support image inputs.', 'type': 'invalid_request_error', 'param': 'messages', 'code': 'invalid_value'}}","Error code: 400 - {'error': {'message': 'The provided messages contain images, but deepseek-r1-distill-llama-70b does not support image inputs.', 'type': 'invalid_request_error', 'param': 'messages', 'code': 'invalid_value'}}",False,
6008,deepseek-r1-distill-llama-70b,zero-shot,42,0,0,0,2.4.4|4.1.2,,none,,False,False,False,"Error code: 400 - {'error': {'message': 'The provided messages contain images, but deepseek-r1-distill-llama-70b does not support image inputs.', 'type': 'invalid_request_error', 'param': 'messages', 'code': 'invalid_value'}}","Error code: 400 - {'error': {'message': 'The provided messages contain images, but deepseek-r1-distill-llama-70b does not support image inputs.', 'type': 'invalid_request_error', 'param': 'messages', 'code': 'invalid_value'}}",False,
6019,deepseek-r1-distill-llama-70b,zero-shot,37,0,0,0,4.1.2,,none,,False,False,False,"Error code: 400 - {'error': {'message': 'The provided messages contain images, but deepseek-r1-distill-llama-70b does not support image inputs.', 'type': 'invalid_request_error', 'param': 'messages', 'code': 'invalid_value'}}","Error code: 400 - {'error': {'message': 'The provided messages contain images, but deepseek-r1-distill-llama-70b does not support image inputs.', 'type': 'invalid_request_error', 'param': 'messages', 'code': 'invalid_value'}}",False,
6020,deepseek-r1-distill-llama-70b,zero-shot,38,0,0,0,2.5.5,,none,,False,False,False,"Error code: 400 - {'error': {'message': 'The provided messages contain images, but deepseek-r1-distill-llama-70b does not support image inputs.', 'type': 'invalid_request_error', 'param': 'messages', 'code': 'invalid_value'}}","Error code: 400 - {'error': {'message': 'The provided messages contain images, but deepseek-r1-distill-llama-70b does not support image inputs.', 'type': 'invalid_request_error', 'param': 'messages', 'code': 'invalid_value'}}",False,
6017,deepseek-r1-distill-llama-70b,zero-shot,46,0,0,0,4.1.2,,none,,False,False,False,"Error code: 400 - {'error': {'message': 'The provided messages contain images, but deepseek-r1-distill-llama-70b does not support image inputs.', 'type': 'invalid_request_error', 'param': 'messages', 'code': 'invalid_value'}}","Error code: 400 - {'error': {'message': 'The provided messages contain images, but deepseek-r1-distill-llama-70b does not support image inputs.', 'type': 'invalid_request_error', 'param': 'messages', 'code': 'invalid_value'}}",False,
6022,deepseek-r1-distill-llama-70b,zero-shot,39,0,0,0,1.1.1,,none,,False,False,False,"Error code: 400 - {'error': {'message': 'The provided messages contain images, but deepseek-r1-distill-llama-70b does not support image inputs.', 'type': 'invalid_request_error', 'param': 'messages', 'code': 'invalid_value'}}","Error code: 400 - {'error': {'message': 'The provided messages contain images, but deepseek-r1-distill-llama-70b does not support image inputs.', 'type': 'invalid_request_error', 'param': 'messages', 'code': 'invalid_value'}}",False,
706_0,deepseek-r1-distill-llama-70b,zero-shot,39,0,0,0,1.4.6|2.1.1|2.4.9|2.4.4|4.1.1|4.1.2|2.4.3|2.4.6|1.3.1|1.4.3,,none,,False,False,False,"Error code: 400 - {'error': {'message': 'The provided messages contain images, but deepseek-r1-distill-llama-70b does not support image inputs.', 'type': 'invalid_request_error', 'param': 'messages', 'code': 'invalid_value'}}","Error code: 400 - {'error': {'message': 'The provided messages contain images, but deepseek-r1-distill-llama-70b does not support image inputs.', 'type': 'invalid_request_error', 'param': 'messages', 'code': 'invalid_value'}}",False,
708_0,deepseek-r1-distill-llama-70b,zero-shot,37,0,0,0,1.4.6|2.1.1|2.4.9|2.4.4|4.1.1|4.1.2|2.4.3|2.4.6|1.3.1|1.4.3,,none,,False,False,False,"Error code: 400 - {'error': {'message': 'The provided messages contain images, but deepseek-r1-distill-llama-70b does not support image inputs.', 'type': 'invalid_request_error', 'param': 'messages', 'code': 'invalid_value'}}","Error code: 400 - {'error': {'message': 'The provided messages contain images, but deepseek-r1-distill-llama-70b does not support image inputs.', 'type': 'invalid_request_error', 'param': 'messages', 'code': 'invalid_value'}}",False,
709_0,deepseek-r1-distill-llama-70b,zero-shot,34,0,0,0,1.4.6|2.1.1|2.4.9|2.4.4|4.1.1|4.1.2|2.4.3|2.4.6|1.3.1|1.4.3,,none,,False,False,False,"Error code: 400 - {'error': {'message': 'The provided messages contain images, but deepseek-r1-distill-llama-70b does not support image inputs.', 'type': 'invalid_request_error', 'param': 'messages', 'code': 'invalid_value'}}","Error code: 400 - {'error': {'message': 'The provided messages contain images, but deepseek-r1-distill-llama-70b does not support image inputs.', 'type': 'invalid_request_error', 'param': 'messages', 'code': 'invalid_value'}}",False,
716_0,deepseek-r1-distill-llama-70b,zero-shot,29,0,0,0,1.4.6|2.1.1|2.4.9|2.4.4|4.1.1|4.1.2|2.4.3|2.4.6|1.3.1|1.4.3,,none,,False,False,False,"Error code: 400 - {'error': {'message': 'The provided messages contain images, but deepseek-r1-distill-llama-70b does not support image inputs.', 'type': 'invalid_request_error', 'param': 'messages', 'code': 'invalid_value'}}","Error code: 400 - {'error': {'message': 'The provided messages contain images, but deepseek-r1-distill-llama-70b does not support image inputs.', 'type': 'invalid_request_error', 'param': 'messages', 'code': 'invalid_value'}}",False,
710_0,deepseek-r1-distill-llama-70b,zero-shot,29,0,0,0,1.4.6|2.1.1|2.4.9|2.4.4|4.1.1|4.1.2|2.4.3|2.4.6|1.3.1|1.4.3,,none,,False,False,False,"Error code: 400 - {'error': {'message': 'The provided messages contain images, but deepseek-r1-distill-llama-70b does not support image inputs.', 'type': 'invalid_request_error', 'param': 'messages', 'code': 'invalid_value'}}","Error code: 400 - {'error': {'message': 'The provided messages contain images, but deepseek-r1-distill-llama-70b does not support image inputs.', 'type': 'invalid_request_error', 'param': 'messages', 'code': 'invalid_value'}}",False,
711_0,deepseek-r1-distill-llama-70b,zero-shot,31,0,0,0,1.4.6|2.1.1|2.4.9|2.4.4|4.1.1|4.1.2|2.4.3|2.4.6|1.3.1|1.4.3,,none,,False,False,False,"Error code: 400 - {'error': {'message': 'The provided messages contain images, but deepseek-r1-distill-llama-70b does not support image inputs.', 'type': 'invalid_request_error', 'param': 'messages', 'code': 'invalid_value'}}","Error code: 400 - {'error': {'message': 'The provided messages contain images, but deepseek-r1-distill-llama-70b does not support image inputs.', 'type': 'invalid_request_error', 'param': 'messages', 'code': 'invalid_value'}}",False,
707_0,deepseek-r1-distill-llama-70b,zero-shot,32,0,0,0,1.4.6|2.1.1|2.4.9|2.4.4|4.1.1|4.1.2|2.4.3|2.4.6|1.3.1|1.4.3,,none,,False,False,False,"Error code: 400 - {'error': {'message': 'The provided messages contain images, but deepseek-r1-distill-llama-70b does not support image inputs.', 'type': 'invalid_request_error', 'param': 'messages', 'code': 'invalid_value'}}","Error code: 400 - {'error': {'message': 'The provided messages contain images, but deepseek-r1-distill-llama-70b does not support image inputs.', 'type': 'invalid_request_error', 'param': 'messages', 'code': 'invalid_value'}}",False,
713_0,deepseek-r1-distill-llama-70b,zero-shot,34,0,0,0,1.4.6|2.1.1|2.4.9|2.4.4|4.1.1|4.1.2|2.4.3|2.4.6|1.3.1|1.4.3,,none,,False,False,False,"Error code: 400 - {'error': {'message': 'The provided messages contain images, but deepseek-r1-distill-llama-70b does not support image inputs.', 'type': 'invalid_request_error', 'param': 'messages', 'code': 'invalid_value'}}","Error code: 400 - {'error': {'message': 'The provided messages contain images, but deepseek-r1-distill-llama-70b does not support image inputs.', 'type': 'invalid_request_error', 'param': 'messages', 'code': 'invalid_value'}}",False,
714_0,deepseek-r1-distill-llama-70b,zero-shot,31,0,0,0,1.4.6|2.1.1|2.4.9|2.4.4|4.1.1|4.1.2|2.4.3|2.4.6|1.3.1|1.4.3,,none,,False,False,False,"Error code: 400 - {'error': {'message': 'The provided messages contain images, but deepseek-r1-distill-llama-70b does not support image inputs.', 'type': 'invalid_request_error', 'param': 'messages', 'code': 'invalid_value'}}","Error code: 400 - {'error': {'message': 'The provided messages contain images, but deepseek-r1-distill-llama-70b does not support image inputs.', 'type': 'invalid_request_error', 'param': 'messages', 'code': 'invalid_value'}}",False,
715_0,deepseek-r1-distill-llama-70b,zero-shot,34,0,0,0,1.4.6|2.1.1|2.4.9|2.4.4|4.1.1|4.1.2|2.4.3|2.4.6|1.3.1|1.4.3,,none,,False,False,False,"Error code: 400 - {'error': {'message': 'The provided messages contain images, but deepseek-r1-distill-llama-70b does not support image inputs.', 'type': 'invalid_request_error', 'param': 'messages', 'code': 'invalid_value'}}","Error code: 400 - {'error': {'message': 'The provided messages contain images, but deepseek-r1-distill-llama-70b does not support image inputs.', 'type': 'invalid_request_error', 'param': 'messages', 'code': 'invalid_value'}}",False,
712_0,deepseek-r1-distill-llama-70b,zero-shot,33,0,0,0,1.4.6|2.1.1|2.4.9|2.4.4|4.1.1|4.1.2|2.4.3|2.4.6|1.3.1|1.4.3,,none,,False,False,False,"Error code: 400 - {'error': {'message': 'The provided messages contain images, but deepseek-r1-distill-llama-70b does not support image inputs.', 'type': 'invalid_request_error', 'param': 'messages', 'code': 'invalid_value'}}","Error code: 400 - {'error': {'message': 'The provided messages contain images, but deepseek-r1-distill-llama-70b does not support image inputs.', 'type': 'invalid_request_error', 'param': 'messages', 'code': 'invalid_value'}}",False,
3871549955_0,deepseek-r1-distill-llama-70b,zero-shot,35,0,0,0,1.4.6|4.1.1,,none,,False,False,False,"Error code: 400 - {'error': {'message': 'The provided messages contain images, but deepseek-r1-distill-llama-70b does not support image inputs.', 'type': 'invalid_request_error', 'param': 'messages', 'code': 'invalid_value'}}","Error code: 400 - {'error': {'message': 'The provided messages contain images, but deepseek-r1-distill-llama-70b does not support image inputs.', 'type': 'invalid_request_error', 'param': 'messages', 'code': 'invalid_value'}}",False,
4643564980_0,deepseek-r1-distill-llama-70b,zero-shot,35,0,0,0,1.4.6|4.1.1,,none,,False,False,False,"Error code: 400 - {'error': {'message': 'The provided messages contain images, but deepseek-r1-distill-llama-70b does not support image inputs.', 'type': 'invalid_request_error', 'param': 'messages', 'code': 'invalid_value'}}","Error code: 400 - {'error': {'message': 'The provided messages contain images, but deepseek-r1-distill-llama-70b does not support image inputs.', 'type': 'invalid_request_error', 'param': 'messages', 'code': 'invalid_value'}}",False,
853326546_0,deepseek-r1-distill-llama-70b,zero-shot,41,0,0,0,1.4.6|4.1.1,,none,,False,False,False,"Error code: 400 - {'error': {'message': 'The provided messages contain images, but deepseek-r1-distill-llama-70b does not support image inputs.', 'type': 'invalid_request_error', 'param': 'messages', 'code': 'invalid_value'}}","Error code: 400 - {'error': {'message': 'The provided messages contain images, but deepseek-r1-distill-llama-70b does not support image inputs.', 'type': 'invalid_request_error', 'param': 'messages', 'code': 'invalid_value'}}",False,
7965215914_0,deepseek-r1-distill-llama-70b,zero-shot,40,0,0,0,1.4.6|4.1.1,,none,,False,False,False,"Error code: 400 - {'error': {'message': 'The provided messages contain images, but deepseek-r1-distill-llama-70b does not support image inputs.', 'type': 'invalid_request_error', 'param': 'messages', 'code': 'invalid_value'}}","Error code: 400 - {'error': {'message': 'The provided messages contain images, but deepseek-r1-distill-llama-70b does not support image inputs.', 'type': 'invalid_request_error', 'param': 'messages', 'code': 'invalid_value'}}",False,
111849147_0,deepseek-r1-distill-llama-70b,zero-shot,42,0,0,0,1.4.6|4.1.1,,none,,False,False,False,"Error code: 400 - {'error': {'message': 'The provided messages contain images, but deepseek-r1-distill-llama-70b does not support image inputs.', 'type': 'invalid_request_error', 'param': 'messages', 'code': 'invalid_value'}}","Error code: 400 - {'error': {'message': 'The provided messages contain images, but deepseek-r1-distill-llama-70b does not support image inputs.', 'type': 'invalid_request_error', 'param': 'messages', 'code': 'invalid_value'}}",False,
2182179087_0,deepseek-r1-distill-llama-70b,zero-shot,32,0,0,0,1.4.6|4.1.1,,none,,False,False,False,"Error code: 400 - {'error': {'message': 'The provided messages contain images, but deepseek-r1-distill-llama-70b does not support image inputs.', 'type': 'invalid_request_error', 'param': 'messages', 'code': 'invalid_value'}}","Error code: 400 - {'error': {'message': 'The provided messages contain images, but deepseek-r1-distill-llama-70b does not support image inputs.', 'type': 'invalid_request_error', 'param': 'messages', 'code': 'invalid_value'}}",False,
37517988_0,deepseek-r1-distill-llama-70b,zero-shot,38,0,0,0,1.4.6|2.1.1|4.1.1|2.4.3,,none,,False,False,False,"Error code: 400 - {'error': {'message': 'The provided messages contain images, but deepseek-r1-distill-llama-70b does not support image inputs.', 'type': 'invalid_request_error', 'param': 'messages', 'code': 'invalid_value'}}","Error code: 400 - {'error': {'message': 'The provided messages contain images, but deepseek-r1-distill-llama-70b does not support image inputs.', 'type': 'invalid_request_error', 'param': 'messages', 'code': 'invalid_value'}}",False,
581517740_0,deepseek-r1-distill-llama-70b,zero-shot,39,0,0,0,1.4.6|4.1.1,,none,,False,False,False,"Error code: 400 - {'error': {'message': 'The provided messages contain images, but deepseek-r1-distill-llama-70b does not support image inputs.', 'type': 'invalid_request_error', 'param': 'messages', 'code': 'invalid_value'}}","Error code: 400 - {'error': {'message': 'The provided messages contain images, but deepseek-r1-distill-llama-70b does not support image inputs.', 'type': 'invalid_request_error', 'param': 'messages', 'code': 'invalid_value'}}",False,
128813600_0,deepseek-r1-distill-llama-70b,zero-shot,39,0,0,0,1.1.1|1.3.1|1.4.6|2.4.4|2.4.9|4.1.2,,none,,False,False,False,"Error code: 400 - {'error': {'message': 'The provided messages contain images, but deepseek-r1-distill-llama-70b does not support image inputs.', 'type': 'invalid_request_error', 'param': 'messages', 'code': 'invalid_value'}}","Error code: 400 - {'error': {'message': 'The provided messages contain images, but deepseek-r1-distill-llama-70b does not support image inputs.', 'type': 'invalid_request_error', 'param': 'messages', 'code': 'invalid_value'}}",False,
1966382623_0,deepseek-r1-distill-llama-70b,zero-shot,46,0,0,0,1.1.1|2.4.1|1.4.6|2.1.1|2.4.9|2.4.4|4.1.1|2.4.3|2.4.6|1.3.1,,none,,False,False,False,"Error code: 400 - {'error': {'message': 'The provided messages contain images, but deepseek-r1-distill-llama-70b does not support image inputs.', 'type': 'invalid_request_error', 'param': 'messages', 'code': 'invalid_value'}}","Error code: 400 - {'error': {'message': 'The provided messages contain images, but deepseek-r1-distill-llama-70b does not support image inputs.', 'type': 'invalid_request_error', 'param': 'messages', 'code': 'invalid_value'}}",False,
515_0,deepseek-r1-distill-llama-70b,zero-shot,32,0,0,0,2.4.3|1.3.1|1.4.6|2.1.1|2.4.4|2.4.9|4.1.2|1.4.3,,none,,False,False,False,"Error code: 400 - {'error': {'message': 'The provided messages contain images, but deepseek-r1-distill-llama-70b does not support image inputs.', 'type': 'invalid_request_error', 'param': 'messages', 'code': 'invalid_value'}}","Error code: 400 - {'error': {'message': 'The provided messages contain images, but deepseek-r1-distill-llama-70b does not support image inputs.', 'type': 'invalid_request_error', 'param': 'messages', 'code': 'invalid_value'}}",False,
516_0,deepseek-r1-distill-llama-70b,zero-shot,39,0,0,0,2.4.3|1.3.1|1.4.6|2.1.1|2.4.4|2.4.9|4.1.2|1.4.3,,none,,False,False,False,"Error code: 400 - {'error': {'message': 'The provided messages contain images, but deepseek-r1-distill-llama-70b does not support image inputs.', 'type': 'invalid_request_error', 'param': 'messages', 'code': 'invalid_value'}}","Error code: 400 - {'error': {'message': 'The provided messages contain images, but deepseek-r1-distill-llama-70b does not support image inputs.', 'type': 'invalid_request_error', 'param': 'messages', 'code': 'invalid_value'}}",False,
517_0,deepseek-r1-distill-llama-70b,zero-shot,40,0,0,0,2.4.3|1.3.1|1.4.6|2.1.1|2.4.4|2.4.9|4.1.2|1.4.3,,none,,False,False,False,"Error code: 400 - {'error': {'message': 'The provided messages contain images, but deepseek-r1-distill-llama-70b does not support image inputs.', 'type': 'invalid_request_error', 'param': 'messages', 'code': 'invalid_value'}}","Error code: 400 - {'error': {'message': 'The provided messages contain images, but deepseek-r1-distill-llama-70b does not support image inputs.', 'type': 'invalid_request_error', 'param': 'messages', 'code': 'invalid_value'}}",False,
5627013288_0,deepseek-r1-distill-llama-70b,zero-shot,40,0,0,0,1.4.6|2.4.9|2.4.4|4.1.1|4.1.2|2.4.6|1.3.1|1.4.3,,none,,False,False,False,"Error code: 400 - {'error': {'message': 'The provided messages contain images, but deepseek-r1-distill-llama-70b does not support image inputs.', 'type': 'invalid_request_error', 'param': 'messages', 'code': 'invalid_value'}}","Error code: 400 - {'error': {'message': 'The provided messages contain images, but deepseek-r1-distill-llama-70b does not support image inputs.', 'type': 'invalid_request_error', 'param': 'messages', 'code': 'invalid_value'}}",False,
8654682977_0,deepseek-r1-distill-llama-70b,zero-shot,42,0,0,0,2.4.6|1.1.1|1.3.1|1.4.6|4.1.1|4.1.2,,none,,False,False,False,"Error code: 400 - {'error': {'message': 'The provided messages contain images, but deepseek-r1-distill-llama-70b does not support image inputs.', 'type': 'invalid_request_error', 'param': 'messages', 'code': 'invalid_value'}}","Error code: 400 - {'error': {'message': 'The provided messages contain images, but deepseek-r1-distill-llama-70b does not support image inputs.', 'type': 'invalid_request_error', 'param': 'messages', 'code': 'invalid_value'}}",False,
4770170269_0,deepseek-r1-distill-llama-70b,zero-shot,41,0,0,0,1.1.1|1.4.6|2.4.9|2.4.4|4.1.1|4.1.2|2.4.6|1.3.1|3.1.1|1.4.4|1.4.3,,none,,False,False,False,"Error code: 400 - {'error': {'message': 'The provided messages contain images, but deepseek-r1-distill-llama-70b does not support image inputs.', 'type': 'invalid_request_error', 'param': 'messages', 'code': 'invalid_value'}}","Error code: 400 - {'error': {'message': 'The provided messages contain images, but deepseek-r1-distill-llama-70b does not support image inputs.', 'type': 'invalid_request_error', 'param': 'messages', 'code': 'invalid_value'}}",False,
548_0,deepseek-r1-distill-llama-70b,zero-shot,44,0,0,0,1.3.1|3.1.1|1.4.6|4.1.2,,none,,False,False,False,"Error code: 400 - {'error': {'message': 'The provided messages contain images, but deepseek-r1-distill-llama-70b does not support image inputs.', 'type': 'invalid_request_error', 'param': 'messages', 'code': 'invalid_value'}}","Error code: 400 - {'error': {'message': 'The provided messages contain images, but deepseek-r1-distill-llama-70b does not support image inputs.', 'type': 'invalid_request_error', 'param': 'messages', 'code': 'invalid_value'}}",False,
6666281102_0,deepseek-r1-distill-llama-70b,zero-shot,29,0,0,0,1.4.6|2.4.6|1.3.1,,none,,False,False,False,"Error code: 400 - {'error': {'message': 'The provided messages contain images, but deepseek-r1-distill-llama-70b does not support image inputs.', 'type': 'invalid_request_error', 'param': 'messages', 'code': 'invalid_value'}}","Error code: 400 - {'error': {'message': 'The provided messages contain images, but deepseek-r1-distill-llama-70b does not support image inputs.', 'type': 'invalid_request_error', 'param': 'messages', 'code': 'invalid_value'}}",False,
5424827103_0,deepseek-r1-distill-llama-70b,zero-shot,38,0,0,0,1.3.1,,none,,False,False,False,"Error code: 400 - {'error': {'message': 'The provided messages contain images, but deepseek-r1-distill-llama-70b does not support image inputs.', 'type': 'invalid_request_error', 'param': 'messages', 'code': 'invalid_value'}}","Error code: 400 - {'error': {'message': 'The provided messages contain images, but deepseek-r1-distill-llama-70b does not support image inputs.', 'type': 'invalid_request_error', 'param': 'messages', 'code': 'invalid_value'}}",False,
1499175565_0,deepseek-r1-distill-llama-70b,zero-shot,24,0,0,0,1.3.1|3.1.1,,none,,False,False,False,"Error code: 400 - {'error': {'message': 'The provided messages contain images, but deepseek-r1-distill-llama-70b does not support image inputs.', 'type': 'invalid_request_error', 'param': 'messages', 'code': 'invalid_value'}}","Error code: 400 - {'error': {'message': 'The provided messages contain images, but deepseek-r1-distill-llama-70b does not support image inputs.', 'type': 'invalid_request_error', 'param': 'messages', 'code': 'invalid_value'}}",False,
8649911099_0,deepseek-r1-distill-llama-70b,zero-shot,49,0,0,0,1.4.6|1.3.1|1.4.3,,none,,False,False,False,"Error code: 400 - {'error': {'message': 'The provided messages contain images, but deepseek-r1-distill-llama-70b does not support image inputs.', 'type': 'invalid_request_error', 'param': 'messages', 'code': 'invalid_value'}}","Error code: 400 - {'error': {'message': 'The provided messages contain images, but deepseek-r1-distill-llama-70b does not support image inputs.', 'type': 'invalid_request_error', 'param': 'messages', 'code': 'invalid_value'}}",False,
8773059234_0,deepseek-r1-distill-llama-70b,zero-shot,48,0,0,0,2.4.6|1.3.1|1.4.6|4.1.1|4.1.2,,none,,False,False,False,"Error code: 400 - {'error': {'message': 'The provided messages contain images, but deepseek-r1-distill-llama-70b does not support image inputs.', 'type': 'invalid_request_error', 'param': 'messages', 'code': 'invalid_value'}}","Error code: 400 - {'error': {'message': 'The provided messages contain images, but deepseek-r1-distill-llama-70b does not support image inputs.', 'type': 'invalid_request_error', 'param': 'messages', 'code': 'invalid_value'}}",False,
9995023032_0,deepseek-r1-distill-llama-70b,zero-shot,43,0,0,0,1.1.1|2.4.6|1.3.1|1.4.6|1.4.3,,none,,False,False,False,"Error code: 400 - {'error': {'message': 'The provided messages contain images, but deepseek-r1-distill-llama-70b does not support image inputs.', 'type': 'invalid_request_error', 'param': 'messages', 'code': 'invalid_value'}}","Error code: 400 - {'error': {'message': 'The provided messages contain images, but deepseek-r1-distill-llama-70b does not support image inputs.', 'type': 'invalid_request_error', 'param': 'messages', 'code': 'invalid_value'}}",False,
3231484510_0,deepseek-r1-distill-llama-70b,zero-shot,43,0,0,0,1.1.1|2.4.6|3.1.1|1.4.4|1.4.6|2.4.4|2.4.9,,none,,False,False,False,"Error code: 400 - {'error': {'message': 'The provided messages contain images, but deepseek-r1-distill-llama-70b does not support image inputs.', 'type': 'invalid_request_error', 'param': 'messages', 'code': 'invalid_value'}}","Error code: 400 - {'error': {'message': 'The provided messages contain images, but deepseek-r1-distill-llama-70b does not support image inputs.', 'type': 'invalid_request_error', 'param': 'messages', 'code': 'invalid_value'}}",False,
5653019337_0,deepseek-r1-distill-llama-70b,zero-shot,42,0,0,0,1.4.3|1.3.1|2.4.9|1.4.6|2.4.4|4.1.1|4.1.2,,none,,False,False,False,"Error code: 400 - {'error': {'message': 'The provided messages contain images, but deepseek-r1-distill-llama-70b does not support image inputs.', 'type': 'invalid_request_error', 'param': 'messages', 'code': 'invalid_value'}}","Error code: 400 - {'error': {'message': 'The provided messages contain images, but deepseek-r1-distill-llama-70b does not support image inputs.', 'type': 'invalid_request_error', 'param': 'messages', 'code': 'invalid_value'}}",False,
9817868776_0,deepseek-r1-distill-llama-70b,zero-shot,36,0,0,0,1.4.6|1.3.1|1.4.3,,none,,False,False,False,"Error code: 400 - {'error': {'message': 'The provided messages contain images, but deepseek-r1-distill-llama-70b does not support image inputs.', 'type': 'invalid_request_error', 'param': 'messages', 'code': 'invalid_value'}}","Error code: 400 - {'error': {'message': 'The provided messages contain images, but deepseek-r1-distill-llama-70b does not support image inputs.', 'type': 'invalid_request_error', 'param': 'messages', 'code': 'invalid_value'}}",False,
520_0,deepseek-r1-distill-llama-70b,zero-shot,34,0,0,0,2.4.6|1.1.1|1.3.1|1.4.6|4.1.2|1.4.3,,none,,False,False,False,"Error code: 400 - {'error': {'message': 'The provided messages contain images, but deepseek-r1-distill-llama-70b does not support image inputs.', 'type': 'invalid_request_error', 'param': 'messages', 'code': 'invalid_value'}}","Error code: 400 - {'error': {'message': 'The provided messages contain images, but deepseek-r1-distill-llama-70b does not support image inputs.', 'type': 'invalid_request_error', 'param': 'messages', 'code': 'invalid_value'}}",False,
1746488226_0,deepseek-r1-distill-llama-70b,zero-shot,41,0,0,0,1.3.1|1.4.6|4.1.1|4.1.2,,none,,False,False,False,"Error code: 400 - {'error': {'message': 'The provided messages contain images, but deepseek-r1-distill-llama-70b does not support image inputs.', 'type': 'invalid_request_error', 'param': 'messages', 'code': 'invalid_value'}}","Error code: 400 - {'error': {'message': 'The provided messages contain images, but deepseek-r1-distill-llama-70b does not support image inputs.', 'type': 'invalid_request_error', 'param': 'messages', 'code': 'invalid_value'}}",False,
33_0,deepseek-r1-distill-llama-70b,zero-shot,30,0,0,0,1.4.6|2.4.4|2.4.9|4.1.2,,none,,False,False,False,"Error code: 400 - {'error': {'message': 'The provided messages contain images, but deepseek-r1-distill-llama-70b does not support image inputs.', 'type': 'invalid_request_error', 'param': 'messages', 'code': 'invalid_value'}}","Error code: 400 - {'error': {'message': 'The provided messages contain images, but deepseek-r1-distill-llama-70b does not support image inputs.', 'type': 'invalid_request_error', 'param': 'messages', 'code': 'invalid_value'}}",False,
2241802183_0,deepseek-r1-distill-llama-70b,zero-shot,36,0,0,0,1.4.4|1.4.6|2.4.4|2.4.9|4.1.2,,none,,False,False,False,"Error code: 400 - {'error': {'message': 'The provided messages contain images, but deepseek-r1-distill-llama-70b does not support image inputs.', 'type': 'invalid_request_error', 'param': 'messages', 'code': 'invalid_value'}}","Error code: 400 - {'error': {'message': 'The provided messages contain images, but deepseek-r1-distill-llama-70b does not support image inputs.', 'type': 'invalid_request_error', 'param': 'messages', 'code': 'invalid_value'}}",False,
193670859_0,deepseek-r1-distill-llama-70b,zero-shot,38,0,0,0,1.1.1|1.4.6|2.4.9|2.4.4|4.1.1|4.1.2|2.4.6|1.3.1|1.4.3,,none,,False,False,False,"Error code: 400 - {'error': {'message': 'The provided messages contain images, but deepseek-r1-distill-llama-70b does not support image inputs.', 'type': 'invalid_request_error', 'param': 'messages', 'code': 'invalid_value'}}","Error code: 400 - {'error': {'message': 'The provided messages contain images, but deepseek-r1-distill-llama-70b does not support image inputs.', 'type': 'invalid_request_error', 'param': 'messages', 'code': 'invalid_value'}}",False,
331_0,deepseek-r1-distill-llama-70b,zero-shot,28,0,0,0,1.4.6|2.4.6|1.3.1|1.4.3,,none,,False,False,False,"Error code: 400 - {'error': {'message': 'The provided messages contain images, but deepseek-r1-distill-llama-70b does not support image inputs.', 'type': 'invalid_request_error', 'param': 'messages', 'code': 'invalid_value'}}","Error code: 400 - {'error': {'message': 'The provided messages contain images, but deepseek-r1-distill-llama-70b does not support image inputs.', 'type': 'invalid_request_error', 'param': 'messages', 'code': 'invalid_value'}}",False,
318_0,deepseek-r1-distill-llama-70b,zero-shot,42,0,0,0,1.4.6|2.4.4|2.4.9|4.1.2|2.4.6|1.3.1|1.4.3,,none,,False,False,False,"Error code: 400 - {'error': {'message': 'The provided messages contain images, but deepseek-r1-distill-llama-70b does not support image inputs.', 'type': 'invalid_request_error', 'param': 'messages', 'code': 'invalid_value'}}","Error code: 400 - {'error': {'message': 'The provided messages contain images, but deepseek-r1-distill-llama-70b does not support image inputs.', 'type': 'invalid_request_error', 'param': 'messages', 'code': 'invalid_value'}}",False,
8325352647_0,deepseek-r1-distill-llama-70b,zero-shot,28,0,0,0,1.3.1|3.1.1,,none,,False,False,False,"Error code: 400 - {'error': {'message': 'The provided messages contain images, but deepseek-r1-distill-llama-70b does not support image inputs.', 'type': 'invalid_request_error', 'param': 'messages', 'code': 'invalid_value'}}","Error code: 400 - {'error': {'message': 'The provided messages contain images, but deepseek-r1-distill-llama-70b does not support image inputs.', 'type': 'invalid_request_error', 'param': 'messages', 'code': 'invalid_value'}}",False,
364_0,deepseek-r1-distill-llama-70b,zero-shot,37,0,0,0,1.1.1|1.4.6|2.4.9|2.4.4|4.1.1|4.1.2|2.4.6|1.3.1|1.4.4,,none,,False,False,False,"Error code: 400 - {'error': {'message': 'The provided messages contain images, but deepseek-r1-distill-llama-70b does not support image inputs.', 'type': 'invalid_request_error', 'param': 'messages', 'code': 'invalid_value'}}","Error code: 400 - {'error': {'message': 'The provided messages contain images, but deepseek-r1-distill-llama-70b does not support image inputs.', 'type': 'invalid_request_error', 'param': 'messages', 'code': 'invalid_value'}}",False,
6901236114_0,deepseek-r1-distill-llama-70b,zero-shot,33,0,0,0,1.3.1,,none,,False,False,False,"Error code: 400 - {'error': {'message': 'The provided messages contain images, but deepseek-r1-distill-llama-70b does not support image inputs.', 'type': 'invalid_request_error', 'param': 'messages', 'code': 'invalid_value'}}","Error code: 400 - {'error': {'message': 'The provided messages contain images, but deepseek-r1-distill-llama-70b does not support image inputs.', 'type': 'invalid_request_error', 'param': 'messages', 'code': 'invalid_value'}}",False,
1344325832_0,deepseek-r1-distill-llama-70b,zero-shot,47,0,0,0,2.4.3|1.1.1|1.3.1|1.4.6|2.1.1|4.1.1|4.1.2,,none,,False,False,False,"Error code: 400 - {'error': {'message': 'The provided messages contain images, but deepseek-r1-distill-llama-70b does not support image inputs.', 'type': 'invalid_request_error', 'param': 'messages', 'code': 'invalid_value'}}","Error code: 400 - {'error': {'message': 'The provided messages contain images, but deepseek-r1-distill-llama-70b does not support image inputs.', 'type': 'invalid_request_error', 'param': 'messages', 'code': 'invalid_value'}}",False,
1115295724_0,deepseek-r1-distill-llama-70b,zero-shot,36,0,0,0,1.1.1|2.4.6|1.3.1|2.4.9|1.4.6|2.4.4|4.1.1|1.4.3,,none,,False,False,False,"Error code: 400 - {'error': {'message': 'The provided messages contain images, but deepseek-r1-distill-llama-70b does not support image inputs.', 'type': 'invalid_request_error', 'param': 'messages', 'code': 'invalid_value'}}","Error code: 400 - {'error': {'message': 'The provided messages contain images, but deepseek-r1-distill-llama-70b does not support image inputs.', 'type': 'invalid_request_error', 'param': 'messages', 'code': 'invalid_value'}}",False,
5117799549_0,deepseek-r1-distill-llama-70b,zero-shot,39,0,0,0,2.4.6|1.3.1|1.4.4|1.4.6|4.1.2|1.4.3,,none,,False,False,False,"Error code: 400 - {'error': {'message': 'The provided messages contain images, but deepseek-r1-distill-llama-70b does not support image inputs.', 'type': 'invalid_request_error', 'param': 'messages', 'code': 'invalid_value'}}","Error code: 400 - {'error': {'message': 'The provided messages contain images, but deepseek-r1-distill-llama-70b does not support image inputs.', 'type': 'invalid_request_error', 'param': 'messages', 'code': 'invalid_value'}}",False,
4925950366_0,deepseek-r1-distill-llama-70b,zero-shot,30,0,0,0,1.1.1|1.3.1|3.1.1|1.4.4|1.4.6|1.4.3,,none,,False,False,False,"Error code: 400 - {'error': {'message': 'The provided messages contain images, but deepseek-r1-distill-llama-70b does not support image inputs.', 'type': 'invalid_request_error', 'param': 'messages', 'code': 'invalid_value'}}","Error code: 400 - {'error': {'message': 'The provided messages contain images, but deepseek-r1-distill-llama-70b does not support image inputs.', 'type': 'invalid_request_error', 'param': 'messages', 'code': 'invalid_value'}}",False,
1902084907_0,deepseek-r1-distill-llama-70b,zero-shot,48,0,0,0,2.4.6|1.3.1|1.4.6|1.4.3,,none,,False,False,False,"Error code: 400 - {'error': {'message': 'The provided messages contain images, but deepseek-r1-distill-llama-70b does not support image inputs.', 'type': 'invalid_request_error', 'param': 'messages', 'code': 'invalid_value'}}","Error code: 400 - {'error': {'message': 'The provided messages contain images, but deepseek-r1-distill-llama-70b does not support image inputs.', 'type': 'invalid_request_error', 'param': 'messages', 'code': 'invalid_value'}}",False,
8791766791_0,deepseek-r1-distill-llama-70b,zero-shot,31,0,0,0,1.3.1|1.4.6|4.1.2|1.4.3,,none,,False,False,False,"Error code: 400 - {'error': {'message': 'The provided messages contain images, but deepseek-r1-distill-llama-70b does not support image inputs.', 'type': 'invalid_request_error', 'param': 'messages', 'code': 'invalid_value'}}","Error code: 400 - {'error': {'message': 'The provided messages contain images, but deepseek-r1-distill-llama-70b does not support image inputs.', 'type': 'invalid_request_error', 'param': 'messages', 'code': 'invalid_value'}}",False,
529912387_0,deepseek-r1-distill-llama-70b,zero-shot,36,0,0,0,1.3.1|4.1.1,,none,,False,False,False,"Error code: 400 - {'error': {'message': 'The provided messages contain images, but deepseek-r1-distill-llama-70b does not support image inputs.', 'type': 'invalid_request_error', 'param': 'messages', 'code': 'invalid_value'}}","Error code: 400 - {'error': {'message': 'The provided messages contain images, but deepseek-r1-distill-llama-70b does not support image inputs.', 'type': 'invalid_request_error', 'param': 'messages', 'code': 'invalid_value'}}",False,
301_0,deepseek-r1-distill-llama-70b,zero-shot,33,0,0,0,2.4.6|1.3.1|1.4.6|4.1.2|3.3.2,,none,,False,False,False,"Error code: 400 - {'error': {'message': 'The provided messages contain images, but deepseek-r1-distill-llama-70b does not support image inputs.', 'type': 'invalid_request_error', 'param': 'messages', 'code': 'invalid_value'}}","Error code: 400 - {'error': {'message': 'The provided messages contain images, but deepseek-r1-distill-llama-70b does not support image inputs.', 'type': 'invalid_request_error', 'param': 'messages', 'code': 'invalid_value'}}",False,
848513793_0,deepseek-r1-distill-llama-70b,zero-shot,39,0,0,0,1.1.1|1.3.1|1.4.6|4.1.1|4.1.2|1.4.3,,none,,False,False,False,"Error code: 400 - {'error': {'message': 'The provided messages contain images, but deepseek-r1-distill-llama-70b does not support image inputs.', 'type': 'invalid_request_error', 'param': 'messages', 'code': 'invalid_value'}}","Error code: 400 - {'error': {'message': 'The provided messages contain images, but deepseek-r1-distill-llama-70b does not support image inputs.', 'type': 'invalid_request_error', 'param': 'messages', 'code': 'invalid_value'}}",False,
4970188583_0,deepseek-r1-distill-llama-70b,zero-shot,29,0,0,0,1.4.6|4.1.1|1.4.3,,none,,False,False,False,"Error code: 400 - {'error': {'message': 'The provided messages contain images, but deepseek-r1-distill-llama-70b does not support image inputs.', 'type': 'invalid_request_error', 'param': 'messages', 'code': 'invalid_value'}}","Error code: 400 - {'error': {'message': 'The provided messages contain images, but deepseek-r1-distill-llama-70b does not support image inputs.', 'type': 'invalid_request_error', 'param': 'messages', 'code': 'invalid_value'}}",False,
8170624278_0,deepseek-r1-distill-llama-70b,zero-shot,30,0,0,0,1.4.3|1.3.1|2.4.9|1.4.6|2.4.4|4.1.1|4.1.2,,none,,False,False,False,"Error code: 400 - {'error': {'message': 'The provided messages contain images, but deepseek-r1-distill-llama-70b does not support image inputs.', 'type': 'invalid_request_error', 'param': 'messages', 'code': 'invalid_value'}}","Error code: 400 - {'error': {'message': 'The provided messages contain images, but deepseek-r1-distill-llama-70b does not support image inputs.', 'type': 'invalid_request_error', 'param': 'messages', 'code': 'invalid_value'}}",False,
6405568922_0,deepseek-r1-distill-llama-70b,zero-shot,36,0,0,0,1.1.1|1.3.1|2.4.9|1.4.6|2.4.4|4.1.1|1.4.3,,none,,False,False,False,"Error code: 400 - {'error': {'message': 'The provided messages contain images, but deepseek-r1-distill-llama-70b does not support image inputs.', 'type': 'invalid_request_error', 'param': 'messages', 'code': 'invalid_value'}}","Error code: 400 - {'error': {'message': 'The provided messages contain images, but deepseek-r1-distill-llama-70b does not support image inputs.', 'type': 'invalid_request_error', 'param': 'messages', 'code': 'invalid_value'}}",False,
587130571_0,deepseek-r1-distill-llama-70b,zero-shot,29,0,0,0,1.4.6|1.3.1,,none,,False,False,False,"Error code: 400 - {'error': {'message': 'The provided messages contain images, but deepseek-r1-distill-llama-70b does not support image inputs.', 'type': 'invalid_request_error', 'param': 'messages', 'code': 'invalid_value'}}","Error code: 400 - {'error': {'message': 'The provided messages contain images, but deepseek-r1-distill-llama-70b does not support image inputs.', 'type': 'invalid_request_error', 'param': 'messages', 'code': 'invalid_value'}}",False,
3038375729_0,deepseek-r1-distill-llama-70b,zero-shot,24,0,0,0,1.1.1|2.4.6|1.3.1|3.1.1|1.4.4|1.4.6|1.4.3,,none,,False,False,False,"Error code: 400 - {'error': {'message': 'The provided messages contain images, but deepseek-r1-distill-llama-70b does not support image inputs.', 'type': 'invalid_request_error', 'param': 'messages', 'code': 'invalid_value'}}","Error code: 400 - {'error': {'message': 'The provided messages contain images, but deepseek-r1-distill-llama-70b does not support image inputs.', 'type': 'invalid_request_error', 'param': 'messages', 'code': 'invalid_value'}}",False,
7947636348_0,deepseek-r1-distill-llama-70b,zero-shot,32,0,0,0,2.4.6|1.3.1|1.4.6|4.1.1,,none,,False,False,False,"Error code: 400 - {'error': {'message': 'The provided messages contain images, but deepseek-r1-distill-llama-70b does not support image inputs.', 'type': 'invalid_request_error', 'param': 'messages', 'code': 'invalid_value'}}","Error code: 400 - {'error': {'message': 'The provided messages contain images, but deepseek-r1-distill-llama-70b does not support image inputs.', 'type': 'invalid_request_error', 'param': 'messages', 'code': 'invalid_value'}}",False,
2588940216_0,deepseek-r1-distill-llama-70b,zero-shot,37,0,0,0,2.4.6|2.4.2|1.1.1|1.3.1|1.4.6|2.4.4|2.4.9,,none,,False,False,False,"Error code: 400 - {'error': {'message': 'The provided messages contain images, but deepseek-r1-distill-llama-70b does not support image inputs.', 'type': 'invalid_request_error', 'param': 'messages', 'code': 'invalid_value'}}","Error code: 400 - {'error': {'message': 'The provided messages contain images, but deepseek-r1-distill-llama-70b does not support image inputs.', 'type': 'invalid_request_error', 'param': 'messages', 'code': 'invalid_value'}}",False,
21_0,deepseek-r1-distill-llama-70b,zero-shot,33,0,0,0,2.4.3|1.3.1|2.4.9|1.4.6|2.1.1|2.4.4|4.1.1|4.1.2,,none,,False,False,False,"Error code: 400 - {'error': {'message': 'The provided messages contain images, but deepseek-r1-distill-llama-70b does not support image inputs.', 'type': 'invalid_request_error', 'param': 'messages', 'code': 'invalid_value'}}","Error code: 400 - {'error': {'message': 'The provided messages contain images, but deepseek-r1-distill-llama-70b does not support image inputs.', 'type': 'invalid_request_error', 'param': 'messages', 'code': 'invalid_value'}}",False,
7604830192_0,deepseek-r1-distill-llama-70b,zero-shot,35,0,0,0,1.4.6|2.4.9|2.4.4|4.1.1|4.1.2|1.3.1|1.4.3,,none,,False,False,False,"Error code: 400 - {'error': {'message': 'The provided messages contain images, but deepseek-r1-distill-llama-70b does not support image inputs.', 'type': 'invalid_request_error', 'param': 'messages', 'code': 'invalid_value'}}","Error code: 400 - {'error': {'message': 'The provided messages contain images, but deepseek-r1-distill-llama-70b does not support image inputs.', 'type': 'invalid_request_error', 'param': 'messages', 'code': 'invalid_value'}}",False,
276_0,deepseek-r1-distill-llama-70b,zero-shot,51,0,0,0,1.4.6|2.4.6|1.3.1,,none,,False,False,False,"Error code: 400 - {'error': {'message': 'The provided messages contain images, but deepseek-r1-distill-llama-70b does not support image inputs.', 'type': 'invalid_request_error', 'param': 'messages', 'code': 'invalid_value'}}","Error code: 400 - {'error': {'message': 'The provided messages contain images, but deepseek-r1-distill-llama-70b does not support image inputs.', 'type': 'invalid_request_error', 'param': 'messages', 'code': 'invalid_value'}}",False,
1058560753_0,deepseek-r1-distill-llama-70b,zero-shot,34,0,0,0,1.4.6,,none,,False,False,False,"Error code: 400 - {'error': {'message': 'The provided messages contain images, but deepseek-r1-distill-llama-70b does not support image inputs.', 'type': 'invalid_request_error', 'param': 'messages', 'code': 'invalid_value'}}","Error code: 400 - {'error': {'message': 'The provided messages contain images, but deepseek-r1-distill-llama-70b does not support image inputs.', 'type': 'invalid_request_error', 'param': 'messages', 'code': 'invalid_value'}}",False,
1248925021_0,deepseek-r1-distill-llama-70b,zero-shot,33,0,0,0,1.1.1|1.4.6|2.4.4|2.4.9|4.1.2|1.3.5|2.4.6|1.3.1|1.4.3,,none,,False,False,False,"Error code: 400 - {'error': {'message': 'The provided messages contain images, but deepseek-r1-distill-llama-70b does not support image inputs.', 'type': 'invalid_request_error', 'param': 'messages', 'code': 'invalid_value'}}","Error code: 400 - {'error': {'message': 'The provided messages contain images, but deepseek-r1-distill-llama-70b does not support image inputs.', 'type': 'invalid_request_error', 'param': 'messages', 'code': 'invalid_value'}}",False,
9053765347_0,deepseek-r1-distill-llama-70b,zero-shot,38,0,0,0,1.4.6|1.1.1|4.1.2,,none,,False,False,False,"Error code: 400 - {'error': {'message': 'The provided messages contain images, but deepseek-r1-distill-llama-70b does not support image inputs.', 'type': 'invalid_request_error', 'param': 'messages', 'code': 'invalid_value'}}","Error code: 400 - {'error': {'message': 'The provided messages contain images, but deepseek-r1-distill-llama-70b does not support image inputs.', 'type': 'invalid_request_error', 'param': 'messages', 'code': 'invalid_value'}}",False,
113_0,deepseek-r1-distill-llama-70b,zero-shot,33,0,0,0,1.3.1|1.4.6|2.4.4|2.4.9|1.4.3,,none,,False,False,False,"Error code: 400 - {'error': {'message': 'The provided messages contain images, but deepseek-r1-distill-llama-70b does not support image inputs.', 'type': 'invalid_request_error', 'param': 'messages', 'code': 'invalid_value'}}","Error code: 400 - {'error': {'message': 'The provided messages contain images, but deepseek-r1-distill-llama-70b does not support image inputs.', 'type': 'invalid_request_error', 'param': 'messages', 'code': 'invalid_value'}}",False,
2542497289_0,deepseek-r1-distill-llama-70b,zero-shot,28,0,0,0,2.4.6|2.4.2|1.3.1|3.1.1,,none,,False,False,False,"Error code: 400 - {'error': {'message': 'The provided messages contain images, but deepseek-r1-distill-llama-70b does not support image inputs.', 'type': 'invalid_request_error', 'param': 'messages', 'code': 'invalid_value'}}","Error code: 400 - {'error': {'message': 'The provided messages contain images, but deepseek-r1-distill-llama-70b does not support image inputs.', 'type': 'invalid_request_error', 'param': 'messages', 'code': 'invalid_value'}}",False,
9752502690_0,deepseek-r1-distill-llama-70b,zero-shot,63,0,0,0,1.4.6|2.4.9|2.4.4|4.1.1|4.1.2|1.3.1|1.4.4|1.4.3,,none,,False,False,False,"Error code: 400 - {'error': {'message': 'The provided messages contain images, but deepseek-r1-distill-llama-70b does not support image inputs.', 'type': 'invalid_request_error', 'param': 'messages', 'code': 'invalid_value'}}","Error code: 400 - {'error': {'message': 'The provided messages contain images, but deepseek-r1-distill-llama-70b does not support image inputs.', 'type': 'invalid_request_error', 'param': 'messages', 'code': 'invalid_value'}}",False,
281_0,deepseek-r1-distill-llama-70b,zero-shot,30,0,0,0,1.3.1|1.4.6|4.1.1|4.1.2|1.4.3,,none,,False,False,False,"Error code: 400 - {'error': {'message': 'The provided messages contain images, but deepseek-r1-distill-llama-70b does not support image inputs.', 'type': 'invalid_request_error', 'param': 'messages', 'code': 'invalid_value'}}","Error code: 400 - {'error': {'message': 'The provided messages contain images, but deepseek-r1-distill-llama-70b does not support image inputs.', 'type': 'invalid_request_error', 'param': 'messages', 'code': 'invalid_value'}}",False,
1041759486_0,deepseek-r1-distill-llama-70b,zero-shot,45,0,0,0,1.4.6|1.3.1|4.1.2,,none,,False,False,False,"Error code: 400 - {'error': {'message': 'The provided messages contain images, but deepseek-r1-distill-llama-70b does not support image inputs.', 'type': 'invalid_request_error', 'param': 'messages', 'code': 'invalid_value'}}","Error code: 400 - {'error': {'message': 'The provided messages contain images, but deepseek-r1-distill-llama-70b does not support image inputs.', 'type': 'invalid_request_error', 'param': 'messages', 'code': 'invalid_value'}}",False,
9936752400_0,deepseek-r1-distill-llama-70b,zero-shot,35,0,0,0,1.1.1|2.4.6|1.3.1|2.4.1|1.4.6|2.4.4|2.4.9,,none,,False,False,False,"Error code: 400 - {'error': {'message': 'The provided messages contain images, but deepseek-r1-distill-llama-70b does not support image inputs.', 'type': 'invalid_request_error', 'param': 'messages', 'code': 'invalid_value'}}","Error code: 400 - {'error': {'message': 'The provided messages contain images, but deepseek-r1-distill-llama-70b does not support image inputs.', 'type': 'invalid_request_error', 'param': 'messages', 'code': 'invalid_value'}}",False,
1036859048_0,deepseek-r1-distill-llama-70b,zero-shot,42,0,0,0,1.3.1|2.4.9|1.4.6|2.4.4|4.1.1,,none,,False,False,False,"Error code: 400 - {'error': {'message': 'The provided messages contain images, but deepseek-r1-distill-llama-70b does not support image inputs.', 'type': 'invalid_request_error', 'param': 'messages', 'code': 'invalid_value'}}","Error code: 400 - {'error': {'message': 'The provided messages contain images, but deepseek-r1-distill-llama-70b does not support image inputs.', 'type': 'invalid_request_error', 'param': 'messages', 'code': 'invalid_value'}}",False,
2178564963_0,deepseek-r1-distill-llama-70b,zero-shot,31,0,0,0,2.4.6,,none,,False,False,False,"Error code: 400 - {'error': {'message': 'The provided messages contain images, but deepseek-r1-distill-llama-70b does not support image inputs.', 'type': 'invalid_request_error', 'param': 'messages', 'code': 'invalid_value'}}","Error code: 400 - {'error': {'message': 'The provided messages contain images, but deepseek-r1-distill-llama-70b does not support image inputs.', 'type': 'invalid_request_error', 'param': 'messages', 'code': 'invalid_value'}}",False,
8728895407_0,deepseek-r1-distill-llama-70b,zero-shot,29,0,0,0,1.3.1,,none,,False,False,False,"Error code: 400 - {'error': {'message': 'The provided messages contain images, but deepseek-r1-distill-llama-70b does not support image inputs.', 'type': 'invalid_request_error', 'param': 'messages', 'code': 'invalid_value'}}","Error code: 400 - {'error': {'message': 'The provided messages contain images, but deepseek-r1-distill-llama-70b does not support image inputs.', 'type': 'invalid_request_error', 'param': 'messages', 'code': 'invalid_value'}}",False,
4843063990_0,deepseek-r1-distill-llama-70b,zero-shot,34,0,0,0,1.4.6,,none,,False,False,False,"Error code: 400 - {'error': {'message': 'The provided messages contain images, but deepseek-r1-distill-llama-70b does not support image inputs.', 'type': 'invalid_request_error', 'param': 'messages', 'code': 'invalid_value'}}","Error code: 400 - {'error': {'message': 'The provided messages contain images, but deepseek-r1-distill-llama-70b does not support image inputs.', 'type': 'invalid_request_error', 'param': 'messages', 'code': 'invalid_value'}}",False,
1539544757_0,deepseek-r1-distill-llama-70b,zero-shot,44,0,0,0,1.4.6|2.4.6|1.3.1,,none,,False,False,False,"Error code: 400 - {'error': {'message': 'The provided messages contain images, but deepseek-r1-distill-llama-70b does not support image inputs.', 'type': 'invalid_request_error', 'param': 'messages', 'code': 'invalid_value'}}","Error code: 400 - {'error': {'message': 'The provided messages contain images, but deepseek-r1-distill-llama-70b does not support image inputs.', 'type': 'invalid_request_error', 'param': 'messages', 'code': 'invalid_value'}}",False,
96_0,deepseek-r1-distill-llama-70b,zero-shot,43,0,0,0,1.1.1|1.3.1|4.1.1|4.1.2,,none,,False,False,False,"Error code: 400 - {'error': {'message': 'The provided messages contain images, but deepseek-r1-distill-llama-70b does not support image inputs.', 'type': 'invalid_request_error', 'param': 'messages', 'code': 'invalid_value'}}","Error code: 400 - {'error': {'message': 'The provided messages contain images, but deepseek-r1-distill-llama-70b does not support image inputs.', 'type': 'invalid_request_error', 'param': 'messages', 'code': 'invalid_value'}}",False,
3150148978_0,deepseek-r1-distill-llama-70b,zero-shot,38,0,0,0,1.4.6|1.3.1,,none,,False,False,False,"Error code: 400 - {'error': {'message': 'The provided messages contain images, but deepseek-r1-distill-llama-70b does not support image inputs.', 'type': 'invalid_request_error', 'param': 'messages', 'code': 'invalid_value'}}","Error code: 400 - {'error': {'message': 'The provided messages contain images, but deepseek-r1-distill-llama-70b does not support image inputs.', 'type': 'invalid_request_error', 'param': 'messages', 'code': 'invalid_value'}}",False,
1270397352_0,deepseek-r1-distill-llama-70b,zero-shot,33,0,0,0,1.3.1,,none,,False,False,False,"Error code: 400 - {'error': {'message': 'The provided messages contain images, but deepseek-r1-distill-llama-70b does not support image inputs.', 'type': 'invalid_request_error', 'param': 'messages', 'code': 'invalid_value'}}","Error code: 400 - {'error': {'message': 'The provided messages contain images, but deepseek-r1-distill-llama-70b does not support image inputs.', 'type': 'invalid_request_error', 'param': 'messages', 'code': 'invalid_value'}}",False,
8437119697_0,deepseek-r1-distill-llama-70b,zero-shot,41,0,0,0,1.3.1|1.4.6|2.4.4|2.4.9|4.1.2,,none,,False,False,False,"Error code: 400 - {'error': {'message': 'The provided messages contain images, but deepseek-r1-distill-llama-70b does not support image inputs.', 'type': 'invalid_request_error', 'param': 'messages', 'code': 'invalid_value'}}","Error code: 400 - {'error': {'message': 'The provided messages contain images, but deepseek-r1-distill-llama-70b does not support image inputs.', 'type': 'invalid_request_error', 'param': 'messages', 'code': 'invalid_value'}}",False,
250_0,deepseek-r1-distill-llama-70b,zero-shot,38,0,0,0,1.3.1,,none,,False,False,False,"Error code: 400 - {'error': {'message': 'The provided messages contain images, but deepseek-r1-distill-llama-70b does not support image inputs.', 'type': 'invalid_request_error', 'param': 'messages', 'code': 'invalid_value'}}","Error code: 400 - {'error': {'message': 'The provided messages contain images, but deepseek-r1-distill-llama-70b does not support image inputs.', 'type': 'invalid_request_error', 'param': 'messages', 'code': 'invalid_value'}}",False,
6465448582_0,deepseek-r1-distill-llama-70b,zero-shot,23,0,0,0,1.3.1|3.1.1,,none,,False,False,False,"Error code: 400 - {'error': {'message': 'The provided messages contain images, but deepseek-r1-distill-llama-70b does not support image inputs.', 'type': 'invalid_request_error', 'param': 'messages', 'code': 'invalid_value'}}","Error code: 400 - {'error': {'message': 'The provided messages contain images, but deepseek-r1-distill-llama-70b does not support image inputs.', 'type': 'invalid_request_error', 'param': 'messages', 'code': 'invalid_value'}}",False,
3731007183_0,deepseek-r1-distill-llama-70b,zero-shot,38,0,0,0,1.1.1|1.3.1|1.4.6|2.4.4|2.4.9|1.4.3,,none,,False,False,False,"Error code: 400 - {'error': {'message': 'The provided messages contain images, but deepseek-r1-distill-llama-70b does not support image inputs.', 'type': 'invalid_request_error', 'param': 'messages', 'code': 'invalid_value'}}","Error code: 400 - {'error': {'message': 'The provided messages contain images, but deepseek-r1-distill-llama-70b does not support image inputs.', 'type': 'invalid_request_error', 'param': 'messages', 'code': 'invalid_value'}}",False,
8818139023_0,deepseek-r1-distill-llama-70b,zero-shot,30,0,0,0,1.3.1|1.4.6|2.4.4|2.4.9|4.1.2|1.4.3,,none,,False,False,False,"Error code: 400 - {'error': {'message': 'The provided messages contain images, but deepseek-r1-distill-llama-70b does not support image inputs.', 'type': 'invalid_request_error', 'param': 'messages', 'code': 'invalid_value'}}","Error code: 400 - {'error': {'message': 'The provided messages contain images, but deepseek-r1-distill-llama-70b does not support image inputs.', 'type': 'invalid_request_error', 'param': 'messages', 'code': 'invalid_value'}}",False,
7124602025_0,deepseek-r1-distill-llama-70b,zero-shot,37,0,0,0,1.1.1|1.4.3|1.3.1|2.4.6|1.4.6|4.1.1|4.1.2,,none,,False,False,False,"Error code: 400 - {'error': {'message': 'The provided messages contain images, but deepseek-r1-distill-llama-70b does not support image inputs.', 'type': 'invalid_request_error', 'param': 'messages', 'code': 'invalid_value'}}","Error code: 400 - {'error': {'message': 'The provided messages contain images, but deepseek-r1-distill-llama-70b does not support image inputs.', 'type': 'invalid_request_error', 'param': 'messages', 'code': 'invalid_value'}}",False,
5827428762_0,deepseek-r1-distill-llama-70b,zero-shot,33,0,0,0,1.4.6|1.4.3,,none,,False,False,False,"Error code: 400 - {'error': {'message': 'The provided messages contain images, but deepseek-r1-distill-llama-70b does not support image inputs.', 'type': 'invalid_request_error', 'param': 'messages', 'code': 'invalid_value'}}","Error code: 400 - {'error': {'message': 'The provided messages contain images, but deepseek-r1-distill-llama-70b does not support image inputs.', 'type': 'invalid_request_error', 'param': 'messages', 'code': 'invalid_value'}}",False,
3377503893_0,deepseek-r1-distill-llama-70b,zero-shot,39,0,0,0,2.4.6|1.4.6|2.4.4|2.4.9|1.4.3,,none,,False,False,False,"Error code: 400 - {'error': {'message': 'The provided messages contain images, but deepseek-r1-distill-llama-70b does not support image inputs.', 'type': 'invalid_request_error', 'param': 'messages', 'code': 'invalid_value'}}","Error code: 400 - {'error': {'message': 'The provided messages contain images, but deepseek-r1-distill-llama-70b does not support image inputs.', 'type': 'invalid_request_error', 'param': 'messages', 'code': 'invalid_value'}}",False,
114166897_0,deepseek-r1-distill-llama-70b,zero-shot,35,0,0,0,1.3.1|3.1.1|1.4.4|1.4.6|1.4.3,,none,,False,False,False,"Error code: 400 - {'error': {'message': 'The provided messages contain images, but deepseek-r1-distill-llama-70b does not support image inputs.', 'type': 'invalid_request_error', 'param': 'messages', 'code': 'invalid_value'}}","Error code: 400 - {'error': {'message': 'The provided messages contain images, but deepseek-r1-distill-llama-70b does not support image inputs.', 'type': 'invalid_request_error', 'param': 'messages', 'code': 'invalid_value'}}",False,
368_0,deepseek-r1-distill-llama-70b,zero-shot,32,0,0,0,1.4.6|1.1.1|1.3.1|2.2.1,,none,,False,False,False,"Error code: 400 - {'error': {'message': 'The provided messages contain images, but deepseek-r1-distill-llama-70b does not support image inputs.', 'type': 'invalid_request_error', 'param': 'messages', 'code': 'invalid_value'}}","Error code: 400 - {'error': {'message': 'The provided messages contain images, but deepseek-r1-distill-llama-70b does not support image inputs.', 'type': 'invalid_request_error', 'param': 'messages', 'code': 'invalid_value'}}",False,
266_0,deepseek-r1-distill-llama-70b,zero-shot,24,0,0,0,1.4.6|1.3.1,,none,,False,False,False,"Error code: 400 - {'error': {'message': 'The provided messages contain images, but deepseek-r1-distill-llama-70b does not support image inputs.', 'type': 'invalid_request_error', 'param': 'messages', 'code': 'invalid_value'}}","Error code: 400 - {'error': {'message': 'The provided messages contain images, but deepseek-r1-distill-llama-70b does not support image inputs.', 'type': 'invalid_request_error', 'param': 'messages', 'code': 'invalid_value'}}",False,
388_0,deepseek-r1-distill-llama-70b,zero-shot,30,0,0,0,1.4.6|2.4.6,,none,,False,False,False,"Error code: 400 - {'error': {'message': 'The provided messages contain images, but deepseek-r1-distill-llama-70b does not support image inputs.', 'type': 'invalid_request_error', 'param': 'messages', 'code': 'invalid_value'}}","Error code: 400 - {'error': {'message': 'The provided messages contain images, but deepseek-r1-distill-llama-70b does not support image inputs.', 'type': 'invalid_request_error', 'param': 'messages', 'code': 'invalid_value'}}",False,
259_0,deepseek-r1-distill-llama-70b,zero-shot,44,0,0,0,1.3.1|1.4.6|4.1.1|4.1.2|1.4.3,,none,,False,False,False,"Error code: 400 - {'error': {'message': 'The provided messages contain images, but deepseek-r1-distill-llama-70b does not support image inputs.', 'type': 'invalid_request_error', 'param': 'messages', 'code': 'invalid_value'}}","Error code: 400 - {'error': {'message': 'The provided messages contain images, but deepseek-r1-distill-llama-70b does not support image inputs.', 'type': 'invalid_request_error', 'param': 'messages', 'code': 'invalid_value'}}",False,
249_0,deepseek-r1-distill-llama-70b,zero-shot,40,0,0,0,2.4.6|1.3.1|1.4.6|4.1.1|4.1.2|1.4.3,,none,,False,False,False,"Error code: 400 - {'error': {'message': 'The provided messages contain images, but deepseek-r1-distill-llama-70b does not support image inputs.', 'type': 'invalid_request_error', 'param': 'messages', 'code': 'invalid_value'}}","Error code: 400 - {'error': {'message': 'The provided messages contain images, but deepseek-r1-distill-llama-70b does not support image inputs.', 'type': 'invalid_request_error', 'param': 'messages', 'code': 'invalid_value'}}",False,
5008414810_0,deepseek-r1-distill-llama-70b,zero-shot,37,0,0,0,2.4.3|1.3.1|1.4.6|2.1.1|4.1.1|4.1.2,,none,,False,False,False,"Error code: 400 - {'error': {'message': 'The provided messages contain images, but deepseek-r1-distill-llama-70b does not support image inputs.', 'type': 'invalid_request_error', 'param': 'messages', 'code': 'invalid_value'}}","Error code: 400 - {'error': {'message': 'The provided messages contain images, but deepseek-r1-distill-llama-70b does not support image inputs.', 'type': 'invalid_request_error', 'param': 'messages', 'code': 'invalid_value'}}",False,
5653366561_0,deepseek-r1-distill-llama-70b,zero-shot,34,0,0,0,1.1.1|1.4.6|2.4.9|2.4.4|4.1.1|2.4.6|1.3.1|1.4.4|1.4.3,,none,,False,False,False,"Error code: 400 - {'error': {'message': 'The provided messages contain images, but deepseek-r1-distill-llama-70b does not support image inputs.', 'type': 'invalid_request_error', 'param': 'messages', 'code': 'invalid_value'}}","Error code: 400 - {'error': {'message': 'The provided messages contain images, but deepseek-r1-distill-llama-70b does not support image inputs.', 'type': 'invalid_request_error', 'param': 'messages', 'code': 'invalid_value'}}",False,
3472695288_0,deepseek-r1-distill-llama-70b,zero-shot,45,0,0,0,2.4.6|2.4.1|1.3.1|1.4.6|2.1.1|2.4.3,,none,,False,False,False,"Error code: 400 - {'error': {'message': 'The provided messages contain images, but deepseek-r1-distill-llama-70b does not support image inputs.', 'type': 'invalid_request_error', 'param': 'messages', 'code': 'invalid_value'}}","Error code: 400 - {'error': {'message': 'The provided messages contain images, but deepseek-r1-distill-llama-70b does not support image inputs.', 'type': 'invalid_request_error', 'param': 'messages', 'code': 'invalid_value'}}",False,
2279899774_0,deepseek-r1-distill-llama-70b,zero-shot,26,0,0,0,2.4.6|1.3.1|1.4.6|4.1.1|1.4.3,,none,,False,False,False,"Error code: 400 - {'error': {'message': 'The provided messages contain images, but deepseek-r1-distill-llama-70b does not support image inputs.', 'type': 'invalid_request_error', 'param': 'messages', 'code': 'invalid_value'}}","Error code: 400 - {'error': {'message': 'The provided messages contain images, but deepseek-r1-distill-llama-70b does not support image inputs.', 'type': 'invalid_request_error', 'param': 'messages', 'code': 'invalid_value'}}",False,
5318769506_0,deepseek-r1-distill-llama-70b,zero-shot,38,0,0,0,1.4.3|2.4.9|1.4.6|2.4.4|4.1.1|4.1.2,,none,,False,False,False,"Error code: 400 - {'error': {'message': 'The provided messages contain images, but deepseek-r1-distill-llama-70b does not support image inputs.', 'type': 'invalid_request_error', 'param': 'messages', 'code': 'invalid_value'}}","Error code: 400 - {'error': {'message': 'The provided messages contain images, but deepseek-r1-distill-llama-70b does not support image inputs.', 'type': 'invalid_request_error', 'param': 'messages', 'code': 'invalid_value'}}",False,
255_0,deepseek-r1-distill-llama-70b,zero-shot,25,0,0,0,1.3.1|3.1.1,,none,,False,False,False,"Error code: 400 - {'error': {'message': 'The provided messages contain images, but deepseek-r1-distill-llama-70b does not support image inputs.', 'type': 'invalid_request_error', 'param': 'messages', 'code': 'invalid_value'}}","Error code: 400 - {'error': {'message': 'The provided messages contain images, but deepseek-r1-distill-llama-70b does not support image inputs.', 'type': 'invalid_request_error', 'param': 'messages', 'code': 'invalid_value'}}",False,
3951256293_0,deepseek-r1-distill-llama-70b,zero-shot,43,0,0,0,1.1.1|1.4.6|2.4.4|2.4.9|4.1.2|1.4.3,,none,,False,False,False,"Error code: 400 - {'error': {'message': 'The provided messages contain images, but deepseek-r1-distill-llama-70b does not support image inputs.', 'type': 'invalid_request_error', 'param': 'messages', 'code': 'invalid_value'}}","Error code: 400 - {'error': {'message': 'The provided messages contain images, but deepseek-r1-distill-llama-70b does not support image inputs.', 'type': 'invalid_request_error', 'param': 'messages', 'code': 'invalid_value'}}",False,
258_0,deepseek-r1-distill-llama-70b,zero-shot,39,0,0,0,1.3.1|1.4.6|4.1.1|4.1.2|1.4.3,,none,,False,False,False,"Error code: 400 - {'error': {'message': 'The provided messages contain images, but deepseek-r1-distill-llama-70b does not support image inputs.', 'type': 'invalid_request_error', 'param': 'messages', 'code': 'invalid_value'}}","Error code: 400 - {'error': {'message': 'The provided messages contain images, but deepseek-r1-distill-llama-70b does not support image inputs.', 'type': 'invalid_request_error', 'param': 'messages', 'code': 'invalid_value'}}",False,
339464061_0,deepseek-r1-distill-llama-70b,zero-shot,40,0,0,0,1.1.1|1.3.1|1.4.6|4.1.1|4.1.2,,none,,False,False,False,"Error code: 400 - {'error': {'message': 'The provided messages contain images, but deepseek-r1-distill-llama-70b does not support image inputs.', 'type': 'invalid_request_error', 'param': 'messages', 'code': 'invalid_value'}}","Error code: 400 - {'error': {'message': 'The provided messages contain images, but deepseek-r1-distill-llama-70b does not support image inputs.', 'type': 'invalid_request_error', 'param': 'messages', 'code': 'invalid_value'}}",False,
319_0,deepseek-r1-distill-llama-70b,zero-shot,41,0,0,0,1.4.6|1.1.1|1.3.1,,none,,False,False,False,"Error code: 400 - {'error': {'message': 'The provided messages contain images, but deepseek-r1-distill-llama-70b does not support image inputs.', 'type': 'invalid_request_error', 'param': 'messages', 'code': 'invalid_value'}}","Error code: 400 - {'error': {'message': 'The provided messages contain images, but deepseek-r1-distill-llama-70b does not support image inputs.', 'type': 'invalid_request_error', 'param': 'messages', 'code': 'invalid_value'}}",False,
1782594227_0,deepseek-r1-distill-llama-70b,zero-shot,38,0,0,0,1.3.1,,none,,False,False,False,"Error code: 400 - {'error': {'message': 'The provided messages contain images, but deepseek-r1-distill-llama-70b does not support image inputs.', 'type': 'invalid_request_error', 'param': 'messages', 'code': 'invalid_value'}}","Error code: 400 - {'error': {'message': 'The provided messages contain images, but deepseek-r1-distill-llama-70b does not support image inputs.', 'type': 'invalid_request_error', 'param': 'messages', 'code': 'invalid_value'}}",False,
8491823152_0,deepseek-r1-distill-llama-70b,zero-shot,45,0,0,0,1.1.1|1.4.6|2.1.1|2.4.9|2.4.4|4.1.1|4.1.2|2.4.3|1.3.1|1.4.3,,none,,False,False,False,"Error code: 400 - {'error': {'message': 'The provided messages contain images, but deepseek-r1-distill-llama-70b does not support image inputs.', 'type': 'invalid_request_error', 'param': 'messages', 'code': 'invalid_value'}}","Error code: 400 - {'error': {'message': 'The provided messages contain images, but deepseek-r1-distill-llama-70b does not support image inputs.', 'type': 'invalid_request_error', 'param': 'messages', 'code': 'invalid_value'}}",False,
1488388154_0,deepseek-r1-distill-llama-70b,zero-shot,31,0,0,0,1.4.6|2.4.4|2.4.9|4.1.2,,none,,False,False,False,"Error code: 400 - {'error': {'message': 'The provided messages contain images, but deepseek-r1-distill-llama-70b does not support image inputs.', 'type': 'invalid_request_error', 'param': 'messages', 'code': 'invalid_value'}}","Error code: 400 - {'error': {'message': 'The provided messages contain images, but deepseek-r1-distill-llama-70b does not support image inputs.', 'type': 'invalid_request_error', 'param': 'messages', 'code': 'invalid_value'}}",False,
4246706624_0,deepseek-r1-distill-llama-70b,zero-shot,27,0,0,0,2.4.6|2.4.2|1.3.1|3.1.1,,none,,False,False,False,"Error code: 400 - {'error': {'message': 'The provided messages contain images, but deepseek-r1-distill-llama-70b does not support image inputs.', 'type': 'invalid_request_error', 'param': 'messages', 'code': 'invalid_value'}}","Error code: 400 - {'error': {'message': 'The provided messages contain images, but deepseek-r1-distill-llama-70b does not support image inputs.', 'type': 'invalid_request_error', 'param': 'messages', 'code': 'invalid_value'}}",False,
2103007653_0,deepseek-r1-distill-llama-70b,zero-shot,38,0,0,0,1.4.6|1.3.1|1.4.3,,none,,False,False,False,"Error code: 400 - {'error': {'message': 'The provided messages contain images, but deepseek-r1-distill-llama-70b does not support image inputs.', 'type': 'invalid_request_error', 'param': 'messages', 'code': 'invalid_value'}}","Error code: 400 - {'error': {'message': 'The provided messages contain images, but deepseek-r1-distill-llama-70b does not support image inputs.', 'type': 'invalid_request_error', 'param': 'messages', 'code': 'invalid_value'}}",False,
424_0,deepseek-r1-distill-llama-70b,zero-shot,33,0,0,0,1.4.6|4.1.1,,none,,False,False,False,"Error code: 400 - {'error': {'message': 'The provided messages contain images, but deepseek-r1-distill-llama-70b does not support image inputs.', 'type': 'invalid_request_error', 'param': 'messages', 'code': 'invalid_value'}}","Error code: 400 - {'error': {'message': 'The provided messages contain images, but deepseek-r1-distill-llama-70b does not support image inputs.', 'type': 'invalid_request_error', 'param': 'messages', 'code': 'invalid_value'}}",False,
2839400116_0,deepseek-r1-distill-llama-70b,zero-shot,35,0,0,0,2.4.6|1.3.1|2.4.9|1.4.6|2.4.4|4.1.1|1.4.3,,none,,False,False,False,"Error code: 400 - {'error': {'message': 'The provided messages contain images, but deepseek-r1-distill-llama-70b does not support image inputs.', 'type': 'invalid_request_error', 'param': 'messages', 'code': 'invalid_value'}}","Error code: 400 - {'error': {'message': 'The provided messages contain images, but deepseek-r1-distill-llama-70b does not support image inputs.', 'type': 'invalid_request_error', 'param': 'messages', 'code': 'invalid_value'}}",False,
5052508376_0,deepseek-r1-distill-llama-70b,zero-shot,39,0,0,0,1.3.1|2.4.9|1.4.6|2.4.4|4.1.1,,none,,False,False,False,"Error code: 400 - {'error': {'message': 'The provided messages contain images, but deepseek-r1-distill-llama-70b does not support image inputs.', 'type': 'invalid_request_error', 'param': 'messages', 'code': 'invalid_value'}}","Error code: 400 - {'error': {'message': 'The provided messages contain images, but deepseek-r1-distill-llama-70b does not support image inputs.', 'type': 'invalid_request_error', 'param': 'messages', 'code': 'invalid_value'}}",False,
4840230107_0,deepseek-r1-distill-llama-70b,zero-shot,44,0,0,0,1.1.1|1.3.1|1.4.6|2.4.4|2.4.9|4.1.2|1.4.3,,none,,False,False,False,"Error code: 400 - {'error': {'message': 'The provided messages contain images, but deepseek-r1-distill-llama-70b does not support image inputs.', 'type': 'invalid_request_error', 'param': 'messages', 'code': 'invalid_value'}}","Error code: 400 - {'error': {'message': 'The provided messages contain images, but deepseek-r1-distill-llama-70b does not support image inputs.', 'type': 'invalid_request_error', 'param': 'messages', 'code': 'invalid_value'}}",False,
7100506634_0,deepseek-r1-distill-llama-70b,zero-shot,33,0,0,0,1.4.6|1.3.1,,none,,False,False,False,"Error code: 400 - {'error': {'message': 'The provided messages contain images, but deepseek-r1-distill-llama-70b does not support image inputs.', 'type': 'invalid_request_error', 'param': 'messages', 'code': 'invalid_value'}}","Error code: 400 - {'error': {'message': 'The provided messages contain images, but deepseek-r1-distill-llama-70b does not support image inputs.', 'type': 'invalid_request_error', 'param': 'messages', 'code': 'invalid_value'}}",False,
4763170911_0,deepseek-r1-distill-llama-70b,zero-shot,38,0,0,0,1.1.1|1.4.6|2.4.9|2.4.4|4.1.1|4.1.2|1.3.1|1.4.3,,none,,False,False,False,"Error code: 400 - {'error': {'message': 'The provided messages contain images, but deepseek-r1-distill-llama-70b does not support image inputs.', 'type': 'invalid_request_error', 'param': 'messages', 'code': 'invalid_value'}}","Error code: 400 - {'error': {'message': 'The provided messages contain images, but deepseek-r1-distill-llama-70b does not support image inputs.', 'type': 'invalid_request_error', 'param': 'messages', 'code': 'invalid_value'}}",False,
275_0,deepseek-r1-distill-llama-70b,zero-shot,33,0,0,0,1.1.1|2.4.2|1.3.1|2.4.6|3.1.1,,none,,False,False,False,"Error code: 400 - {'error': {'message': 'The provided messages contain images, but deepseek-r1-distill-llama-70b does not support image inputs.', 'type': 'invalid_request_error', 'param': 'messages', 'code': 'invalid_value'}}","Error code: 400 - {'error': {'message': 'The provided messages contain images, but deepseek-r1-distill-llama-70b does not support image inputs.', 'type': 'invalid_request_error', 'param': 'messages', 'code': 'invalid_value'}}",False,
3629420269_0,deepseek-r1-distill-llama-70b,zero-shot,47,0,0,0,1.4.6|4.1.1|1.4.3,,none,,False,False,False,"Error code: 400 - {'error': {'message': 'The provided messages contain images, but deepseek-r1-distill-llama-70b does not support image inputs.', 'type': 'invalid_request_error', 'param': 'messages', 'code': 'invalid_value'}}","Error code: 400 - {'error': {'message': 'The provided messages contain images, but deepseek-r1-distill-llama-70b does not support image inputs.', 'type': 'invalid_request_error', 'param': 'messages', 'code': 'invalid_value'}}",False,
2001421671_0,deepseek-r1-distill-llama-70b,zero-shot,43,0,0,0,1.4.6|1.3.1|4.1.2,,none,,False,False,False,"Error code: 400 - {'error': {'message': 'The provided messages contain images, but deepseek-r1-distill-llama-70b does not support image inputs.', 'type': 'invalid_request_error', 'param': 'messages', 'code': 'invalid_value'}}","Error code: 400 - {'error': {'message': 'The provided messages contain images, but deepseek-r1-distill-llama-70b does not support image inputs.', 'type': 'invalid_request_error', 'param': 'messages', 'code': 'invalid_value'}}",False,
2761488864_0,deepseek-r1-distill-llama-70b,zero-shot,38,0,0,0,2.4.6|1.1.1|1.3.1|1.4.6|2.4.4|2.4.9|1.4.3,,none,,False,False,False,"Error code: 400 - {'error': {'message': 'The provided messages contain images, but deepseek-r1-distill-llama-70b does not support image inputs.', 'type': 'invalid_request_error', 'param': 'messages', 'code': 'invalid_value'}}","Error code: 400 - {'error': {'message': 'The provided messages contain images, but deepseek-r1-distill-llama-70b does not support image inputs.', 'type': 'invalid_request_error', 'param': 'messages', 'code': 'invalid_value'}}",False,
3479547415_0,deepseek-r1-distill-llama-70b,zero-shot,37,0,0,0,1.1.1|2.4.6|1.3.1|1.4.6|2.4.4|2.4.9,,none,,False,False,False,"Error code: 400 - {'error': {'message': 'The provided messages contain images, but deepseek-r1-distill-llama-70b does not support image inputs.', 'type': 'invalid_request_error', 'param': 'messages', 'code': 'invalid_value'}}","Error code: 400 - {'error': {'message': 'The provided messages contain images, but deepseek-r1-distill-llama-70b does not support image inputs.', 'type': 'invalid_request_error', 'param': 'messages', 'code': 'invalid_value'}}",False,
7386667211_0,deepseek-r1-distill-llama-70b,zero-shot,34,0,0,0,1.1.1|1.3.1|4.1.1|4.1.2,,none,,False,False,False,"Error code: 400 - {'error': {'message': 'The provided messages contain images, but deepseek-r1-distill-llama-70b does not support image inputs.', 'type': 'invalid_request_error', 'param': 'messages', 'code': 'invalid_value'}}","Error code: 400 - {'error': {'message': 'The provided messages contain images, but deepseek-r1-distill-llama-70b does not support image inputs.', 'type': 'invalid_request_error', 'param': 'messages', 'code': 'invalid_value'}}",False,
5671992993_0,deepseek-r1-distill-llama-70b,zero-shot,27,0,0,0,1.4.6|2.4.9|2.4.4|4.1.1|4.1.2|2.4.6|1.3.1|1.4.3,,none,,False,False,False,"Error code: 400 - {'error': {'message': 'The provided messages contain images, but deepseek-r1-distill-llama-70b does not support image inputs.', 'type': 'invalid_request_error', 'param': 'messages', 'code': 'invalid_value'}}","Error code: 400 - {'error': {'message': 'The provided messages contain images, but deepseek-r1-distill-llama-70b does not support image inputs.', 'type': 'invalid_request_error', 'param': 'messages', 'code': 'invalid_value'}}",False,
5258548666_0,deepseek-r1-distill-llama-70b,zero-shot,33,0,0,0,1.3.1|3.1.1|1.4.6|2.4.4|2.4.9|1.4.3,,none,,False,False,False,"Error code: 400 - {'error': {'message': 'The provided messages contain images, but deepseek-r1-distill-llama-70b does not support image inputs.', 'type': 'invalid_request_error', 'param': 'messages', 'code': 'invalid_value'}}","Error code: 400 - {'error': {'message': 'The provided messages contain images, but deepseek-r1-distill-llama-70b does not support image inputs.', 'type': 'invalid_request_error', 'param': 'messages', 'code': 'invalid_value'}}",False,
230914312_0,deepseek-r1-distill-llama-70b,zero-shot,26,0,0,0,1.1.1|1.4.6|2.4.4|4.1.1|2.4.9|4.1.2|2.4.6|1.3.1|3.1.1|1.4.3,,none,,False,False,False,"Error code: 400 - {'error': {'message': 'The provided messages contain images, but deepseek-r1-distill-llama-70b does not support image inputs.', 'type': 'invalid_request_error', 'param': 'messages', 'code': 'invalid_value'}}","Error code: 400 - {'error': {'message': 'The provided messages contain images, but deepseek-r1-distill-llama-70b does not support image inputs.', 'type': 'invalid_request_error', 'param': 'messages', 'code': 'invalid_value'}}",False,
7669162755_0,deepseek-r1-distill-llama-70b,zero-shot,47,0,0,0,2.4.6|2.4.9|1.4.6|2.4.4|4.1.1|4.1.2,,none,,False,False,False,"Error code: 400 - {'error': {'message': 'The provided messages contain images, but deepseek-r1-distill-llama-70b does not support image inputs.', 'type': 'invalid_request_error', 'param': 'messages', 'code': 'invalid_value'}}","Error code: 400 - {'error': {'message': 'The provided messages contain images, but deepseek-r1-distill-llama-70b does not support image inputs.', 'type': 'invalid_request_error', 'param': 'messages', 'code': 'invalid_value'}}",False,
401_0,deepseek-r1-distill-llama-70b,zero-shot,44,0,0,0,2.4.4|2.4.6|1.4.6|2.4.9|4.1.1,,none,,False,False,False,"Error code: 400 - {'error': {'message': 'The provided messages contain images, but deepseek-r1-distill-llama-70b does not support image inputs.', 'type': 'invalid_request_error', 'param': 'messages', 'code': 'invalid_value'}}","Error code: 400 - {'error': {'message': 'The provided messages contain images, but deepseek-r1-distill-llama-70b does not support image inputs.', 'type': 'invalid_request_error', 'param': 'messages', 'code': 'invalid_value'}}",False,
9402057227_0,deepseek-r1-distill-llama-70b,zero-shot,40,0,0,0,1.4.6,,none,,False,False,False,"Error code: 400 - {'error': {'message': 'The provided messages contain images, but deepseek-r1-distill-llama-70b does not support image inputs.', 'type': 'invalid_request_error', 'param': 'messages', 'code': 'invalid_value'}}","Error code: 400 - {'error': {'message': 'The provided messages contain images, but deepseek-r1-distill-llama-70b does not support image inputs.', 'type': 'invalid_request_error', 'param': 'messages', 'code': 'invalid_value'}}",False,
7443295495_0,deepseek-r1-distill-llama-70b,zero-shot,37,0,0,0,1.4.6|1.4.3,,none,,False,False,False,"Error code: 400 - {'error': {'message': 'The provided messages contain images, but deepseek-r1-distill-llama-70b does not support image inputs.', 'type': 'invalid_request_error', 'param': 'messages', 'code': 'invalid_value'}}","Error code: 400 - {'error': {'message': 'The provided messages contain images, but deepseek-r1-distill-llama-70b does not support image inputs.', 'type': 'invalid_request_error', 'param': 'messages', 'code': 'invalid_value'}}",False,
1850054633_0,deepseek-r1-distill-llama-70b,zero-shot,44,0,0,0,3.3.2|2.4.9|1.4.6|2.4.4|4.1.1|4.1.2|1.4.3,,none,,False,False,False,"Error code: 400 - {'error': {'message': 'The provided messages contain images, but deepseek-r1-distill-llama-70b does not support image inputs.', 'type': 'invalid_request_error', 'param': 'messages', 'code': 'invalid_value'}}","Error code: 400 - {'error': {'message': 'The provided messages contain images, but deepseek-r1-distill-llama-70b does not support image inputs.', 'type': 'invalid_request_error', 'param': 'messages', 'code': 'invalid_value'}}",False,
3962126274_0,deepseek-r1-distill-llama-70b,zero-shot,22,0,0,0,1.3.1|3.1.1,,none,,False,False,False,"Error code: 400 - {'error': {'message': 'The provided messages contain images, but deepseek-r1-distill-llama-70b does not support image inputs.', 'type': 'invalid_request_error', 'param': 'messages', 'code': 'invalid_value'}}","Error code: 400 - {'error': {'message': 'The provided messages contain images, but deepseek-r1-distill-llama-70b does not support image inputs.', 'type': 'invalid_request_error', 'param': 'messages', 'code': 'invalid_value'}}",False,
7273535364_0,deepseek-r1-distill-llama-70b,zero-shot,33,0,0,0,1.1.1|1.3.1|1.4.6|4.1.1|4.1.2,,none,,False,False,False,"Error code: 400 - {'error': {'message': 'The provided messages contain images, but deepseek-r1-distill-llama-70b does not support image inputs.', 'type': 'invalid_request_error', 'param': 'messages', 'code': 'invalid_value'}}","Error code: 400 - {'error': {'message': 'The provided messages contain images, but deepseek-r1-distill-llama-70b does not support image inputs.', 'type': 'invalid_request_error', 'param': 'messages', 'code': 'invalid_value'}}",False,
6479190649_0,deepseek-r1-distill-llama-70b,zero-shot,32,0,0,0,1.1.1|2.4.1|1.4.6|2.1.1|2.4.9|2.4.4|4.1.1|2.4.3|2.4.6|1.3.1,,none,,False,False,False,"Error code: 400 - {'error': {'message': 'The provided messages contain images, but deepseek-r1-distill-llama-70b does not support image inputs.', 'type': 'invalid_request_error', 'param': 'messages', 'code': 'invalid_value'}}","Error code: 400 - {'error': {'message': 'The provided messages contain images, but deepseek-r1-distill-llama-70b does not support image inputs.', 'type': 'invalid_request_error', 'param': 'messages', 'code': 'invalid_value'}}",False,
9394068939_0,deepseek-r1-distill-llama-70b,zero-shot,38,0,0,0,1.3.1|1.4.6|4.1.1|4.1.2,,none,,False,False,False,"Error code: 400 - {'error': {'message': 'The provided messages contain images, but deepseek-r1-distill-llama-70b does not support image inputs.', 'type': 'invalid_request_error', 'param': 'messages', 'code': 'invalid_value'}}","Error code: 400 - {'error': {'message': 'The provided messages contain images, but deepseek-r1-distill-llama-70b does not support image inputs.', 'type': 'invalid_request_error', 'param': 'messages', 'code': 'invalid_value'}}",False,
9995178363_0,deepseek-r1-distill-llama-70b,zero-shot,37,0,0,0,1.1.1|1.3.1|2.4.9|1.4.6|2.4.4|4.1.1|4.1.2,,none,,False,False,False,"Error code: 400 - {'error': {'message': 'The provided messages contain images, but deepseek-r1-distill-llama-70b does not support image inputs.', 'type': 'invalid_request_error', 'param': 'messages', 'code': 'invalid_value'}}","Error code: 400 - {'error': {'message': 'The provided messages contain images, but deepseek-r1-distill-llama-70b does not support image inputs.', 'type': 'invalid_request_error', 'param': 'messages', 'code': 'invalid_value'}}",False,
510_0,deepseek-r1-distill-llama-70b,zero-shot,49,0,0,0,1.4.6|1.1.1|1.3.1,,none,,False,False,False,"Error code: 400 - {'error': {'message': 'The provided messages contain images, but deepseek-r1-distill-llama-70b does not support image inputs.', 'type': 'invalid_request_error', 'param': 'messages', 'code': 'invalid_value'}}","Error code: 400 - {'error': {'message': 'The provided messages contain images, but deepseek-r1-distill-llama-70b does not support image inputs.', 'type': 'invalid_request_error', 'param': 'messages', 'code': 'invalid_value'}}",False,
27_0,deepseek-r1-distill-llama-70b,zero-shot,36,0,0,0,1.4.6|2.4.6|1.3.1,,none,,False,False,False,"Error code: 400 - {'error': {'message': 'The provided messages contain images, but deepseek-r1-distill-llama-70b does not support image inputs.', 'type': 'invalid_request_error', 'param': 'messages', 'code': 'invalid_value'}}","Error code: 400 - {'error': {'message': 'The provided messages contain images, but deepseek-r1-distill-llama-70b does not support image inputs.', 'type': 'invalid_request_error', 'param': 'messages', 'code': 'invalid_value'}}",False,
509_0,deepseek-r1-distill-llama-70b,zero-shot,39,0,0,0,1.1.1|1.3.1|1.4.6|4.1.2,,none,,False,False,False,"Error code: 400 - {'error': {'message': 'The provided messages contain images, but deepseek-r1-distill-llama-70b does not support image inputs.', 'type': 'invalid_request_error', 'param': 'messages', 'code': 'invalid_value'}}","Error code: 400 - {'error': {'message': 'The provided messages contain images, but deepseek-r1-distill-llama-70b does not support image inputs.', 'type': 'invalid_request_error', 'param': 'messages', 'code': 'invalid_value'}}",False,
447677652_0,deepseek-r1-distill-llama-70b,zero-shot,32,0,0,0,2.4.6|1.3.1,,none,,False,False,False,"Error code: 400 - {'error': {'message': 'The provided messages contain images, but deepseek-r1-distill-llama-70b does not support image inputs.', 'type': 'invalid_request_error', 'param': 'messages', 'code': 'invalid_value'}}","Error code: 400 - {'error': {'message': 'The provided messages contain images, but deepseek-r1-distill-llama-70b does not support image inputs.', 'type': 'invalid_request_error', 'param': 'messages', 'code': 'invalid_value'}}",False,
8047369079_0,deepseek-r1-distill-llama-70b,zero-shot,57,0,0,0,1.1.1|1.4.6|4.1.1|4.1.2|2.4.6|1.3.1|1.4.4|1.4.3,,none,,False,False,False,"Error code: 400 - {'error': {'message': 'The provided messages contain images, but deepseek-r1-distill-llama-70b does not support image inputs.', 'type': 'invalid_request_error', 'param': 'messages', 'code': 'invalid_value'}}","Error code: 400 - {'error': {'message': 'The provided messages contain images, but deepseek-r1-distill-llama-70b does not support image inputs.', 'type': 'invalid_request_error', 'param': 'messages', 'code': 'invalid_value'}}",False,
1822721092_0,deepseek-r1-distill-llama-70b,zero-shot,32,0,0,0,2.4.6|2.4.2|1.3.1|1.4.6|2.4.4|2.4.9,,none,,False,False,False,"Error code: 400 - {'error': {'message': 'The provided messages contain images, but deepseek-r1-distill-llama-70b does not support image inputs.', 'type': 'invalid_request_error', 'param': 'messages', 'code': 'invalid_value'}}","Error code: 400 - {'error': {'message': 'The provided messages contain images, but deepseek-r1-distill-llama-70b does not support image inputs.', 'type': 'invalid_request_error', 'param': 'messages', 'code': 'invalid_value'}}",False,
316_0,deepseek-r1-distill-llama-70b,zero-shot,41,0,0,0,2.4.6|1.3.1|1.4.6|2.4.4|2.4.9|1.4.3,,none,,False,False,False,"Error code: 400 - {'error': {'message': 'The provided messages contain images, but deepseek-r1-distill-llama-70b does not support image inputs.', 'type': 'invalid_request_error', 'param': 'messages', 'code': 'invalid_value'}}","Error code: 400 - {'error': {'message': 'The provided messages contain images, but deepseek-r1-distill-llama-70b does not support image inputs.', 'type': 'invalid_request_error', 'param': 'messages', 'code': 'invalid_value'}}",False,
7450209543_0,deepseek-r1-distill-llama-70b,zero-shot,46,0,0,0,1.4.6|2.4.6|1.3.1,,none,,False,False,False,"Error code: 400 - {'error': {'message': 'The provided messages contain images, but deepseek-r1-distill-llama-70b does not support image inputs.', 'type': 'invalid_request_error', 'param': 'messages', 'code': 'invalid_value'}}","Error code: 400 - {'error': {'message': 'The provided messages contain images, but deepseek-r1-distill-llama-70b does not support image inputs.', 'type': 'invalid_request_error', 'param': 'messages', 'code': 'invalid_value'}}",False,
9136224526_0,deepseek-r1-distill-llama-70b,zero-shot,44,0,0,0,1.4.6|1.3.1,,none,,False,False,False,"Error code: 400 - {'error': {'message': 'The provided messages contain images, but deepseek-r1-distill-llama-70b does not support image inputs.', 'type': 'invalid_request_error', 'param': 'messages', 'code': 'invalid_value'}}","Error code: 400 - {'error': {'message': 'The provided messages contain images, but deepseek-r1-distill-llama-70b does not support image inputs.', 'type': 'invalid_request_error', 'param': 'messages', 'code': 'invalid_value'}}",False,
9684391649_0,deepseek-r1-distill-llama-70b,zero-shot,34,0,0,0,1.1.1|1.4.6|2.1.1|2.4.4|2.4.9|2.4.3|2.4.6|1.3.1|3.1.1|1.4.3,,none,,False,False,False,"Error code: 400 - {'error': {'message': 'The provided messages contain images, but deepseek-r1-distill-llama-70b does not support image inputs.', 'type': 'invalid_request_error', 'param': 'messages', 'code': 'invalid_value'}}","Error code: 400 - {'error': {'message': 'The provided messages contain images, but deepseek-r1-distill-llama-70b does not support image inputs.', 'type': 'invalid_request_error', 'param': 'messages', 'code': 'invalid_value'}}",False,
6658823136_0,deepseek-r1-distill-llama-70b,zero-shot,21,0,0,0,1.3.1|1.4.6|4.1.2|1.4.3,,none,,False,False,False,"Error code: 400 - {'error': {'message': 'The provided messages contain images, but deepseek-r1-distill-llama-70b does not support image inputs.', 'type': 'invalid_request_error', 'param': 'messages', 'code': 'invalid_value'}}","Error code: 400 - {'error': {'message': 'The provided messages contain images, but deepseek-r1-distill-llama-70b does not support image inputs.', 'type': 'invalid_request_error', 'param': 'messages', 'code': 'invalid_value'}}",False,
111_0,deepseek-r1-distill-llama-70b,zero-shot,35,0,0,0,2.4.3|1.3.1|1.4.6|2.1.1|1.4.3,,none,,False,False,False,"Error code: 400 - {'error': {'message': 'The provided messages contain images, but deepseek-r1-distill-llama-70b does not support image inputs.', 'type': 'invalid_request_error', 'param': 'messages', 'code': 'invalid_value'}}","Error code: 400 - {'error': {'message': 'The provided messages contain images, but deepseek-r1-distill-llama-70b does not support image inputs.', 'type': 'invalid_request_error', 'param': 'messages', 'code': 'invalid_value'}}",False,
5418069070_0,deepseek-r1-distill-llama-70b,zero-shot,35,0,0,0,2.4.3|2.4.6|1.4.6|2.1.1|4.1.1|4.1.2|1.4.3,,none,,False,False,False,"Error code: 400 - {'error': {'message': 'The provided messages contain images, but deepseek-r1-distill-llama-70b does not support image inputs.', 'type': 'invalid_request_error', 'param': 'messages', 'code': 'invalid_value'}}","Error code: 400 - {'error': {'message': 'The provided messages contain images, but deepseek-r1-distill-llama-70b does not support image inputs.', 'type': 'invalid_request_error', 'param': 'messages', 'code': 'invalid_value'}}",False,
2254872401_0,deepseek-r1-distill-llama-70b,zero-shot,30,0,0,0,2.4.3|2.4.6|1.4.6|2.1.1|4.1.1|4.1.2,,none,,False,False,False,"Error code: 400 - {'error': {'message': 'The provided messages contain images, but deepseek-r1-distill-llama-70b does not support image inputs.', 'type': 'invalid_request_error', 'param': 'messages', 'code': 'invalid_value'}}","Error code: 400 - {'error': {'message': 'The provided messages contain images, but deepseek-r1-distill-llama-70b does not support image inputs.', 'type': 'invalid_request_error', 'param': 'messages', 'code': 'invalid_value'}}",False,
1712224681_0,deepseek-r1-distill-llama-70b,zero-shot,38,0,0,0,2.4.6|1.4.6|1.1.1|1.3.1,,none,,False,False,False,"Error code: 400 - {'error': {'message': 'The provided messages contain images, but deepseek-r1-distill-llama-70b does not support image inputs.', 'type': 'invalid_request_error', 'param': 'messages', 'code': 'invalid_value'}}","Error code: 400 - {'error': {'message': 'The provided messages contain images, but deepseek-r1-distill-llama-70b does not support image inputs.', 'type': 'invalid_request_error', 'param': 'messages', 'code': 'invalid_value'}}",False,
5316008758_0,deepseek-r1-distill-llama-70b,zero-shot,29,0,0,0,1.3.1|1.4.6|4.1.1|4.1.2,,none,,False,False,False,"Error code: 400 - {'error': {'message': 'The provided messages contain images, but deepseek-r1-distill-llama-70b does not support image inputs.', 'type': 'invalid_request_error', 'param': 'messages', 'code': 'invalid_value'}}","Error code: 400 - {'error': {'message': 'The provided messages contain images, but deepseek-r1-distill-llama-70b does not support image inputs.', 'type': 'invalid_request_error', 'param': 'messages', 'code': 'invalid_value'}}",False,
384_0,deepseek-r1-distill-llama-70b,zero-shot,35,0,0,0,1.1.1|1.4.6|2.4.9|2.4.4|4.1.1|4.1.2|1.3.1|1.4.3,,none,,False,False,False,"Error code: 400 - {'error': {'message': 'The provided messages contain images, but deepseek-r1-distill-llama-70b does not support image inputs.', 'type': 'invalid_request_error', 'param': 'messages', 'code': 'invalid_value'}}","Error code: 400 - {'error': {'message': 'The provided messages contain images, but deepseek-r1-distill-llama-70b does not support image inputs.', 'type': 'invalid_request_error', 'param': 'messages', 'code': 'invalid_value'}}",False,
9777552764_0,deepseek-r1-distill-llama-70b,zero-shot,33,0,0,0,1.1.1|1.4.6|2.4.9|2.4.4|4.1.1|4.1.2|1.3.1|1.4.3,,none,,False,False,False,"Error code: 400 - {'error': {'message': 'The provided messages contain images, but deepseek-r1-distill-llama-70b does not support image inputs.', 'type': 'invalid_request_error', 'param': 'messages', 'code': 'invalid_value'}}","Error code: 400 - {'error': {'message': 'The provided messages contain images, but deepseek-r1-distill-llama-70b does not support image inputs.', 'type': 'invalid_request_error', 'param': 'messages', 'code': 'invalid_value'}}",False,
2797271121_0,deepseek-r1-distill-llama-70b,zero-shot,38,0,0,0,1.1.1|1.3.1|1.4.6|4.1.1|1.4.3,,none,,False,False,False,"Error code: 400 - {'error': {'message': 'The provided messages contain images, but deepseek-r1-distill-llama-70b does not support image inputs.', 'type': 'invalid_request_error', 'param': 'messages', 'code': 'invalid_value'}}","Error code: 400 - {'error': {'message': 'The provided messages contain images, but deepseek-r1-distill-llama-70b does not support image inputs.', 'type': 'invalid_request_error', 'param': 'messages', 'code': 'invalid_value'}}",False,
6223584289_0,deepseek-r1-distill-llama-70b,zero-shot,42,0,0,0,1.3.1|1.4.6|4.1.1|1.4.3,,none,,False,False,False,"Error code: 400 - {'error': {'message': 'The provided messages contain images, but deepseek-r1-distill-llama-70b does not support image inputs.', 'type': 'invalid_request_error', 'param': 'messages', 'code': 'invalid_value'}}","Error code: 400 - {'error': {'message': 'The provided messages contain images, but deepseek-r1-distill-llama-70b does not support image inputs.', 'type': 'invalid_request_error', 'param': 'messages', 'code': 'invalid_value'}}",False,
8244832401_0,deepseek-r1-distill-llama-70b,zero-shot,43,0,0,0,2.4.6|1.3.1|1.4.6|4.1.2|1.4.3,,none,,False,False,False,"Error code: 400 - {'error': {'message': 'The provided messages contain images, but deepseek-r1-distill-llama-70b does not support image inputs.', 'type': 'invalid_request_error', 'param': 'messages', 'code': 'invalid_value'}}","Error code: 400 - {'error': {'message': 'The provided messages contain images, but deepseek-r1-distill-llama-70b does not support image inputs.', 'type': 'invalid_request_error', 'param': 'messages', 'code': 'invalid_value'}}",False,
5064908942_0,deepseek-r1-distill-llama-70b,zero-shot,35,0,0,0,2.4.3|2.4.6|1.4.6|2.1.1|4.1.1|4.1.2|1.4.3,,none,,False,False,False,"Error code: 400 - {'error': {'message': 'The provided messages contain images, but deepseek-r1-distill-llama-70b does not support image inputs.', 'type': 'invalid_request_error', 'param': 'messages', 'code': 'invalid_value'}}","Error code: 400 - {'error': {'message': 'The provided messages contain images, but deepseek-r1-distill-llama-70b does not support image inputs.', 'type': 'invalid_request_error', 'param': 'messages', 'code': 'invalid_value'}}",False,
7056899377_0,deepseek-r1-distill-llama-70b,zero-shot,45,0,0,0,1.1.1|1.4.6|2.4.4|2.4.9|4.1.2|1.3.1|3.1.1|1.4.3,,none,,False,False,False,"Error code: 400 - {'error': {'message': 'The provided messages contain images, but deepseek-r1-distill-llama-70b does not support image inputs.', 'type': 'invalid_request_error', 'param': 'messages', 'code': 'invalid_value'}}","Error code: 400 - {'error': {'message': 'The provided messages contain images, but deepseek-r1-distill-llama-70b does not support image inputs.', 'type': 'invalid_request_error', 'param': 'messages', 'code': 'invalid_value'}}",False,
5627798358_0,deepseek-r1-distill-llama-70b,zero-shot,44,0,0,0,1.1.1|1.4.6|2.1.1|2.4.9|2.4.4|4.1.1|4.1.2|2.4.3|1.3.1,,none,,False,False,False,"Error code: 400 - {'error': {'message': 'The provided messages contain images, but deepseek-r1-distill-llama-70b does not support image inputs.', 'type': 'invalid_request_error', 'param': 'messages', 'code': 'invalid_value'}}","Error code: 400 - {'error': {'message': 'The provided messages contain images, but deepseek-r1-distill-llama-70b does not support image inputs.', 'type': 'invalid_request_error', 'param': 'messages', 'code': 'invalid_value'}}",False,
270_0,deepseek-r1-distill-llama-70b,zero-shot,40,0,0,0,1.4.6|1.3.1|4.1.2,,none,,False,False,False,"Error code: 400 - {'error': {'message': 'The provided messages contain images, but deepseek-r1-distill-llama-70b does not support image inputs.', 'type': 'invalid_request_error', 'param': 'messages', 'code': 'invalid_value'}}","Error code: 400 - {'error': {'message': 'The provided messages contain images, but deepseek-r1-distill-llama-70b does not support image inputs.', 'type': 'invalid_request_error', 'param': 'messages', 'code': 'invalid_value'}}",False,
1023432310_0,deepseek-r1-distill-llama-70b,zero-shot,32,0,0,0,1.4.6|2.4.9|2.4.4|4.1.1|4.1.2|2.4.6|1.3.1|1.4.3,,none,,False,False,False,"Error code: 400 - {'error': {'message': 'The provided messages contain images, but deepseek-r1-distill-llama-70b does not support image inputs.', 'type': 'invalid_request_error', 'param': 'messages', 'code': 'invalid_value'}}","Error code: 400 - {'error': {'message': 'The provided messages contain images, but deepseek-r1-distill-llama-70b does not support image inputs.', 'type': 'invalid_request_error', 'param': 'messages', 'code': 'invalid_value'}}",False,
81_0,deepseek-r1-distill-llama-70b,zero-shot,38,0,0,0,1.4.6,,none,,False,False,False,"Error code: 400 - {'error': {'message': 'The provided messages contain images, but deepseek-r1-distill-llama-70b does not support image inputs.', 'type': 'invalid_request_error', 'param': 'messages', 'code': 'invalid_value'}}","Error code: 400 - {'error': {'message': 'The provided messages contain images, but deepseek-r1-distill-llama-70b does not support image inputs.', 'type': 'invalid_request_error', 'param': 'messages', 'code': 'invalid_value'}}",False,
226_0,deepseek-r1-distill-llama-70b,zero-shot,46,0,0,0,2.4.6|1.3.1|1.4.4|1.4.6|2.4.4|2.4.9|1.4.3,,none,,False,False,False,"Error code: 400 - {'error': {'message': 'The provided messages contain images, but deepseek-r1-distill-llama-70b does not support image inputs.', 'type': 'invalid_request_error', 'param': 'messages', 'code': 'invalid_value'}}","Error code: 400 - {'error': {'message': 'The provided messages contain images, but deepseek-r1-distill-llama-70b does not support image inputs.', 'type': 'invalid_request_error', 'param': 'messages', 'code': 'invalid_value'}}",False,
223_0,deepseek-r1-distill-llama-70b,zero-shot,29,0,0,0,1.1.1|2.4.6|1.4.6|2.4.4|2.4.9|4.1.2|1.4.3,,none,,False,False,False,"Error code: 400 - {'error': {'message': 'The provided messages contain images, but deepseek-r1-distill-llama-70b does not support image inputs.', 'type': 'invalid_request_error', 'param': 'messages', 'code': 'invalid_value'}}","Error code: 400 - {'error': {'message': 'The provided messages contain images, but deepseek-r1-distill-llama-70b does not support image inputs.', 'type': 'invalid_request_error', 'param': 'messages', 'code': 'invalid_value'}}",False,
3842572222_0,deepseek-r1-distill-llama-70b,zero-shot,35,0,0,0,1.4.6|4.1.1,,none,,False,False,False,"Error code: 400 - {'error': {'message': 'The provided messages contain images, but deepseek-r1-distill-llama-70b does not support image inputs.', 'type': 'invalid_request_error', 'param': 'messages', 'code': 'invalid_value'}}","Error code: 400 - {'error': {'message': 'The provided messages contain images, but deepseek-r1-distill-llama-70b does not support image inputs.', 'type': 'invalid_request_error', 'param': 'messages', 'code': 'invalid_value'}}",False,
488474617_0,deepseek-r1-distill-llama-70b,zero-shot,32,0,0,0,1.1.1|1.3.1|1.4.6|4.1.1|4.1.2|1.4.3,,none,,False,False,False,"Error code: 400 - {'error': {'message': 'The provided messages contain images, but deepseek-r1-distill-llama-70b does not support image inputs.', 'type': 'invalid_request_error', 'param': 'messages', 'code': 'invalid_value'}}","Error code: 400 - {'error': {'message': 'The provided messages contain images, but deepseek-r1-distill-llama-70b does not support image inputs.', 'type': 'invalid_request_error', 'param': 'messages', 'code': 'invalid_value'}}",False,
9645471193_0,deepseek-r1-distill-llama-70b,zero-shot,50,0,0,0,2.4.6|1.3.1|1.4.6|2.1.1|2.4.3,,none,,False,False,False,"Error code: 400 - {'error': {'message': 'The provided messages contain images, but deepseek-r1-distill-llama-70b does not support image inputs.', 'type': 'invalid_request_error', 'param': 'messages', 'code': 'invalid_value'}}","Error code: 400 - {'error': {'message': 'The provided messages contain images, but deepseek-r1-distill-llama-70b does not support image inputs.', 'type': 'invalid_request_error', 'param': 'messages', 'code': 'invalid_value'}}",False,
9040720038_0,deepseek-r1-distill-llama-70b,zero-shot,34,0,0,0,1.4.6|1.3.1,,none,,False,False,False,"Error code: 400 - {'error': {'message': 'The provided messages contain images, but deepseek-r1-distill-llama-70b does not support image inputs.', 'type': 'invalid_request_error', 'param': 'messages', 'code': 'invalid_value'}}","Error code: 400 - {'error': {'message': 'The provided messages contain images, but deepseek-r1-distill-llama-70b does not support image inputs.', 'type': 'invalid_request_error', 'param': 'messages', 'code': 'invalid_value'}}",False,
997556472_0,deepseek-r1-distill-llama-70b,zero-shot,34,0,0,0,1.4.6|2.4.6|1.3.1,,none,,False,False,False,"Error code: 400 - {'error': {'message': 'The provided messages contain images, but deepseek-r1-distill-llama-70b does not support image inputs.', 'type': 'invalid_request_error', 'param': 'messages', 'code': 'invalid_value'}}","Error code: 400 - {'error': {'message': 'The provided messages contain images, but deepseek-r1-distill-llama-70b does not support image inputs.', 'type': 'invalid_request_error', 'param': 'messages', 'code': 'invalid_value'}}",False,
775058569_0,deepseek-r1-distill-llama-70b,zero-shot,43,0,0,0,2.4.1|1.3.1|1.4.6|2.1.1,,none,,False,False,False,"Error code: 400 - {'error': {'message': 'The provided messages contain images, but deepseek-r1-distill-llama-70b does not support image inputs.', 'type': 'invalid_request_error', 'param': 'messages', 'code': 'invalid_value'}}","Error code: 400 - {'error': {'message': 'The provided messages contain images, but deepseek-r1-distill-llama-70b does not support image inputs.', 'type': 'invalid_request_error', 'param': 'messages', 'code': 'invalid_value'}}",False,
8854230542_0,deepseek-r1-distill-llama-70b,zero-shot,41,0,0,0,1.4.6|1.3.1|4.1.1,,none,,False,False,False,"Error code: 400 - {'error': {'message': 'The provided messages contain images, but deepseek-r1-distill-llama-70b does not support image inputs.', 'type': 'invalid_request_error', 'param': 'messages', 'code': 'invalid_value'}}","Error code: 400 - {'error': {'message': 'The provided messages contain images, but deepseek-r1-distill-llama-70b does not support image inputs.', 'type': 'invalid_request_error', 'param': 'messages', 'code': 'invalid_value'}}",False,
9883619995_0,deepseek-r1-distill-llama-70b,zero-shot,40,0,0,0,1.1.1|1.4.6|2.4.9|2.4.4|4.1.1|2.4.6|1.3.1|1.4.4,,none,,False,False,False,"Error code: 400 - {'error': {'message': 'The provided messages contain images, but deepseek-r1-distill-llama-70b does not support image inputs.', 'type': 'invalid_request_error', 'param': 'messages', 'code': 'invalid_value'}}","Error code: 400 - {'error': {'message': 'The provided messages contain images, but deepseek-r1-distill-llama-70b does not support image inputs.', 'type': 'invalid_request_error', 'param': 'messages', 'code': 'invalid_value'}}",False,
3257894929_0,deepseek-r1-distill-llama-70b,zero-shot,23,0,0,0,1.1.1|1.3.1|4.1.1|4.1.2,,none,,False,False,False,"Error code: 400 - {'error': {'message': 'The provided messages contain images, but deepseek-r1-distill-llama-70b does not support image inputs.', 'type': 'invalid_request_error', 'param': 'messages', 'code': 'invalid_value'}}","Error code: 400 - {'error': {'message': 'The provided messages contain images, but deepseek-r1-distill-llama-70b does not support image inputs.', 'type': 'invalid_request_error', 'param': 'messages', 'code': 'invalid_value'}}",False,
108_0,deepseek-r1-distill-llama-70b,zero-shot,44,0,0,0,1.1.1|1.4.6|2.1.1|2.4.4|2.4.9|4.1.2|2.4.3|1.3.1|1.4.3,,none,,False,False,False,"Error code: 400 - {'error': {'message': 'The provided messages contain images, but deepseek-r1-distill-llama-70b does not support image inputs.', 'type': 'invalid_request_error', 'param': 'messages', 'code': 'invalid_value'}}","Error code: 400 - {'error': {'message': 'The provided messages contain images, but deepseek-r1-distill-llama-70b does not support image inputs.', 'type': 'invalid_request_error', 'param': 'messages', 'code': 'invalid_value'}}",False,
313_0,deepseek-r1-distill-llama-70b,zero-shot,35,0,0,0,1.4.6|1.3.1|1.4.3,,none,,False,False,False,"Error code: 400 - {'error': {'message': 'The provided messages contain images, but deepseek-r1-distill-llama-70b does not support image inputs.', 'type': 'invalid_request_error', 'param': 'messages', 'code': 'invalid_value'}}","Error code: 400 - {'error': {'message': 'The provided messages contain images, but deepseek-r1-distill-llama-70b does not support image inputs.', 'type': 'invalid_request_error', 'param': 'messages', 'code': 'invalid_value'}}",False,
20_0,deepseek-r1-distill-llama-70b,zero-shot,43,0,0,0,1.4.6|1.3.1|4.1.1,,none,,False,False,False,"Error code: 400 - {'error': {'message': 'The provided messages contain images, but deepseek-r1-distill-llama-70b does not support image inputs.', 'type': 'invalid_request_error', 'param': 'messages', 'code': 'invalid_value'}}","Error code: 400 - {'error': {'message': 'The provided messages contain images, but deepseek-r1-distill-llama-70b does not support image inputs.', 'type': 'invalid_request_error', 'param': 'messages', 'code': 'invalid_value'}}",False,
274_0,deepseek-r1-distill-llama-70b,zero-shot,34,0,0,0,1.1.1|1.3.1,,none,,False,False,False,"Error code: 400 - {'error': {'message': 'The provided messages contain images, but deepseek-r1-distill-llama-70b does not support image inputs.', 'type': 'invalid_request_error', 'param': 'messages', 'code': 'invalid_value'}}","Error code: 400 - {'error': {'message': 'The provided messages contain images, but deepseek-r1-distill-llama-70b does not support image inputs.', 'type': 'invalid_request_error', 'param': 'messages', 'code': 'invalid_value'}}",False,
5794675406_0,deepseek-r1-distill-llama-70b,zero-shot,33,0,0,0,1.4.6|2.4.6|1.3.1|4.1.2,,none,,False,False,False,"Error code: 400 - {'error': {'message': 'The provided messages contain images, but deepseek-r1-distill-llama-70b does not support image inputs.', 'type': 'invalid_request_error', 'param': 'messages', 'code': 'invalid_value'}}","Error code: 400 - {'error': {'message': 'The provided messages contain images, but deepseek-r1-distill-llama-70b does not support image inputs.', 'type': 'invalid_request_error', 'param': 'messages', 'code': 'invalid_value'}}",False,
8866935042_0,deepseek-r1-distill-llama-70b,zero-shot,33,0,0,0,2.4.6|1.1.1|4.1.1|4.1.2,,none,,False,False,False,"Error code: 400 - {'error': {'message': 'The provided messages contain images, but deepseek-r1-distill-llama-70b does not support image inputs.', 'type': 'invalid_request_error', 'param': 'messages', 'code': 'invalid_value'}}","Error code: 400 - {'error': {'message': 'The provided messages contain images, but deepseek-r1-distill-llama-70b does not support image inputs.', 'type': 'invalid_request_error', 'param': 'messages', 'code': 'invalid_value'}}",False,
2530989927_0,deepseek-r1-distill-llama-70b,zero-shot,27,0,0,0,1.1.1|1.3.1|1.4.6|2.4.4|2.4.9,,none,,False,False,False,"Error code: 400 - {'error': {'message': 'The provided messages contain images, but deepseek-r1-distill-llama-70b does not support image inputs.', 'type': 'invalid_request_error', 'param': 'messages', 'code': 'invalid_value'}}","Error code: 400 - {'error': {'message': 'The provided messages contain images, but deepseek-r1-distill-llama-70b does not support image inputs.', 'type': 'invalid_request_error', 'param': 'messages', 'code': 'invalid_value'}}",False,
3085396104_0,deepseek-r1-distill-llama-70b,zero-shot,25,0,0,0,2.4.6|2.4.2|1.3.1,,none,,False,False,False,"Error code: 400 - {'error': {'message': 'The provided messages contain images, but deepseek-r1-distill-llama-70b does not support image inputs.', 'type': 'invalid_request_error', 'param': 'messages', 'code': 'invalid_value'}}","Error code: 400 - {'error': {'message': 'The provided messages contain images, but deepseek-r1-distill-llama-70b does not support image inputs.', 'type': 'invalid_request_error', 'param': 'messages', 'code': 'invalid_value'}}",False,
4116548132_0,deepseek-r1-distill-llama-70b,zero-shot,41,0,0,0,1.4.6,,none,,False,False,False,"Error code: 400 - {'error': {'message': 'The provided messages contain images, but deepseek-r1-distill-llama-70b does not support image inputs.', 'type': 'invalid_request_error', 'param': 'messages', 'code': 'invalid_value'}}","Error code: 400 - {'error': {'message': 'The provided messages contain images, but deepseek-r1-distill-llama-70b does not support image inputs.', 'type': 'invalid_request_error', 'param': 'messages', 'code': 'invalid_value'}}",False,
53239342_0,deepseek-r1-distill-llama-70b,zero-shot,36,0,0,0,1.4.6|1.3.1|1.4.3,,none,,False,False,False,"Error code: 400 - {'error': {'message': 'The provided messages contain images, but deepseek-r1-distill-llama-70b does not support image inputs.', 'type': 'invalid_request_error', 'param': 'messages', 'code': 'invalid_value'}}","Error code: 400 - {'error': {'message': 'The provided messages contain images, but deepseek-r1-distill-llama-70b does not support image inputs.', 'type': 'invalid_request_error', 'param': 'messages', 'code': 'invalid_value'}}",False,
8317483224_0,deepseek-r1-distill-llama-70b,zero-shot,26,0,0,0,2.2.1,,none,,False,False,False,"Error code: 400 - {'error': {'message': 'The provided messages contain images, but deepseek-r1-distill-llama-70b does not support image inputs.', 'type': 'invalid_request_error', 'param': 'messages', 'code': 'invalid_value'}}","Error code: 400 - {'error': {'message': 'The provided messages contain images, but deepseek-r1-distill-llama-70b does not support image inputs.', 'type': 'invalid_request_error', 'param': 'messages', 'code': 'invalid_value'}}",False,
518_0,deepseek-r1-distill-llama-70b,zero-shot,33,0,0,0,2.4.6|2.4.9|1.4.6|2.4.4|4.1.1|1.4.3,,none,,False,False,False,"Error code: 400 - {'error': {'message': 'The provided messages contain images, but deepseek-r1-distill-llama-70b does not support image inputs.', 'type': 'invalid_request_error', 'param': 'messages', 'code': 'invalid_value'}}","Error code: 400 - {'error': {'message': 'The provided messages contain images, but deepseek-r1-distill-llama-70b does not support image inputs.', 'type': 'invalid_request_error', 'param': 'messages', 'code': 'invalid_value'}}",False,
519_0,deepseek-r1-distill-llama-70b,zero-shot,31,0,0,0,2.4.6|2.4.9|1.4.6|2.4.4|4.1.1|1.4.3,,none,,False,False,False,"Error code: 400 - {'error': {'message': 'The provided messages contain images, but deepseek-r1-distill-llama-70b does not support image inputs.', 'type': 'invalid_request_error', 'param': 'messages', 'code': 'invalid_value'}}","Error code: 400 - {'error': {'message': 'The provided messages contain images, but deepseek-r1-distill-llama-70b does not support image inputs.', 'type': 'invalid_request_error', 'param': 'messages', 'code': 'invalid_value'}}",False,
120_0,deepseek-r1-distill-llama-70b,zero-shot,31,0,0,0,1.4.6|2.4.9|2.4.4|4.1.1|4.1.2|2.4.6|1.3.1|1.4.3,,none,,False,False,False,"Error code: 400 - {'error': {'message': 'The provided messages contain images, but deepseek-r1-distill-llama-70b does not support image inputs.', 'type': 'invalid_request_error', 'param': 'messages', 'code': 'invalid_value'}}","Error code: 400 - {'error': {'message': 'The provided messages contain images, but deepseek-r1-distill-llama-70b does not support image inputs.', 'type': 'invalid_request_error', 'param': 'messages', 'code': 'invalid_value'}}",False,
2480140715_0,deepseek-r1-distill-llama-70b,zero-shot,41,0,0,0,1.3.1|1.4.6|4.1.1|4.1.2,,none,,False,False,False,"Error code: 400 - {'error': {'message': 'The provided messages contain images, but deepseek-r1-distill-llama-70b does not support image inputs.', 'type': 'invalid_request_error', 'param': 'messages', 'code': 'invalid_value'}}","Error code: 400 - {'error': {'message': 'The provided messages contain images, but deepseek-r1-distill-llama-70b does not support image inputs.', 'type': 'invalid_request_error', 'param': 'messages', 'code': 'invalid_value'}}",False,
6479733415_0,deepseek-r1-distill-llama-70b,zero-shot,34,0,0,0,2.4.6|1.3.1|1.4.6|4.1.2|1.4.3,,none,,False,False,False,"Error code: 400 - {'error': {'message': 'The provided messages contain images, but deepseek-r1-distill-llama-70b does not support image inputs.', 'type': 'invalid_request_error', 'param': 'messages', 'code': 'invalid_value'}}","Error code: 400 - {'error': {'message': 'The provided messages contain images, but deepseek-r1-distill-llama-70b does not support image inputs.', 'type': 'invalid_request_error', 'param': 'messages', 'code': 'invalid_value'}}",False,
4078511185_0,deepseek-r1-distill-llama-70b,zero-shot,39,0,0,0,1.4.6|2.4.6|1.3.1,,none,,False,False,False,"Error code: 400 - {'error': {'message': 'The provided messages contain images, but deepseek-r1-distill-llama-70b does not support image inputs.', 'type': 'invalid_request_error', 'param': 'messages', 'code': 'invalid_value'}}","Error code: 400 - {'error': {'message': 'The provided messages contain images, but deepseek-r1-distill-llama-70b does not support image inputs.', 'type': 'invalid_request_error', 'param': 'messages', 'code': 'invalid_value'}}",False,
7943498338_0,deepseek-r1-distill-llama-70b,zero-shot,29,0,0,0,1.1.1|1.3.1|4.1.1|4.1.2,,none,,False,False,False,"Error code: 400 - {'error': {'message': 'The provided messages contain images, but deepseek-r1-distill-llama-70b does not support image inputs.', 'type': 'invalid_request_error', 'param': 'messages', 'code': 'invalid_value'}}","Error code: 400 - {'error': {'message': 'The provided messages contain images, but deepseek-r1-distill-llama-70b does not support image inputs.', 'type': 'invalid_request_error', 'param': 'messages', 'code': 'invalid_value'}}",False,
6529673719_0,deepseek-r1-distill-llama-70b,zero-shot,28,0,0,0,2.4.6|1.3.1|1.4.6|4.1.1|4.1.2|1.4.3,,none,,False,False,False,"Error code: 400 - {'error': {'message': 'The provided messages contain images, but deepseek-r1-distill-llama-70b does not support image inputs.', 'type': 'invalid_request_error', 'param': 'messages', 'code': 'invalid_value'}}","Error code: 400 - {'error': {'message': 'The provided messages contain images, but deepseek-r1-distill-llama-70b does not support image inputs.', 'type': 'invalid_request_error', 'param': 'messages', 'code': 'invalid_value'}}",False,
64_0,deepseek-r1-distill-llama-70b,zero-shot,48,0,0,0,2.4.6|1.1.1|1.3.1|1.4.6|4.1.1|4.1.2|1.4.3,,none,,False,False,False,"Error code: 400 - {'error': {'message': 'The provided messages contain images, but deepseek-r1-distill-llama-70b does not support image inputs.', 'type': 'invalid_request_error', 'param': 'messages', 'code': 'invalid_value'}}","Error code: 400 - {'error': {'message': 'The provided messages contain images, but deepseek-r1-distill-llama-70b does not support image inputs.', 'type': 'invalid_request_error', 'param': 'messages', 'code': 'invalid_value'}}",False,
180_0,deepseek-r1-distill-llama-70b,zero-shot,34,0,0,0,1.4.6|1.1.1|4.1.1,,none,,False,False,False,"Error code: 400 - {'error': {'message': 'The provided messages contain images, but deepseek-r1-distill-llama-70b does not support image inputs.', 'type': 'invalid_request_error', 'param': 'messages', 'code': 'invalid_value'}}","Error code: 400 - {'error': {'message': 'The provided messages contain images, but deepseek-r1-distill-llama-70b does not support image inputs.', 'type': 'invalid_request_error', 'param': 'messages', 'code': 'invalid_value'}}",False,
6027797305_0,deepseek-r1-distill-llama-70b,zero-shot,40,0,0,0,1.1.1|1.3.1|1.4.6|4.1.2,,none,,False,False,False,"Error code: 400 - {'error': {'message': 'The provided messages contain images, but deepseek-r1-distill-llama-70b does not support image inputs.', 'type': 'invalid_request_error', 'param': 'messages', 'code': 'invalid_value'}}","Error code: 400 - {'error': {'message': 'The provided messages contain images, but deepseek-r1-distill-llama-70b does not support image inputs.', 'type': 'invalid_request_error', 'param': 'messages', 'code': 'invalid_value'}}",False,
7585490098_0,deepseek-r1-distill-llama-70b,zero-shot,41,0,0,0,1.4.6|1.3.1|4.1.2|1.4.3,,none,,False,False,False,"Error code: 400 - {'error': {'message': 'The provided messages contain images, but deepseek-r1-distill-llama-70b does not support image inputs.', 'type': 'invalid_request_error', 'param': 'messages', 'code': 'invalid_value'}}","Error code: 400 - {'error': {'message': 'The provided messages contain images, but deepseek-r1-distill-llama-70b does not support image inputs.', 'type': 'invalid_request_error', 'param': 'messages', 'code': 'invalid_value'}}",False,
8006238889_0,deepseek-r1-distill-llama-70b,zero-shot,35,0,0,0,1.4.6|2.1.1|1.3.1|2.4.3,,none,,False,False,False,"Error code: 400 - {'error': {'message': 'The provided messages contain images, but deepseek-r1-distill-llama-70b does not support image inputs.', 'type': 'invalid_request_error', 'param': 'messages', 'code': 'invalid_value'}}","Error code: 400 - {'error': {'message': 'The provided messages contain images, but deepseek-r1-distill-llama-70b does not support image inputs.', 'type': 'invalid_request_error', 'param': 'messages', 'code': 'invalid_value'}}",False,
309_0,deepseek-r1-distill-llama-70b,zero-shot,33,0,0,0,1.4.6|4.1.1|4.1.2,,none,,False,False,False,"Error code: 400 - {'error': {'message': 'The provided messages contain images, but deepseek-r1-distill-llama-70b does not support image inputs.', 'type': 'invalid_request_error', 'param': 'messages', 'code': 'invalid_value'}}","Error code: 400 - {'error': {'message': 'The provided messages contain images, but deepseek-r1-distill-llama-70b does not support image inputs.', 'type': 'invalid_request_error', 'param': 'messages', 'code': 'invalid_value'}}",False,
9815980762_0,deepseek-r1-distill-llama-70b,zero-shot,33,0,0,0,2.4.6|1.3.1|1.4.4|1.4.6|4.1.1|4.1.2,,none,,False,False,False,"Error code: 400 - {'error': {'message': 'The provided messages contain images, but deepseek-r1-distill-llama-70b does not support image inputs.', 'type': 'invalid_request_error', 'param': 'messages', 'code': 'invalid_value'}}","Error code: 400 - {'error': {'message': 'The provided messages contain images, but deepseek-r1-distill-llama-70b does not support image inputs.', 'type': 'invalid_request_error', 'param': 'messages', 'code': 'invalid_value'}}",False,
6786271985_0,deepseek-r1-distill-llama-70b,zero-shot,41,0,0,0,1.1.1|1.3.1|3.1.1|1.4.4|1.4.6|1.4.3,,none,,False,False,False,"Error code: 400 - {'error': {'message': 'The provided messages contain images, but deepseek-r1-distill-llama-70b does not support image inputs.', 'type': 'invalid_request_error', 'param': 'messages', 'code': 'invalid_value'}}","Error code: 400 - {'error': {'message': 'The provided messages contain images, but deepseek-r1-distill-llama-70b does not support image inputs.', 'type': 'invalid_request_error', 'param': 'messages', 'code': 'invalid_value'}}",False,
268_0,deepseek-r1-distill-llama-70b,zero-shot,39,0,0,0,1.4.6|1.3.1,,none,,False,False,False,"Error code: 400 - {'error': {'message': 'The provided messages contain images, but deepseek-r1-distill-llama-70b does not support image inputs.', 'type': 'invalid_request_error', 'param': 'messages', 'code': 'invalid_value'}}","Error code: 400 - {'error': {'message': 'The provided messages contain images, but deepseek-r1-distill-llama-70b does not support image inputs.', 'type': 'invalid_request_error', 'param': 'messages', 'code': 'invalid_value'}}",False,
77_0,deepseek-r1-distill-llama-70b,zero-shot,38,0,0,0,1.1.1|2.4.1|1.4.6|2.4.4|2.4.9|4.1.2|2.4.6|1.3.1|1.4.3,,none,,False,False,False,"Error code: 400 - {'error': {'message': 'The provided messages contain images, but deepseek-r1-distill-llama-70b does not support image inputs.', 'type': 'invalid_request_error', 'param': 'messages', 'code': 'invalid_value'}}","Error code: 400 - {'error': {'message': 'The provided messages contain images, but deepseek-r1-distill-llama-70b does not support image inputs.', 'type': 'invalid_request_error', 'param': 'messages', 'code': 'invalid_value'}}",False,
8056970126_0,deepseek-r1-distill-llama-70b,zero-shot,30,0,0,0,2.4.6|1.3.1|2.4.9|1.4.6|2.4.4|4.1.1|4.1.2|1.4.3,,none,,False,False,False,"Error code: 400 - {'error': {'message': 'The provided messages contain images, but deepseek-r1-distill-llama-70b does not support image inputs.', 'type': 'invalid_request_error', 'param': 'messages', 'code': 'invalid_value'}}","Error code: 400 - {'error': {'message': 'The provided messages contain images, but deepseek-r1-distill-llama-70b does not support image inputs.', 'type': 'invalid_request_error', 'param': 'messages', 'code': 'invalid_value'}}",False,
4085447448_0,deepseek-r1-distill-llama-70b,zero-shot,34,0,0,0,1.4.6|1.1.1|1.3.1,,none,,False,False,False,"Error code: 400 - {'error': {'message': 'The provided messages contain images, but deepseek-r1-distill-llama-70b does not support image inputs.', 'type': 'invalid_request_error', 'param': 'messages', 'code': 'invalid_value'}}","Error code: 400 - {'error': {'message': 'The provided messages contain images, but deepseek-r1-distill-llama-70b does not support image inputs.', 'type': 'invalid_request_error', 'param': 'messages', 'code': 'invalid_value'}}",False,
414_0,deepseek-r1-distill-llama-70b,zero-shot,40,0,0,0,1.1.1|1.3.1|2.4.9|2.4.4|4.1.1|4.1.2,,none,,False,False,False,"Error code: 400 - {'error': {'message': 'The provided messages contain images, but deepseek-r1-distill-llama-70b does not support image inputs.', 'type': 'invalid_request_error', 'param': 'messages', 'code': 'invalid_value'}}","Error code: 400 - {'error': {'message': 'The provided messages contain images, but deepseek-r1-distill-llama-70b does not support image inputs.', 'type': 'invalid_request_error', 'param': 'messages', 'code': 'invalid_value'}}",False,
5477862853_0,deepseek-r1-distill-llama-70b,zero-shot,37,0,0,0,1.4.3|1.3.1|2.4.9|1.4.6|2.4.4|4.1.1|4.1.2,,none,,False,False,False,"Error code: 400 - {'error': {'message': 'The provided messages contain images, but deepseek-r1-distill-llama-70b does not support image inputs.', 'type': 'invalid_request_error', 'param': 'messages', 'code': 'invalid_value'}}","Error code: 400 - {'error': {'message': 'The provided messages contain images, but deepseek-r1-distill-llama-70b does not support image inputs.', 'type': 'invalid_request_error', 'param': 'messages', 'code': 'invalid_value'}}",False,
8883634268_0,deepseek-r1-distill-llama-70b,zero-shot,41,0,0,0,1.4.6|2.4.6|1.4.3,,none,,False,False,False,"Error code: 400 - {'error': {'message': 'The provided messages contain images, but deepseek-r1-distill-llama-70b does not support image inputs.', 'type': 'invalid_request_error', 'param': 'messages', 'code': 'invalid_value'}}","Error code: 400 - {'error': {'message': 'The provided messages contain images, but deepseek-r1-distill-llama-70b does not support image inputs.', 'type': 'invalid_request_error', 'param': 'messages', 'code': 'invalid_value'}}",False,
5256418738_0,deepseek-r1-distill-llama-70b,zero-shot,43,0,0,0,1.3.1,,none,,False,False,False,"Error code: 400 - {'error': {'message': 'The provided messages contain images, but deepseek-r1-distill-llama-70b does not support image inputs.', 'type': 'invalid_request_error', 'param': 'messages', 'code': 'invalid_value'}}","Error code: 400 - {'error': {'message': 'The provided messages contain images, but deepseek-r1-distill-llama-70b does not support image inputs.', 'type': 'invalid_request_error', 'param': 'messages', 'code': 'invalid_value'}}",False,
1373328769_0,deepseek-r1-distill-llama-70b,zero-shot,21,0,0,0,2.1.1|1.3.1|4.1.1|2.4.3,,none,,False,False,False,"Error code: 400 - {'error': {'message': 'The provided messages contain images, but deepseek-r1-distill-llama-70b does not support image inputs.', 'type': 'invalid_request_error', 'param': 'messages', 'code': 'invalid_value'}}","Error code: 400 - {'error': {'message': 'The provided messages contain images, but deepseek-r1-distill-llama-70b does not support image inputs.', 'type': 'invalid_request_error', 'param': 'messages', 'code': 'invalid_value'}}",False,
9364906934_0,deepseek-r1-distill-llama-70b,zero-shot,26,0,0,0,1.4.6|2.4.6,,none,,False,False,False,"Error code: 400 - {'error': {'message': 'The provided messages contain images, but deepseek-r1-distill-llama-70b does not support image inputs.', 'type': 'invalid_request_error', 'param': 'messages', 'code': 'invalid_value'}}","Error code: 400 - {'error': {'message': 'The provided messages contain images, but deepseek-r1-distill-llama-70b does not support image inputs.', 'type': 'invalid_request_error', 'param': 'messages', 'code': 'invalid_value'}}",False,
215_0,deepseek-r1-distill-llama-70b,zero-shot,34,0,0,0,1.4.6|4.1.1,,none,,False,False,False,"Error code: 400 - {'error': {'message': 'The provided messages contain images, but deepseek-r1-distill-llama-70b does not support image inputs.', 'type': 'invalid_request_error', 'param': 'messages', 'code': 'invalid_value'}}","Error code: 400 - {'error': {'message': 'The provided messages contain images, but deepseek-r1-distill-llama-70b does not support image inputs.', 'type': 'invalid_request_error', 'param': 'messages', 'code': 'invalid_value'}}",False,
501_0,deepseek-r1-distill-llama-70b,zero-shot,30,0,0,0,1.4.6|1.3.1|4.1.2,,none,,False,False,False,"Error code: 400 - {'error': {'message': 'The provided messages contain images, but deepseek-r1-distill-llama-70b does not support image inputs.', 'type': 'invalid_request_error', 'param': 'messages', 'code': 'invalid_value'}}","Error code: 400 - {'error': {'message': 'The provided messages contain images, but deepseek-r1-distill-llama-70b does not support image inputs.', 'type': 'invalid_request_error', 'param': 'messages', 'code': 'invalid_value'}}",False,
500_0,deepseek-r1-distill-llama-70b,zero-shot,34,0,0,0,1.4.6,,none,,False,False,False,"Error code: 400 - {'error': {'message': 'The provided messages contain images, but deepseek-r1-distill-llama-70b does not support image inputs.', 'type': 'invalid_request_error', 'param': 'messages', 'code': 'invalid_value'}}","Error code: 400 - {'error': {'message': 'The provided messages contain images, but deepseek-r1-distill-llama-70b does not support image inputs.', 'type': 'invalid_request_error', 'param': 'messages', 'code': 'invalid_value'}}",False,
502_0,deepseek-r1-distill-llama-70b,zero-shot,34,0,0,0,1.4.6,,none,,False,False,False,"Error code: 400 - {'error': {'message': 'The provided messages contain images, but deepseek-r1-distill-llama-70b does not support image inputs.', 'type': 'invalid_request_error', 'param': 'messages', 'code': 'invalid_value'}}","Error code: 400 - {'error': {'message': 'The provided messages contain images, but deepseek-r1-distill-llama-70b does not support image inputs.', 'type': 'invalid_request_error', 'param': 'messages', 'code': 'invalid_value'}}",False,
16_0,deepseek-r1-distill-llama-70b,zero-shot,47,0,0,0,1.4.6,,none,,False,False,False,"Error code: 400 - {'error': {'message': 'The provided messages contain images, but deepseek-r1-distill-llama-70b does not support image inputs.', 'type': 'invalid_request_error', 'param': 'messages', 'code': 'invalid_value'}}","Error code: 400 - {'error': {'message': 'The provided messages contain images, but deepseek-r1-distill-llama-70b does not support image inputs.', 'type': 'invalid_request_error', 'param': 'messages', 'code': 'invalid_value'}}",False,
434_0,deepseek-r1-distill-llama-70b,zero-shot,50,0,0,0,1.4.6|1.3.1,,none,,False,False,False,"Error code: 400 - {'error': {'message': 'The provided messages contain images, but deepseek-r1-distill-llama-70b does not support image inputs.', 'type': 'invalid_request_error', 'param': 'messages', 'code': 'invalid_value'}}","Error code: 400 - {'error': {'message': 'The provided messages contain images, but deepseek-r1-distill-llama-70b does not support image inputs.', 'type': 'invalid_request_error', 'param': 'messages', 'code': 'invalid_value'}}",False,
8958991169_0,deepseek-r1-distill-llama-70b,zero-shot,41,0,0,0,2.4.6|1.3.1|1.4.6|2.4.4|2.4.9|4.1.2|1.4.3,,none,,False,False,False,"Error code: 400 - {'error': {'message': 'The provided messages contain images, but deepseek-r1-distill-llama-70b does not support image inputs.', 'type': 'invalid_request_error', 'param': 'messages', 'code': 'invalid_value'}}","Error code: 400 - {'error': {'message': 'The provided messages contain images, but deepseek-r1-distill-llama-70b does not support image inputs.', 'type': 'invalid_request_error', 'param': 'messages', 'code': 'invalid_value'}}",False,
2647735504_0,deepseek-r1-distill-llama-70b,zero-shot,26,0,0,0,1.1.1|1.4.6|2.1.1|2.4.9|2.4.4|4.1.1|4.1.2|2.4.3|1.3.1,,none,,False,False,False,"Error code: 400 - {'error': {'message': 'The provided messages contain images, but deepseek-r1-distill-llama-70b does not support image inputs.', 'type': 'invalid_request_error', 'param': 'messages', 'code': 'invalid_value'}}","Error code: 400 - {'error': {'message': 'The provided messages contain images, but deepseek-r1-distill-llama-70b does not support image inputs.', 'type': 'invalid_request_error', 'param': 'messages', 'code': 'invalid_value'}}",False,
3701517235_0,deepseek-r1-distill-llama-70b,zero-shot,26,0,0,0,1.3.1|2.4.9|1.4.6|2.4.4|4.1.1|4.1.2|1.4.3,,none,,False,False,False,"Error code: 400 - {'error': {'message': 'The provided messages contain images, but deepseek-r1-distill-llama-70b does not support image inputs.', 'type': 'invalid_request_error', 'param': 'messages', 'code': 'invalid_value'}}","Error code: 400 - {'error': {'message': 'The provided messages contain images, but deepseek-r1-distill-llama-70b does not support image inputs.', 'type': 'invalid_request_error', 'param': 'messages', 'code': 'invalid_value'}}",False,
2176046364_0,deepseek-r1-distill-llama-70b,zero-shot,47,0,0,0,1.3.1|1.4.4|3.1.1|4.1.2,,none,,False,False,False,"Error code: 400 - {'error': {'message': 'The provided messages contain images, but deepseek-r1-distill-llama-70b does not support image inputs.', 'type': 'invalid_request_error', 'param': 'messages', 'code': 'invalid_value'}}","Error code: 400 - {'error': {'message': 'The provided messages contain images, but deepseek-r1-distill-llama-70b does not support image inputs.', 'type': 'invalid_request_error', 'param': 'messages', 'code': 'invalid_value'}}",False,
1767084624_0,deepseek-r1-distill-llama-70b,zero-shot,64,0,0,0,2.4.6|1.3.1|1.4.6|4.1.2|1.4.3,,none,,False,False,False,"Error code: 400 - {'error': {'message': 'The provided messages contain images, but deepseek-r1-distill-llama-70b does not support image inputs.', 'type': 'invalid_request_error', 'param': 'messages', 'code': 'invalid_value'}}","Error code: 400 - {'error': {'message': 'The provided messages contain images, but deepseek-r1-distill-llama-70b does not support image inputs.', 'type': 'invalid_request_error', 'param': 'messages', 'code': 'invalid_value'}}",False,
816887837_0,deepseek-r1-distill-llama-70b,zero-shot,43,0,0,0,1.1.1|1.3.1|1.4.6|4.1.2,,none,,False,False,False,"Error code: 400 - {'error': {'message': 'The provided messages contain images, but deepseek-r1-distill-llama-70b does not support image inputs.', 'type': 'invalid_request_error', 'param': 'messages', 'code': 'invalid_value'}}","Error code: 400 - {'error': {'message': 'The provided messages contain images, but deepseek-r1-distill-llama-70b does not support image inputs.', 'type': 'invalid_request_error', 'param': 'messages', 'code': 'invalid_value'}}",False,
1856386766_0,deepseek-r1-distill-llama-70b,zero-shot,46,0,0,0,1.3.1|3.1.1|1.4.4|1.4.6|2.4.4|2.4.9|1.4.3,,none,,False,False,False,"Error code: 400 - {'error': {'message': 'The provided messages contain images, but deepseek-r1-distill-llama-70b does not support image inputs.', 'type': 'invalid_request_error', 'param': 'messages', 'code': 'invalid_value'}}","Error code: 400 - {'error': {'message': 'The provided messages contain images, but deepseek-r1-distill-llama-70b does not support image inputs.', 'type': 'invalid_request_error', 'param': 'messages', 'code': 'invalid_value'}}",False,
362_0,deepseek-r1-distill-llama-70b,zero-shot,25,0,0,0,2.4.6|1.3.1|3.1.1,,none,,False,False,False,"Error code: 400 - {'error': {'message': 'The provided messages contain images, but deepseek-r1-distill-llama-70b does not support image inputs.', 'type': 'invalid_request_error', 'param': 'messages', 'code': 'invalid_value'}}","Error code: 400 - {'error': {'message': 'The provided messages contain images, but deepseek-r1-distill-llama-70b does not support image inputs.', 'type': 'invalid_request_error', 'param': 'messages', 'code': 'invalid_value'}}",False,
7561129082_0,deepseek-r1-distill-llama-70b,zero-shot,47,0,0,0,2.4.6|1.3.1|1.4.4|2.4.9|2.4.4|4.1.1|4.1.2,,none,,False,False,False,"Error code: 400 - {'error': {'message': 'The provided messages contain images, but deepseek-r1-distill-llama-70b does not support image inputs.', 'type': 'invalid_request_error', 'param': 'messages', 'code': 'invalid_value'}}","Error code: 400 - {'error': {'message': 'The provided messages contain images, but deepseek-r1-distill-llama-70b does not support image inputs.', 'type': 'invalid_request_error', 'param': 'messages', 'code': 'invalid_value'}}",False,
2235305803_0,deepseek-r1-distill-llama-70b,zero-shot,41,0,0,0,1.4.6|1.3.1|4.1.1|4.1.2,,none,,False,False,False,"Error code: 400 - {'error': {'message': 'The provided messages contain images, but deepseek-r1-distill-llama-70b does not support image inputs.', 'type': 'invalid_request_error', 'param': 'messages', 'code': 'invalid_value'}}","Error code: 400 - {'error': {'message': 'The provided messages contain images, but deepseek-r1-distill-llama-70b does not support image inputs.', 'type': 'invalid_request_error', 'param': 'messages', 'code': 'invalid_value'}}",False,
2527413330_0,deepseek-r1-distill-llama-70b,zero-shot,43,0,0,0,2.4.6|1.3.1|1.4.6|1.4.3,,none,,False,False,False,"Error code: 400 - {'error': {'message': 'The provided messages contain images, but deepseek-r1-distill-llama-70b does not support image inputs.', 'type': 'invalid_request_error', 'param': 'messages', 'code': 'invalid_value'}}","Error code: 400 - {'error': {'message': 'The provided messages contain images, but deepseek-r1-distill-llama-70b does not support image inputs.', 'type': 'invalid_request_error', 'param': 'messages', 'code': 'invalid_value'}}",False,
6130539113_0,deepseek-r1-distill-llama-70b,zero-shot,43,0,0,0,1.1.1|2.4.6|1.3.1|2.4.1|2.4.9|1.4.6|2.4.4|4.1.1,,none,,False,False,False,"Error code: 400 - {'error': {'message': 'The provided messages contain images, but deepseek-r1-distill-llama-70b does not support image inputs.', 'type': 'invalid_request_error', 'param': 'messages', 'code': 'invalid_value'}}","Error code: 400 - {'error': {'message': 'The provided messages contain images, but deepseek-r1-distill-llama-70b does not support image inputs.', 'type': 'invalid_request_error', 'param': 'messages', 'code': 'invalid_value'}}",False,
124_0,deepseek-r1-distill-llama-70b,zero-shot,37,0,0,0,1.1.1|2.4.6|1.3.1|1.4.6|2.4.4|2.4.9,,none,,False,False,False,"Error code: 400 - {'error': {'message': 'The provided messages contain images, but deepseek-r1-distill-llama-70b does not support image inputs.', 'type': 'invalid_request_error', 'param': 'messages', 'code': 'invalid_value'}}","Error code: 400 - {'error': {'message': 'The provided messages contain images, but deepseek-r1-distill-llama-70b does not support image inputs.', 'type': 'invalid_request_error', 'param': 'messages', 'code': 'invalid_value'}}",False,
8697981092_0,deepseek-r1-distill-llama-70b,zero-shot,32,0,0,0,1.3.1|2.4.1|2.4.9|1.4.6|2.4.4|4.1.1|1.4.3,,none,,False,False,False,"Error code: 400 - {'error': {'message': 'The provided messages contain images, but deepseek-r1-distill-llama-70b does not support image inputs.', 'type': 'invalid_request_error', 'param': 'messages', 'code': 'invalid_value'}}","Error code: 400 - {'error': {'message': 'The provided messages contain images, but deepseek-r1-distill-llama-70b does not support image inputs.', 'type': 'invalid_request_error', 'param': 'messages', 'code': 'invalid_value'}}",False,
1521860334_0,deepseek-r1-distill-llama-70b,zero-shot,31,0,0,0,1.1.1|1.3.1|4.1.1|4.1.2,,none,,False,False,False,"Error code: 400 - {'error': {'message': 'The provided messages contain images, but deepseek-r1-distill-llama-70b does not support image inputs.', 'type': 'invalid_request_error', 'param': 'messages', 'code': 'invalid_value'}}","Error code: 400 - {'error': {'message': 'The provided messages contain images, but deepseek-r1-distill-llama-70b does not support image inputs.', 'type': 'invalid_request_error', 'param': 'messages', 'code': 'invalid_value'}}",False,
8727933125_0,deepseek-r1-distill-llama-70b,zero-shot,33,0,0,0,1.1.1|1.4.6|2.4.4|2.4.9|4.1.2|2.4.6|1.3.1|1.4.4|1.4.3,,none,,False,False,False,"Error code: 400 - {'error': {'message': 'The provided messages contain images, but deepseek-r1-distill-llama-70b does not support image inputs.', 'type': 'invalid_request_error', 'param': 'messages', 'code': 'invalid_value'}}","Error code: 400 - {'error': {'message': 'The provided messages contain images, but deepseek-r1-distill-llama-70b does not support image inputs.', 'type': 'invalid_request_error', 'param': 'messages', 'code': 'invalid_value'}}",False,
3374636661_0,deepseek-r1-distill-llama-70b,zero-shot,41,0,0,0,1.1.1|1.4.6|2.4.9|2.4.4|4.1.1|1.3.1|1.4.4|1.4.3,,none,,False,False,False,"Error code: 400 - {'error': {'message': 'The provided messages contain images, but deepseek-r1-distill-llama-70b does not support image inputs.', 'type': 'invalid_request_error', 'param': 'messages', 'code': 'invalid_value'}}","Error code: 400 - {'error': {'message': 'The provided messages contain images, but deepseek-r1-distill-llama-70b does not support image inputs.', 'type': 'invalid_request_error', 'param': 'messages', 'code': 'invalid_value'}}",False,
7908444877_0,deepseek-r1-distill-llama-70b,zero-shot,38,0,0,0,1.1.1|1.4.6|2.4.9|2.4.4|4.1.1|2.4.6|1.3.1|3.1.1|1.4.3,,none,,False,False,False,"Error code: 400 - {'error': {'message': 'The provided messages contain images, but deepseek-r1-distill-llama-70b does not support image inputs.', 'type': 'invalid_request_error', 'param': 'messages', 'code': 'invalid_value'}}","Error code: 400 - {'error': {'message': 'The provided messages contain images, but deepseek-r1-distill-llama-70b does not support image inputs.', 'type': 'invalid_request_error', 'param': 'messages', 'code': 'invalid_value'}}",False,
225_0,deepseek-r1-distill-llama-70b,zero-shot,31,0,0,0,1.4.6|1.3.1|1.4.3,,none,,False,False,False,"Error code: 400 - {'error': {'message': 'The provided messages contain images, but deepseek-r1-distill-llama-70b does not support image inputs.', 'type': 'invalid_request_error', 'param': 'messages', 'code': 'invalid_value'}}","Error code: 400 - {'error': {'message': 'The provided messages contain images, but deepseek-r1-distill-llama-70b does not support image inputs.', 'type': 'invalid_request_error', 'param': 'messages', 'code': 'invalid_value'}}",False,
1433604318_0,deepseek-r1-distill-llama-70b,zero-shot,42,0,0,0,1.1.1|2.4.6|1.3.1|1.4.6|4.1.2|1.4.3,,none,,False,False,False,"Error code: 400 - {'error': {'message': 'The provided messages contain images, but deepseek-r1-distill-llama-70b does not support image inputs.', 'type': 'invalid_request_error', 'param': 'messages', 'code': 'invalid_value'}}","Error code: 400 - {'error': {'message': 'The provided messages contain images, but deepseek-r1-distill-llama-70b does not support image inputs.', 'type': 'invalid_request_error', 'param': 'messages', 'code': 'invalid_value'}}",False,
79862148_0,deepseek-r1-distill-llama-70b,zero-shot,22,0,0,0,2.4.6|2.4.2|1.3.1|3.1.1,,none,,False,False,False,"Error code: 400 - {'error': {'message': 'The provided messages contain images, but deepseek-r1-distill-llama-70b does not support image inputs.', 'type': 'invalid_request_error', 'param': 'messages', 'code': 'invalid_value'}}","Error code: 400 - {'error': {'message': 'The provided messages contain images, but deepseek-r1-distill-llama-70b does not support image inputs.', 'type': 'invalid_request_error', 'param': 'messages', 'code': 'invalid_value'}}",False,
531083003_0,deepseek-r1-distill-llama-70b,zero-shot,42,0,0,0,2.4.6|1.3.1|1.4.6|4.1.1|4.1.2,,none,,False,False,False,"Error code: 400 - {'error': {'message': 'The provided messages contain images, but deepseek-r1-distill-llama-70b does not support image inputs.', 'type': 'invalid_request_error', 'param': 'messages', 'code': 'invalid_value'}}","Error code: 400 - {'error': {'message': 'The provided messages contain images, but deepseek-r1-distill-llama-70b does not support image inputs.', 'type': 'invalid_request_error', 'param': 'messages', 'code': 'invalid_value'}}",False,
8616262877_0,deepseek-r1-distill-llama-70b,zero-shot,20,0,0,0,2.4.6|1.3.1,,none,,False,False,False,"Error code: 400 - {'error': {'message': 'The provided messages contain images, but deepseek-r1-distill-llama-70b does not support image inputs.', 'type': 'invalid_request_error', 'param': 'messages', 'code': 'invalid_value'}}","Error code: 400 - {'error': {'message': 'The provided messages contain images, but deepseek-r1-distill-llama-70b does not support image inputs.', 'type': 'invalid_request_error', 'param': 'messages', 'code': 'invalid_value'}}",False,
328623724_0,deepseek-r1-distill-llama-70b,zero-shot,60,0,0,0,1.1.1|1.4.6|2.4.4|2.4.9|4.1.2|2.4.6|1.3.1|1.4.3,,none,,False,False,False,"Error code: 400 - {'error': {'message': 'The provided messages contain images, but deepseek-r1-distill-llama-70b does not support image inputs.', 'type': 'invalid_request_error', 'param': 'messages', 'code': 'invalid_value'}}","Error code: 400 - {'error': {'message': 'The provided messages contain images, but deepseek-r1-distill-llama-70b does not support image inputs.', 'type': 'invalid_request_error', 'param': 'messages', 'code': 'invalid_value'}}",False,
1402472951_0,deepseek-r1-distill-llama-70b,zero-shot,23,0,0,0,2.4.6|1.3.1,,none,,False,False,False,"Error code: 400 - {'error': {'message': 'The provided messages contain images, but deepseek-r1-distill-llama-70b does not support image inputs.', 'type': 'invalid_request_error', 'param': 'messages', 'code': 'invalid_value'}}","Error code: 400 - {'error': {'message': 'The provided messages contain images, but deepseek-r1-distill-llama-70b does not support image inputs.', 'type': 'invalid_request_error', 'param': 'messages', 'code': 'invalid_value'}}",False,
2421931133_0,deepseek-r1-distill-llama-70b,zero-shot,39,0,0,0,1.4.6|1.3.1,,none,,False,False,False,"Error code: 400 - {'error': {'message': 'The provided messages contain images, but deepseek-r1-distill-llama-70b does not support image inputs.', 'type': 'invalid_request_error', 'param': 'messages', 'code': 'invalid_value'}}","Error code: 400 - {'error': {'message': 'The provided messages contain images, but deepseek-r1-distill-llama-70b does not support image inputs.', 'type': 'invalid_request_error', 'param': 'messages', 'code': 'invalid_value'}}",False,
105_0,deepseek-r1-distill-llama-70b,zero-shot,47,0,0,0,1.4.6|1.3.1,,none,,False,False,False,"Error code: 400 - {'error': {'message': 'The provided messages contain images, but deepseek-r1-distill-llama-70b does not support image inputs.', 'type': 'invalid_request_error', 'param': 'messages', 'code': 'invalid_value'}}","Error code: 400 - {'error': {'message': 'The provided messages contain images, but deepseek-r1-distill-llama-70b does not support image inputs.', 'type': 'invalid_request_error', 'param': 'messages', 'code': 'invalid_value'}}",False,
17_0,deepseek-r1-distill-llama-70b,zero-shot,31,0,0,0,1.4.6|1.3.1,,none,,False,False,False,"Error code: 400 - {'error': {'message': 'The provided messages contain images, but deepseek-r1-distill-llama-70b does not support image inputs.', 'type': 'invalid_request_error', 'param': 'messages', 'code': 'invalid_value'}}","Error code: 400 - {'error': {'message': 'The provided messages contain images, but deepseek-r1-distill-llama-70b does not support image inputs.', 'type': 'invalid_request_error', 'param': 'messages', 'code': 'invalid_value'}}",False,
65_0,deepseek-r1-distill-llama-70b,zero-shot,39,0,0,0,1.3.1|1.4.4|1.4.6|1.4.3,,none,,False,False,False,"Error code: 400 - {'error': {'message': 'The provided messages contain images, but deepseek-r1-distill-llama-70b does not support image inputs.', 'type': 'invalid_request_error', 'param': 'messages', 'code': 'invalid_value'}}","Error code: 400 - {'error': {'message': 'The provided messages contain images, but deepseek-r1-distill-llama-70b does not support image inputs.', 'type': 'invalid_request_error', 'param': 'messages', 'code': 'invalid_value'}}",False,
3805747062_0,deepseek-r1-distill-llama-70b,zero-shot,32,0,0,0,3.1.2|2.4.6|1.3.1|4.1.1,,none,,False,False,False,"Error code: 400 - {'error': {'message': 'The provided messages contain images, but deepseek-r1-distill-llama-70b does not support image inputs.', 'type': 'invalid_request_error', 'param': 'messages', 'code': 'invalid_value'}}","Error code: 400 - {'error': {'message': 'The provided messages contain images, but deepseek-r1-distill-llama-70b does not support image inputs.', 'type': 'invalid_request_error', 'param': 'messages', 'code': 'invalid_value'}}",False,
3996855574_0,deepseek-r1-distill-llama-70b,zero-shot,39,0,0,0,1.1.1|1.3.1|1.4.6|1.4.3,,none,,False,False,False,"Error code: 400 - {'error': {'message': 'The provided messages contain images, but deepseek-r1-distill-llama-70b does not support image inputs.', 'type': 'invalid_request_error', 'param': 'messages', 'code': 'invalid_value'}}","Error code: 400 - {'error': {'message': 'The provided messages contain images, but deepseek-r1-distill-llama-70b does not support image inputs.', 'type': 'invalid_request_error', 'param': 'messages', 'code': 'invalid_value'}}",False,
589105098_0,deepseek-r1-distill-llama-70b,zero-shot,51,0,0,0,1.4.6|1.3.1|4.1.1,,none,,False,False,False,"Error code: 400 - {'error': {'message': 'The provided messages contain images, but deepseek-r1-distill-llama-70b does not support image inputs.', 'type': 'invalid_request_error', 'param': 'messages', 'code': 'invalid_value'}}","Error code: 400 - {'error': {'message': 'The provided messages contain images, but deepseek-r1-distill-llama-70b does not support image inputs.', 'type': 'invalid_request_error', 'param': 'messages', 'code': 'invalid_value'}}",False,
519658437_0,deepseek-r1-distill-llama-70b,zero-shot,41,0,0,0,1.4.6|1.3.1|4.1.2,,none,,False,False,False,"Error code: 400 - {'error': {'message': 'The provided messages contain images, but deepseek-r1-distill-llama-70b does not support image inputs.', 'type': 'invalid_request_error', 'param': 'messages', 'code': 'invalid_value'}}","Error code: 400 - {'error': {'message': 'The provided messages contain images, but deepseek-r1-distill-llama-70b does not support image inputs.', 'type': 'invalid_request_error', 'param': 'messages', 'code': 'invalid_value'}}",False,
343_0,deepseek-r1-distill-llama-70b,zero-shot,33,0,0,0,2.4.6|2.4.2|1.3.1|3.1.1,,none,,False,False,False,"Error code: 400 - {'error': {'message': 'The provided messages contain images, but deepseek-r1-distill-llama-70b does not support image inputs.', 'type': 'invalid_request_error', 'param': 'messages', 'code': 'invalid_value'}}","Error code: 400 - {'error': {'message': 'The provided messages contain images, but deepseek-r1-distill-llama-70b does not support image inputs.', 'type': 'invalid_request_error', 'param': 'messages', 'code': 'invalid_value'}}",False,
6801509843_0,deepseek-r1-distill-llama-70b,zero-shot,32,0,0,0,2.4.6|1.3.1|4.1.1|4.1.2,,none,,False,False,False,"Error code: 400 - {'error': {'message': 'The provided messages contain images, but deepseek-r1-distill-llama-70b does not support image inputs.', 'type': 'invalid_request_error', 'param': 'messages', 'code': 'invalid_value'}}","Error code: 400 - {'error': {'message': 'The provided messages contain images, but deepseek-r1-distill-llama-70b does not support image inputs.', 'type': 'invalid_request_error', 'param': 'messages', 'code': 'invalid_value'}}",False,
256_0,deepseek-r1-distill-llama-70b,zero-shot,26,0,0,0,2.4.6|1.3.1|1.4.4|1.4.6|4.1.2|1.4.3,,none,,False,False,False,"Error code: 400 - {'error': {'message': 'The provided messages contain images, but deepseek-r1-distill-llama-70b does not support image inputs.', 'type': 'invalid_request_error', 'param': 'messages', 'code': 'invalid_value'}}","Error code: 400 - {'error': {'message': 'The provided messages contain images, but deepseek-r1-distill-llama-70b does not support image inputs.', 'type': 'invalid_request_error', 'param': 'messages', 'code': 'invalid_value'}}",False,
3936345126_0,deepseek-r1-distill-llama-70b,zero-shot,36,0,0,0,1.4.3|1.3.1|1.4.6|2.4.4|2.4.9|4.1.2,,none,,False,False,False,"Error code: 400 - {'error': {'message': 'The provided messages contain images, but deepseek-r1-distill-llama-70b does not support image inputs.', 'type': 'invalid_request_error', 'param': 'messages', 'code': 'invalid_value'}}","Error code: 400 - {'error': {'message': 'The provided messages contain images, but deepseek-r1-distill-llama-70b does not support image inputs.', 'type': 'invalid_request_error', 'param': 'messages', 'code': 'invalid_value'}}",False,
5351185237_0,deepseek-r1-distill-llama-70b,zero-shot,44,0,0,0,2.4.6|1.3.1|2.4.3|2.1.1|4.1.1|4.1.2,,none,,False,False,False,"Error code: 400 - {'error': {'message': 'The provided messages contain images, but deepseek-r1-distill-llama-70b does not support image inputs.', 'type': 'invalid_request_error', 'param': 'messages', 'code': 'invalid_value'}}","Error code: 400 - {'error': {'message': 'The provided messages contain images, but deepseek-r1-distill-llama-70b does not support image inputs.', 'type': 'invalid_request_error', 'param': 'messages', 'code': 'invalid_value'}}",False,
340545659_0,deepseek-r1-distill-llama-70b,zero-shot,39,0,0,0,1.3.1|1.4.6|2.4.4|2.4.9|1.4.3,,none,,False,False,False,"Error code: 400 - {'error': {'message': 'The provided messages contain images, but deepseek-r1-distill-llama-70b does not support image inputs.', 'type': 'invalid_request_error', 'param': 'messages', 'code': 'invalid_value'}}","Error code: 400 - {'error': {'message': 'The provided messages contain images, but deepseek-r1-distill-llama-70b does not support image inputs.', 'type': 'invalid_request_error', 'param': 'messages', 'code': 'invalid_value'}}",False,
6976784819_0,deepseek-r1-distill-llama-70b,zero-shot,30,0,0,0,1.1.1|1.4.6|2.4.9|2.4.4|4.1.1|3.3.2|2.4.6|1.3.1|1.4.3,,none,,False,False,False,"Error code: 400 - {'error': {'message': 'The provided messages contain images, but deepseek-r1-distill-llama-70b does not support image inputs.', 'type': 'invalid_request_error', 'param': 'messages', 'code': 'invalid_value'}}","Error code: 400 - {'error': {'message': 'The provided messages contain images, but deepseek-r1-distill-llama-70b does not support image inputs.', 'type': 'invalid_request_error', 'param': 'messages', 'code': 'invalid_value'}}",False,
5350616698_0,deepseek-r1-distill-llama-70b,zero-shot,38,0,0,0,1.1.1|1.3.1|1.4.6|4.1.1|4.1.2|1.4.3,,none,,False,False,False,"Error code: 400 - {'error': {'message': 'The provided messages contain images, but deepseek-r1-distill-llama-70b does not support image inputs.', 'type': 'invalid_request_error', 'param': 'messages', 'code': 'invalid_value'}}","Error code: 400 - {'error': {'message': 'The provided messages contain images, but deepseek-r1-distill-llama-70b does not support image inputs.', 'type': 'invalid_request_error', 'param': 'messages', 'code': 'invalid_value'}}",False,
3317334630_0,deepseek-r1-distill-llama-70b,zero-shot,33,0,0,0,2.4.6|1.3.1|1.4.4|1.4.6|4.1.2|1.4.3,,none,,False,False,False,"Error code: 400 - {'error': {'message': 'The provided messages contain images, but deepseek-r1-distill-llama-70b does not support image inputs.', 'type': 'invalid_request_error', 'param': 'messages', 'code': 'invalid_value'}}","Error code: 400 - {'error': {'message': 'The provided messages contain images, but deepseek-r1-distill-llama-70b does not support image inputs.', 'type': 'invalid_request_error', 'param': 'messages', 'code': 'invalid_value'}}",False,
415_0,deepseek-r1-distill-llama-70b,zero-shot,36,0,0,0,2.4.6|1.3.1|1.4.6|2.4.4|2.4.9|4.1.2|1.4.3,,none,,False,False,False,"Error code: 400 - {'error': {'message': 'The provided messages contain images, but deepseek-r1-distill-llama-70b does not support image inputs.', 'type': 'invalid_request_error', 'param': 'messages', 'code': 'invalid_value'}}","Error code: 400 - {'error': {'message': 'The provided messages contain images, but deepseek-r1-distill-llama-70b does not support image inputs.', 'type': 'invalid_request_error', 'param': 'messages', 'code': 'invalid_value'}}",False,
2937956084_0,deepseek-r1-distill-llama-70b,zero-shot,35,0,0,0,2.4.6|4.1.1,,none,,False,False,False,"Error code: 400 - {'error': {'message': 'The provided messages contain images, but deepseek-r1-distill-llama-70b does not support image inputs.', 'type': 'invalid_request_error', 'param': 'messages', 'code': 'invalid_value'}}","Error code: 400 - {'error': {'message': 'The provided messages contain images, but deepseek-r1-distill-llama-70b does not support image inputs.', 'type': 'invalid_request_error', 'param': 'messages', 'code': 'invalid_value'}}",False,
8918898275_0,deepseek-r1-distill-llama-70b,zero-shot,29,0,0,0,1.3.1|1.4.6|2.4.4|2.4.9|4.1.2,,none,,False,False,False,"Error code: 400 - {'error': {'message': 'The provided messages contain images, but deepseek-r1-distill-llama-70b does not support image inputs.', 'type': 'invalid_request_error', 'param': 'messages', 'code': 'invalid_value'}}","Error code: 400 - {'error': {'message': 'The provided messages contain images, but deepseek-r1-distill-llama-70b does not support image inputs.', 'type': 'invalid_request_error', 'param': 'messages', 'code': 'invalid_value'}}",False,
6787611399_0,deepseek-r1-distill-llama-70b,zero-shot,35,0,0,0,1.4.6|2.4.6|1.3.1,,none,,False,False,False,"Error code: 400 - {'error': {'message': 'The provided messages contain images, but deepseek-r1-distill-llama-70b does not support image inputs.', 'type': 'invalid_request_error', 'param': 'messages', 'code': 'invalid_value'}}","Error code: 400 - {'error': {'message': 'The provided messages contain images, but deepseek-r1-distill-llama-70b does not support image inputs.', 'type': 'invalid_request_error', 'param': 'messages', 'code': 'invalid_value'}}",False,
8613910382_0,deepseek-r1-distill-llama-70b,zero-shot,35,0,0,0,2.4.6|1.1.1|1.3.1|2.4.9|1.4.6|2.4.4|4.1.1|1.4.3,,none,,False,False,False,"Error code: 400 - {'error': {'message': 'The provided messages contain images, but deepseek-r1-distill-llama-70b does not support image inputs.', 'type': 'invalid_request_error', 'param': 'messages', 'code': 'invalid_value'}}","Error code: 400 - {'error': {'message': 'The provided messages contain images, but deepseek-r1-distill-llama-70b does not support image inputs.', 'type': 'invalid_request_error', 'param': 'messages', 'code': 'invalid_value'}}",False,
3109021059_0,deepseek-r1-distill-llama-70b,zero-shot,31,0,0,0,1.3.1|3.1.1,,none,,False,False,False,"Error code: 400 - {'error': {'message': 'The provided messages contain images, but deepseek-r1-distill-llama-70b does not support image inputs.', 'type': 'invalid_request_error', 'param': 'messages', 'code': 'invalid_value'}}","Error code: 400 - {'error': {'message': 'The provided messages contain images, but deepseek-r1-distill-llama-70b does not support image inputs.', 'type': 'invalid_request_error', 'param': 'messages', 'code': 'invalid_value'}}",False,
6772200394_0,deepseek-r1-distill-llama-70b,zero-shot,39,0,0,0,1.3.1|4.1.1,,none,,False,False,False,"Error code: 400 - {'error': {'message': 'The provided messages contain images, but deepseek-r1-distill-llama-70b does not support image inputs.', 'type': 'invalid_request_error', 'param': 'messages', 'code': 'invalid_value'}}","Error code: 400 - {'error': {'message': 'The provided messages contain images, but deepseek-r1-distill-llama-70b does not support image inputs.', 'type': 'invalid_request_error', 'param': 'messages', 'code': 'invalid_value'}}",False,
8420224297_0,deepseek-r1-distill-llama-70b,zero-shot,39,0,0,0,2.4.3|1.3.1|1.4.6|2.1.1|2.4.4|2.4.9|4.1.2|1.4.3,,none,,False,False,False,"Error code: 400 - {'error': {'message': 'The provided messages contain images, but deepseek-r1-distill-llama-70b does not support image inputs.', 'type': 'invalid_request_error', 'param': 'messages', 'code': 'invalid_value'}}","Error code: 400 - {'error': {'message': 'The provided messages contain images, but deepseek-r1-distill-llama-70b does not support image inputs.', 'type': 'invalid_request_error', 'param': 'messages', 'code': 'invalid_value'}}",False,
9322041267_0,deepseek-r1-distill-llama-70b,zero-shot,31,0,0,0,2.4.6|1.3.1|1.4.6|2.1.1|2.4.3,,none,,False,False,False,"Error code: 400 - {'error': {'message': 'The provided messages contain images, but deepseek-r1-distill-llama-70b does not support image inputs.', 'type': 'invalid_request_error', 'param': 'messages', 'code': 'invalid_value'}}","Error code: 400 - {'error': {'message': 'The provided messages contain images, but deepseek-r1-distill-llama-70b does not support image inputs.', 'type': 'invalid_request_error', 'param': 'messages', 'code': 'invalid_value'}}",False,
9777365068_0,deepseek-r1-distill-llama-70b,zero-shot,31,0,0,0,1.4.6,,none,,False,False,False,"Error code: 400 - {'error': {'message': 'The provided messages contain images, but deepseek-r1-distill-llama-70b does not support image inputs.', 'type': 'invalid_request_error', 'param': 'messages', 'code': 'invalid_value'}}","Error code: 400 - {'error': {'message': 'The provided messages contain images, but deepseek-r1-distill-llama-70b does not support image inputs.', 'type': 'invalid_request_error', 'param': 'messages', 'code': 'invalid_value'}}",False,
6234431059_0,deepseek-r1-distill-llama-70b,zero-shot,40,0,0,0,1.3.1|1.4.6|2.4.4|2.4.9|4.1.2|1.4.3,,none,,False,False,False,"Error code: 400 - {'error': {'message': 'The provided messages contain images, but deepseek-r1-distill-llama-70b does not support image inputs.', 'type': 'invalid_request_error', 'param': 'messages', 'code': 'invalid_value'}}","Error code: 400 - {'error': {'message': 'The provided messages contain images, but deepseek-r1-distill-llama-70b does not support image inputs.', 'type': 'invalid_request_error', 'param': 'messages', 'code': 'invalid_value'}}",False,
1683921588_0,deepseek-r1-distill-llama-70b,zero-shot,23,0,0,0,2.2.1,,none,,False,False,False,"Error code: 400 - {'error': {'message': 'The provided messages contain images, but deepseek-r1-distill-llama-70b does not support image inputs.', 'type': 'invalid_request_error', 'param': 'messages', 'code': 'invalid_value'}}","Error code: 400 - {'error': {'message': 'The provided messages contain images, but deepseek-r1-distill-llama-70b does not support image inputs.', 'type': 'invalid_request_error', 'param': 'messages', 'code': 'invalid_value'}}",False,
4710657151_0,deepseek-r1-distill-llama-70b,zero-shot,33,0,0,0,2.4.6|1.4.6|1.1.1,,none,,False,False,False,"Error code: 400 - {'error': {'message': 'The provided messages contain images, but deepseek-r1-distill-llama-70b does not support image inputs.', 'type': 'invalid_request_error', 'param': 'messages', 'code': 'invalid_value'}}","Error code: 400 - {'error': {'message': 'The provided messages contain images, but deepseek-r1-distill-llama-70b does not support image inputs.', 'type': 'invalid_request_error', 'param': 'messages', 'code': 'invalid_value'}}",False,
358_0,deepseek-r1-distill-llama-70b,zero-shot,29,0,0,0,1.4.6|2.4.6|1.3.1,,none,,False,False,False,"Error code: 400 - {'error': {'message': 'The provided messages contain images, but deepseek-r1-distill-llama-70b does not support image inputs.', 'type': 'invalid_request_error', 'param': 'messages', 'code': 'invalid_value'}}","Error code: 400 - {'error': {'message': 'The provided messages contain images, but deepseek-r1-distill-llama-70b does not support image inputs.', 'type': 'invalid_request_error', 'param': 'messages', 'code': 'invalid_value'}}",False,
387_0,deepseek-r1-distill-llama-70b,zero-shot,34,0,0,0,1.4.6|4.1.2,,none,,False,False,False,"Error code: 400 - {'error': {'message': 'The provided messages contain images, but deepseek-r1-distill-llama-70b does not support image inputs.', 'type': 'invalid_request_error', 'param': 'messages', 'code': 'invalid_value'}}","Error code: 400 - {'error': {'message': 'The provided messages contain images, but deepseek-r1-distill-llama-70b does not support image inputs.', 'type': 'invalid_request_error', 'param': 'messages', 'code': 'invalid_value'}}",False,
8987402778_0,deepseek-r1-distill-llama-70b,zero-shot,30,0,0,0,1.1.1|2.4.6|1.3.1|4.1.1|4.1.2,,none,,False,False,False,"Error code: 400 - {'error': {'message': 'The provided messages contain images, but deepseek-r1-distill-llama-70b does not support image inputs.', 'type': 'invalid_request_error', 'param': 'messages', 'code': 'invalid_value'}}","Error code: 400 - {'error': {'message': 'The provided messages contain images, but deepseek-r1-distill-llama-70b does not support image inputs.', 'type': 'invalid_request_error', 'param': 'messages', 'code': 'invalid_value'}}",False,
1083829665_0,deepseek-r1-distill-llama-70b,zero-shot,31,0,0,0,1.4.6|4.1.1|1.4.3,,none,,False,False,False,"Error code: 400 - {'error': {'message': 'The provided messages contain images, but deepseek-r1-distill-llama-70b does not support image inputs.', 'type': 'invalid_request_error', 'param': 'messages', 'code': 'invalid_value'}}","Error code: 400 - {'error': {'message': 'The provided messages contain images, but deepseek-r1-distill-llama-70b does not support image inputs.', 'type': 'invalid_request_error', 'param': 'messages', 'code': 'invalid_value'}}",False,
2551766233_0,deepseek-r1-distill-llama-70b,zero-shot,34,0,0,0,1.4.6|2.4.6|2.4.4|2.4.9,,none,,False,False,False,"Error code: 400 - {'error': {'message': 'The provided messages contain images, but deepseek-r1-distill-llama-70b does not support image inputs.', 'type': 'invalid_request_error', 'param': 'messages', 'code': 'invalid_value'}}","Error code: 400 - {'error': {'message': 'The provided messages contain images, but deepseek-r1-distill-llama-70b does not support image inputs.', 'type': 'invalid_request_error', 'param': 'messages', 'code': 'invalid_value'}}",False,
9637552863_0,deepseek-r1-distill-llama-70b,zero-shot,40,0,0,0,1.4.6|2.4.6|1.3.1,,none,,False,False,False,"Error code: 400 - {'error': {'message': 'The provided messages contain images, but deepseek-r1-distill-llama-70b does not support image inputs.', 'type': 'invalid_request_error', 'param': 'messages', 'code': 'invalid_value'}}","Error code: 400 - {'error': {'message': 'The provided messages contain images, but deepseek-r1-distill-llama-70b does not support image inputs.', 'type': 'invalid_request_error', 'param': 'messages', 'code': 'invalid_value'}}",False,
557_0,deepseek-r1-distill-llama-70b,zero-shot,30,0,0,0,1.3.1|2.4.9|1.4.6|2.4.4|4.1.1|4.1.2|1.4.3,,none,,False,False,False,"Error code: 400 - {'error': {'message': 'The provided messages contain images, but deepseek-r1-distill-llama-70b does not support image inputs.', 'type': 'invalid_request_error', 'param': 'messages', 'code': 'invalid_value'}}","Error code: 400 - {'error': {'message': 'The provided messages contain images, but deepseek-r1-distill-llama-70b does not support image inputs.', 'type': 'invalid_request_error', 'param': 'messages', 'code': 'invalid_value'}}",False,
558_0,deepseek-r1-distill-llama-70b,zero-shot,42,0,0,0,1.3.1|2.4.9|1.4.6|2.4.4|4.1.1|4.1.2|1.4.3,,none,,False,False,False,"Error code: 400 - {'error': {'message': 'The provided messages contain images, but deepseek-r1-distill-llama-70b does not support image inputs.', 'type': 'invalid_request_error', 'param': 'messages', 'code': 'invalid_value'}}","Error code: 400 - {'error': {'message': 'The provided messages contain images, but deepseek-r1-distill-llama-70b does not support image inputs.', 'type': 'invalid_request_error', 'param': 'messages', 'code': 'invalid_value'}}",False,
559_0,deepseek-r1-distill-llama-70b,zero-shot,39,0,0,0,1.3.1|2.4.9|1.4.6|2.4.4|4.1.1|4.1.2|1.4.3,,none,,False,False,False,"Error code: 400 - {'error': {'message': 'The provided messages contain images, but deepseek-r1-distill-llama-70b does not support image inputs.', 'type': 'invalid_request_error', 'param': 'messages', 'code': 'invalid_value'}}","Error code: 400 - {'error': {'message': 'The provided messages contain images, but deepseek-r1-distill-llama-70b does not support image inputs.', 'type': 'invalid_request_error', 'param': 'messages', 'code': 'invalid_value'}}",False,
5992521276_0,deepseek-r1-distill-llama-70b,zero-shot,29,0,0,0,1.1.1|2.4.6|2.4.9|1.4.6|2.4.4|4.1.1|4.1.2|1.4.3,,none,,False,False,False,"Error code: 400 - {'error': {'message': 'The provided messages contain images, but deepseek-r1-distill-llama-70b does not support image inputs.', 'type': 'invalid_request_error', 'param': 'messages', 'code': 'invalid_value'}}","Error code: 400 - {'error': {'message': 'The provided messages contain images, but deepseek-r1-distill-llama-70b does not support image inputs.', 'type': 'invalid_request_error', 'param': 'messages', 'code': 'invalid_value'}}",False,
51_0,deepseek-r1-distill-llama-70b,zero-shot,33,0,0,0,1.4.6|1.3.1,,none,,False,False,False,"Error code: 400 - {'error': {'message': 'The provided messages contain images, but deepseek-r1-distill-llama-70b does not support image inputs.', 'type': 'invalid_request_error', 'param': 'messages', 'code': 'invalid_value'}}","Error code: 400 - {'error': {'message': 'The provided messages contain images, but deepseek-r1-distill-llama-70b does not support image inputs.', 'type': 'invalid_request_error', 'param': 'messages', 'code': 'invalid_value'}}",False,
52_0,deepseek-r1-distill-llama-70b,zero-shot,55,0,0,0,1.3.1|4.1.1|4.1.2,,none,,False,False,False,"Error code: 400 - {'error': {'message': 'The provided messages contain images, but deepseek-r1-distill-llama-70b does not support image inputs.', 'type': 'invalid_request_error', 'param': 'messages', 'code': 'invalid_value'}}","Error code: 400 - {'error': {'message': 'The provided messages contain images, but deepseek-r1-distill-llama-70b does not support image inputs.', 'type': 'invalid_request_error', 'param': 'messages', 'code': 'invalid_value'}}",False,
404_0,deepseek-r1-distill-llama-70b,zero-shot,30,0,0,0,2.4.6|1.3.1,,none,,False,False,False,"Error code: 400 - {'error': {'message': 'The provided messages contain images, but deepseek-r1-distill-llama-70b does not support image inputs.', 'type': 'invalid_request_error', 'param': 'messages', 'code': 'invalid_value'}}","Error code: 400 - {'error': {'message': 'The provided messages contain images, but deepseek-r1-distill-llama-70b does not support image inputs.', 'type': 'invalid_request_error', 'param': 'messages', 'code': 'invalid_value'}}",False,
257_0,deepseek-r1-distill-llama-70b,zero-shot,42,0,0,0,2.4.6|1.1.1|1.3.1|1.4.6|2.4.4|2.4.9,,none,,False,False,False,"Error code: 400 - {'error': {'message': 'The provided messages contain images, but deepseek-r1-distill-llama-70b does not support image inputs.', 'type': 'invalid_request_error', 'param': 'messages', 'code': 'invalid_value'}}","Error code: 400 - {'error': {'message': 'The provided messages contain images, but deepseek-r1-distill-llama-70b does not support image inputs.', 'type': 'invalid_request_error', 'param': 'messages', 'code': 'invalid_value'}}",False,
371_0,deepseek-r1-distill-llama-70b,zero-shot,33,0,0,0,1.4.6|2.1.1|2.4.9|2.4.4|4.1.1|4.1.2|2.4.3|2.4.6|1.3.1|1.4.3,,none,,False,False,False,"Error code: 400 - {'error': {'message': 'The provided messages contain images, but deepseek-r1-distill-llama-70b does not support image inputs.', 'type': 'invalid_request_error', 'param': 'messages', 'code': 'invalid_value'}}","Error code: 400 - {'error': {'message': 'The provided messages contain images, but deepseek-r1-distill-llama-70b does not support image inputs.', 'type': 'invalid_request_error', 'param': 'messages', 'code': 'invalid_value'}}",False,
7918200647_0,deepseek-r1-distill-llama-70b,zero-shot,33,0,0,0,2.4.6|2.4.2|1.3.1|3.1.1,,none,,False,False,False,"Error code: 400 - {'error': {'message': 'The provided messages contain images, but deepseek-r1-distill-llama-70b does not support image inputs.', 'type': 'invalid_request_error', 'param': 'messages', 'code': 'invalid_value'}}","Error code: 400 - {'error': {'message': 'The provided messages contain images, but deepseek-r1-distill-llama-70b does not support image inputs.', 'type': 'invalid_request_error', 'param': 'messages', 'code': 'invalid_value'}}",False,
7343118135_0,deepseek-r1-distill-llama-70b,zero-shot,26,0,0,0,1.1.1|1.3.1|1.4.4|1.4.6|1.4.3,,none,,False,False,False,"Error code: 400 - {'error': {'message': 'The provided messages contain images, but deepseek-r1-distill-llama-70b does not support image inputs.', 'type': 'invalid_request_error', 'param': 'messages', 'code': 'invalid_value'}}","Error code: 400 - {'error': {'message': 'The provided messages contain images, but deepseek-r1-distill-llama-70b does not support image inputs.', 'type': 'invalid_request_error', 'param': 'messages', 'code': 'invalid_value'}}",False,
6933375342_0,deepseek-r1-distill-llama-70b,zero-shot,29,0,0,0,1.4.6|1.3.1|1.4.4,,none,,False,False,False,"Error code: 400 - {'error': {'message': 'The provided messages contain images, but deepseek-r1-distill-llama-70b does not support image inputs.', 'type': 'invalid_request_error', 'param': 'messages', 'code': 'invalid_value'}}","Error code: 400 - {'error': {'message': 'The provided messages contain images, but deepseek-r1-distill-llama-70b does not support image inputs.', 'type': 'invalid_request_error', 'param': 'messages', 'code': 'invalid_value'}}",False,
5356854547_0,deepseek-r1-distill-llama-70b,zero-shot,46,0,0,0,1.4.6|1.3.1,,none,,False,False,False,"Error code: 400 - {'error': {'message': 'The provided messages contain images, but deepseek-r1-distill-llama-70b does not support image inputs.', 'type': 'invalid_request_error', 'param': 'messages', 'code': 'invalid_value'}}","Error code: 400 - {'error': {'message': 'The provided messages contain images, but deepseek-r1-distill-llama-70b does not support image inputs.', 'type': 'invalid_request_error', 'param': 'messages', 'code': 'invalid_value'}}",False,
337_0,deepseek-r1-distill-llama-70b,zero-shot,27,0,0,0,2.4.6|2.4.9|1.4.6|2.4.4|4.1.1|4.1.2|1.4.3,,none,,False,False,False,"Error code: 400 - {'error': {'message': 'The provided messages contain images, but deepseek-r1-distill-llama-70b does not support image inputs.', 'type': 'invalid_request_error', 'param': 'messages', 'code': 'invalid_value'}}","Error code: 400 - {'error': {'message': 'The provided messages contain images, but deepseek-r1-distill-llama-70b does not support image inputs.', 'type': 'invalid_request_error', 'param': 'messages', 'code': 'invalid_value'}}",False,
2561699022_0,deepseek-r1-distill-llama-70b,zero-shot,34,0,0,0,1.3.1|3.1.1,,none,,False,False,False,"Error code: 400 - {'error': {'message': 'The provided messages contain images, but deepseek-r1-distill-llama-70b does not support image inputs.', 'type': 'invalid_request_error', 'param': 'messages', 'code': 'invalid_value'}}","Error code: 400 - {'error': {'message': 'The provided messages contain images, but deepseek-r1-distill-llama-70b does not support image inputs.', 'type': 'invalid_request_error', 'param': 'messages', 'code': 'invalid_value'}}",False,
6579152806_0,deepseek-r1-distill-llama-70b,zero-shot,36,0,0,0,1.4.6|1.3.1,,none,,False,False,False,"Error code: 400 - {'error': {'message': 'The provided messages contain images, but deepseek-r1-distill-llama-70b does not support image inputs.', 'type': 'invalid_request_error', 'param': 'messages', 'code': 'invalid_value'}}","Error code: 400 - {'error': {'message': 'The provided messages contain images, but deepseek-r1-distill-llama-70b does not support image inputs.', 'type': 'invalid_request_error', 'param': 'messages', 'code': 'invalid_value'}}",False,
2644215829_0,deepseek-r1-distill-llama-70b,zero-shot,44,0,0,0,1.3.1|4.1.2,,none,,False,False,False,"Error code: 400 - {'error': {'message': 'The provided messages contain images, but deepseek-r1-distill-llama-70b does not support image inputs.', 'type': 'invalid_request_error', 'param': 'messages', 'code': 'invalid_value'}}","Error code: 400 - {'error': {'message': 'The provided messages contain images, but deepseek-r1-distill-llama-70b does not support image inputs.', 'type': 'invalid_request_error', 'param': 'messages', 'code': 'invalid_value'}}",False,
8921344296_0,deepseek-r1-distill-llama-70b,zero-shot,30,0,0,0,1.1.1|1.3.1|1.4.4|1.4.6|4.1.2|1.4.3,,none,,False,False,False,"Error code: 400 - {'error': {'message': 'The provided messages contain images, but deepseek-r1-distill-llama-70b does not support image inputs.', 'type': 'invalid_request_error', 'param': 'messages', 'code': 'invalid_value'}}","Error code: 400 - {'error': {'message': 'The provided messages contain images, but deepseek-r1-distill-llama-70b does not support image inputs.', 'type': 'invalid_request_error', 'param': 'messages', 'code': 'invalid_value'}}",False,
286_0,deepseek-r1-distill-llama-70b,zero-shot,43,0,0,0,1.4.6|2.1.1|2.4.9|2.4.4|4.1.1|4.1.2|2.4.3|2.4.6|1.3.1|1.4.3,,none,,False,False,False,"Error code: 400 - {'error': {'message': 'The provided messages contain images, but deepseek-r1-distill-llama-70b does not support image inputs.', 'type': 'invalid_request_error', 'param': 'messages', 'code': 'invalid_value'}}","Error code: 400 - {'error': {'message': 'The provided messages contain images, but deepseek-r1-distill-llama-70b does not support image inputs.', 'type': 'invalid_request_error', 'param': 'messages', 'code': 'invalid_value'}}",False,
524_0,deepseek-r1-distill-llama-70b,zero-shot,38,0,0,0,1.4.6|2.1.1|2.4.9|2.4.4|4.1.1|4.1.2|2.4.3|1.3.1|1.4.3,,none,,False,False,False,"Error code: 400 - {'error': {'message': 'The provided messages contain images, but deepseek-r1-distill-llama-70b does not support image inputs.', 'type': 'invalid_request_error', 'param': 'messages', 'code': 'invalid_value'}}","Error code: 400 - {'error': {'message': 'The provided messages contain images, but deepseek-r1-distill-llama-70b does not support image inputs.', 'type': 'invalid_request_error', 'param': 'messages', 'code': 'invalid_value'}}",False,
522_0,deepseek-r1-distill-llama-70b,zero-shot,30,0,0,0,1.4.6|2.1.1|2.4.4|2.4.9|4.1.2|2.4.3|2.4.6|1.3.1|1.4.3,,none,,False,False,False,"Error code: 400 - {'error': {'message': 'The provided messages contain images, but deepseek-r1-distill-llama-70b does not support image inputs.', 'type': 'invalid_request_error', 'param': 'messages', 'code': 'invalid_value'}}","Error code: 400 - {'error': {'message': 'The provided messages contain images, but deepseek-r1-distill-llama-70b does not support image inputs.', 'type': 'invalid_request_error', 'param': 'messages', 'code': 'invalid_value'}}",False,
526_0,deepseek-r1-distill-llama-70b,zero-shot,44,0,0,0,1.4.6|2.1.1|2.4.9|2.4.4|4.1.1|4.1.2|2.4.3|1.3.1|1.4.3,,none,,False,False,False,"Error code: 400 - {'error': {'message': 'The provided messages contain images, but deepseek-r1-distill-llama-70b does not support image inputs.', 'type': 'invalid_request_error', 'param': 'messages', 'code': 'invalid_value'}}","Error code: 400 - {'error': {'message': 'The provided messages contain images, but deepseek-r1-distill-llama-70b does not support image inputs.', 'type': 'invalid_request_error', 'param': 'messages', 'code': 'invalid_value'}}",False,
523_0,deepseek-r1-distill-llama-70b,zero-shot,37,0,0,0,1.4.6|2.1.1|2.4.9|2.4.4|4.1.1|4.1.2|2.4.3|2.4.6|1.3.1|1.4.3,,none,,False,False,False,"Error code: 400 - {'error': {'message': 'The provided messages contain images, but deepseek-r1-distill-llama-70b does not support image inputs.', 'type': 'invalid_request_error', 'param': 'messages', 'code': 'invalid_value'}}","Error code: 400 - {'error': {'message': 'The provided messages contain images, but deepseek-r1-distill-llama-70b does not support image inputs.', 'type': 'invalid_request_error', 'param': 'messages', 'code': 'invalid_value'}}",False,
525_0,deepseek-r1-distill-llama-70b,zero-shot,32,0,0,0,1.4.6|2.1.1|2.4.9|2.4.4|4.1.1|4.1.2|2.4.3|2.4.6|1.3.1|1.4.3,,none,,False,False,False,"Error code: 400 - {'error': {'message': 'The provided messages contain images, but deepseek-r1-distill-llama-70b does not support image inputs.', 'type': 'invalid_request_error', 'param': 'messages', 'code': 'invalid_value'}}","Error code: 400 - {'error': {'message': 'The provided messages contain images, but deepseek-r1-distill-llama-70b does not support image inputs.', 'type': 'invalid_request_error', 'param': 'messages', 'code': 'invalid_value'}}",False,
3281832154_0,deepseek-r1-distill-llama-70b,zero-shot,31,0,0,0,1.4.6|1.3.1|1.4.3,,none,,False,False,False,"Error code: 400 - {'error': {'message': 'The provided messages contain images, but deepseek-r1-distill-llama-70b does not support image inputs.', 'type': 'invalid_request_error', 'param': 'messages', 'code': 'invalid_value'}}","Error code: 400 - {'error': {'message': 'The provided messages contain images, but deepseek-r1-distill-llama-70b does not support image inputs.', 'type': 'invalid_request_error', 'param': 'messages', 'code': 'invalid_value'}}",False,
4841476546_0,deepseek-r1-distill-llama-70b,zero-shot,61,0,0,0,1.4.6|1.3.1|4.1.2,,none,,False,False,False,"Error code: 400 - {'error': {'message': 'The provided messages contain images, but deepseek-r1-distill-llama-70b does not support image inputs.', 'type': 'invalid_request_error', 'param': 'messages', 'code': 'invalid_value'}}","Error code: 400 - {'error': {'message': 'The provided messages contain images, but deepseek-r1-distill-llama-70b does not support image inputs.', 'type': 'invalid_request_error', 'param': 'messages', 'code': 'invalid_value'}}",False,
109_0,deepseek-r1-distill-llama-70b,zero-shot,30,0,0,0,1.3.1,,none,,False,False,False,"Error code: 400 - {'error': {'message': 'The provided messages contain images, but deepseek-r1-distill-llama-70b does not support image inputs.', 'type': 'invalid_request_error', 'param': 'messages', 'code': 'invalid_value'}}","Error code: 400 - {'error': {'message': 'The provided messages contain images, but deepseek-r1-distill-llama-70b does not support image inputs.', 'type': 'invalid_request_error', 'param': 'messages', 'code': 'invalid_value'}}",False,
4872839958_0,deepseek-r1-distill-llama-70b,zero-shot,48,0,0,0,1.3.1|1.4.4|1.4.6|4.1.1,,none,,False,False,False,"Error code: 400 - {'error': {'message': 'The provided messages contain images, but deepseek-r1-distill-llama-70b does not support image inputs.', 'type': 'invalid_request_error', 'param': 'messages', 'code': 'invalid_value'}}","Error code: 400 - {'error': {'message': 'The provided messages contain images, but deepseek-r1-distill-llama-70b does not support image inputs.', 'type': 'invalid_request_error', 'param': 'messages', 'code': 'invalid_value'}}",False,
7201688552_0,deepseek-r1-distill-llama-70b,zero-shot,31,0,0,0,2.4.6|2.4.2|1.3.1|3.1.1,,none,,False,False,False,"Error code: 400 - {'error': {'message': 'The provided messages contain images, but deepseek-r1-distill-llama-70b does not support image inputs.', 'type': 'invalid_request_error', 'param': 'messages', 'code': 'invalid_value'}}","Error code: 400 - {'error': {'message': 'The provided messages contain images, but deepseek-r1-distill-llama-70b does not support image inputs.', 'type': 'invalid_request_error', 'param': 'messages', 'code': 'invalid_value'}}",False,
28_0,deepseek-r1-distill-llama-70b,zero-shot,45,0,0,0,2.4.6|1.3.1|1.4.6|4.1.1,,none,,False,False,False,"Error code: 400 - {'error': {'message': 'The provided messages contain images, but deepseek-r1-distill-llama-70b does not support image inputs.', 'type': 'invalid_request_error', 'param': 'messages', 'code': 'invalid_value'}}","Error code: 400 - {'error': {'message': 'The provided messages contain images, but deepseek-r1-distill-llama-70b does not support image inputs.', 'type': 'invalid_request_error', 'param': 'messages', 'code': 'invalid_value'}}",False,
732_0,deepseek-r1-distill-llama-70b,zero-shot,36,0,0,0,1.4.6|1.3.1,,none,,False,False,False,"Error code: 400 - {'error': {'message': 'The provided messages contain images, but deepseek-r1-distill-llama-70b does not support image inputs.', 'type': 'invalid_request_error', 'param': 'messages', 'code': 'invalid_value'}}","Error code: 400 - {'error': {'message': 'The provided messages contain images, but deepseek-r1-distill-llama-70b does not support image inputs.', 'type': 'invalid_request_error', 'param': 'messages', 'code': 'invalid_value'}}",False,
733_0,deepseek-r1-distill-llama-70b,zero-shot,39,0,0,0,1.4.6|1.3.1,,none,,False,False,False,"Error code: 400 - {'error': {'message': 'The provided messages contain images, but deepseek-r1-distill-llama-70b does not support image inputs.', 'type': 'invalid_request_error', 'param': 'messages', 'code': 'invalid_value'}}","Error code: 400 - {'error': {'message': 'The provided messages contain images, but deepseek-r1-distill-llama-70b does not support image inputs.', 'type': 'invalid_request_error', 'param': 'messages', 'code': 'invalid_value'}}",False,
727_0,deepseek-r1-distill-llama-70b,zero-shot,46,0,0,0,1.4.6|1.3.1,,none,,False,False,False,"Error code: 400 - {'error': {'message': 'The provided messages contain images, but deepseek-r1-distill-llama-70b does not support image inputs.', 'type': 'invalid_request_error', 'param': 'messages', 'code': 'invalid_value'}}","Error code: 400 - {'error': {'message': 'The provided messages contain images, but deepseek-r1-distill-llama-70b does not support image inputs.', 'type': 'invalid_request_error', 'param': 'messages', 'code': 'invalid_value'}}",False,
723_0,deepseek-r1-distill-llama-70b,zero-shot,38,0,0,0,1.4.6|1.3.1,,none,,False,False,False,"Error code: 400 - {'error': {'message': 'The provided messages contain images, but deepseek-r1-distill-llama-70b does not support image inputs.', 'type': 'invalid_request_error', 'param': 'messages', 'code': 'invalid_value'}}","Error code: 400 - {'error': {'message': 'The provided messages contain images, but deepseek-r1-distill-llama-70b does not support image inputs.', 'type': 'invalid_request_error', 'param': 'messages', 'code': 'invalid_value'}}",False,
729_0,deepseek-r1-distill-llama-70b,zero-shot,36,0,0,0,1.4.6|1.3.1,,none,,False,False,False,"Error code: 400 - {'error': {'message': 'The provided messages contain images, but deepseek-r1-distill-llama-70b does not support image inputs.', 'type': 'invalid_request_error', 'param': 'messages', 'code': 'invalid_value'}}","Error code: 400 - {'error': {'message': 'The provided messages contain images, but deepseek-r1-distill-llama-70b does not support image inputs.', 'type': 'invalid_request_error', 'param': 'messages', 'code': 'invalid_value'}}",False,
730_0,deepseek-r1-distill-llama-70b,zero-shot,50,0,0,0,1.4.6|1.3.1,,none,,False,False,False,"Error code: 400 - {'error': {'message': 'The provided messages contain images, but deepseek-r1-distill-llama-70b does not support image inputs.', 'type': 'invalid_request_error', 'param': 'messages', 'code': 'invalid_value'}}","Error code: 400 - {'error': {'message': 'The provided messages contain images, but deepseek-r1-distill-llama-70b does not support image inputs.', 'type': 'invalid_request_error', 'param': 'messages', 'code': 'invalid_value'}}",False,
731_0,deepseek-r1-distill-llama-70b,zero-shot,52,0,0,0,1.4.6|1.3.1,,none,,False,False,False,"Error code: 400 - {'error': {'message': 'The provided messages contain images, but deepseek-r1-distill-llama-70b does not support image inputs.', 'type': 'invalid_request_error', 'param': 'messages', 'code': 'invalid_value'}}","Error code: 400 - {'error': {'message': 'The provided messages contain images, but deepseek-r1-distill-llama-70b does not support image inputs.', 'type': 'invalid_request_error', 'param': 'messages', 'code': 'invalid_value'}}",False,
728_0,deepseek-r1-distill-llama-70b,zero-shot,44,0,0,0,1.4.6|1.3.1,,none,,False,False,False,"Error code: 400 - {'error': {'message': 'The provided messages contain images, but deepseek-r1-distill-llama-70b does not support image inputs.', 'type': 'invalid_request_error', 'param': 'messages', 'code': 'invalid_value'}}","Error code: 400 - {'error': {'message': 'The provided messages contain images, but deepseek-r1-distill-llama-70b does not support image inputs.', 'type': 'invalid_request_error', 'param': 'messages', 'code': 'invalid_value'}}",False,
725_0,deepseek-r1-distill-llama-70b,zero-shot,51,0,0,0,1.4.6|1.3.1,,none,,False,False,False,"Error code: 400 - {'error': {'message': 'The provided messages contain images, but deepseek-r1-distill-llama-70b does not support image inputs.', 'type': 'invalid_request_error', 'param': 'messages', 'code': 'invalid_value'}}","Error code: 400 - {'error': {'message': 'The provided messages contain images, but deepseek-r1-distill-llama-70b does not support image inputs.', 'type': 'invalid_request_error', 'param': 'messages', 'code': 'invalid_value'}}",False,
722_0,deepseek-r1-distill-llama-70b,zero-shot,40,0,0,0,1.4.6|1.3.1,,none,,False,False,False,"Error code: 400 - {'error': {'message': 'The provided messages contain images, but deepseek-r1-distill-llama-70b does not support image inputs.', 'type': 'invalid_request_error', 'param': 'messages', 'code': 'invalid_value'}}","Error code: 400 - {'error': {'message': 'The provided messages contain images, but deepseek-r1-distill-llama-70b does not support image inputs.', 'type': 'invalid_request_error', 'param': 'messages', 'code': 'invalid_value'}}",False,
724_0,deepseek-r1-distill-llama-70b,zero-shot,42,0,0,0,1.4.6|1.3.1,,none,,False,False,False,"Error code: 400 - {'error': {'message': 'The provided messages contain images, but deepseek-r1-distill-llama-70b does not support image inputs.', 'type': 'invalid_request_error', 'param': 'messages', 'code': 'invalid_value'}}","Error code: 400 - {'error': {'message': 'The provided messages contain images, but deepseek-r1-distill-llama-70b does not support image inputs.', 'type': 'invalid_request_error', 'param': 'messages', 'code': 'invalid_value'}}",False,
726_0,deepseek-r1-distill-llama-70b,zero-shot,55,0,0,0,1.4.6|1.3.1,,none,,False,False,False,"Error code: 400 - {'error': {'message': 'The provided messages contain images, but deepseek-r1-distill-llama-70b does not support image inputs.', 'type': 'invalid_request_error', 'param': 'messages', 'code': 'invalid_value'}}","Error code: 400 - {'error': {'message': 'The provided messages contain images, but deepseek-r1-distill-llama-70b does not support image inputs.', 'type': 'invalid_request_error', 'param': 'messages', 'code': 'invalid_value'}}",False,
1394450881_0,deepseek-r1-distill-llama-70b,zero-shot,50,0,0,0,1.4.6|4.1.1|4.1.2,,none,,False,False,False,"Error code: 400 - {'error': {'message': 'The provided messages contain images, but deepseek-r1-distill-llama-70b does not support image inputs.', 'type': 'invalid_request_error', 'param': 'messages', 'code': 'invalid_value'}}","Error code: 400 - {'error': {'message': 'The provided messages contain images, but deepseek-r1-distill-llama-70b does not support image inputs.', 'type': 'invalid_request_error', 'param': 'messages', 'code': 'invalid_value'}}",False,
216_0,deepseek-r1-distill-llama-70b,zero-shot,34,0,0,0,1.4.6|1.3.1,,none,,False,False,False,"Error code: 400 - {'error': {'message': 'The provided messages contain images, but deepseek-r1-distill-llama-70b does not support image inputs.', 'type': 'invalid_request_error', 'param': 'messages', 'code': 'invalid_value'}}","Error code: 400 - {'error': {'message': 'The provided messages contain images, but deepseek-r1-distill-llama-70b does not support image inputs.', 'type': 'invalid_request_error', 'param': 'messages', 'code': 'invalid_value'}}",False,
391_0,deepseek-r1-distill-llama-70b,zero-shot,33,0,0,0,1.4.6|2.4.6|1.3.1,,none,,False,False,False,"Error code: 400 - {'error': {'message': 'The provided messages contain images, but deepseek-r1-distill-llama-70b does not support image inputs.', 'type': 'invalid_request_error', 'param': 'messages', 'code': 'invalid_value'}}","Error code: 400 - {'error': {'message': 'The provided messages contain images, but deepseek-r1-distill-llama-70b does not support image inputs.', 'type': 'invalid_request_error', 'param': 'messages', 'code': 'invalid_value'}}",False,
499022650_0,deepseek-r1-distill-llama-70b,zero-shot,30,0,0,0,1.4.6|2.4.9|2.4.4|4.1.1|4.1.2|2.4.6|1.3.1|1.4.4,,none,,False,False,False,"Error code: 400 - {'error': {'message': 'The provided messages contain images, but deepseek-r1-distill-llama-70b does not support image inputs.', 'type': 'invalid_request_error', 'param': 'messages', 'code': 'invalid_value'}}","Error code: 400 - {'error': {'message': 'The provided messages contain images, but deepseek-r1-distill-llama-70b does not support image inputs.', 'type': 'invalid_request_error', 'param': 'messages', 'code': 'invalid_value'}}",False,
9727821720_0,deepseek-r1-distill-llama-70b,zero-shot,36,0,0,0,1.1.1|1.3.1|1.4.6|4.1.1|4.1.2,,none,,False,False,False,"Error code: 400 - {'error': {'message': 'The provided messages contain images, but deepseek-r1-distill-llama-70b does not support image inputs.', 'type': 'invalid_request_error', 'param': 'messages', 'code': 'invalid_value'}}","Error code: 400 - {'error': {'message': 'The provided messages contain images, but deepseek-r1-distill-llama-70b does not support image inputs.', 'type': 'invalid_request_error', 'param': 'messages', 'code': 'invalid_value'}}",False,
21319415_0,deepseek-r1-distill-llama-70b,zero-shot,34,0,0,0,1.4.6|1.3.1|1.4.3,,none,,False,False,False,"Error code: 400 - {'error': {'message': 'The provided messages contain images, but deepseek-r1-distill-llama-70b does not support image inputs.', 'type': 'invalid_request_error', 'param': 'messages', 'code': 'invalid_value'}}","Error code: 400 - {'error': {'message': 'The provided messages contain images, but deepseek-r1-distill-llama-70b does not support image inputs.', 'type': 'invalid_request_error', 'param': 'messages', 'code': 'invalid_value'}}",False,
8179331530_0,deepseek-r1-distill-llama-70b,zero-shot,17,0,0,0,2.4.6|2.4.2|1.3.1|3.1.1,,none,,False,False,False,"Error code: 400 - {'error': {'message': 'The provided messages contain images, but deepseek-r1-distill-llama-70b does not support image inputs.', 'type': 'invalid_request_error', 'param': 'messages', 'code': 'invalid_value'}}","Error code: 400 - {'error': {'message': 'The provided messages contain images, but deepseek-r1-distill-llama-70b does not support image inputs.', 'type': 'invalid_request_error', 'param': 'messages', 'code': 'invalid_value'}}",False,
9513728892_0,deepseek-r1-distill-llama-70b,zero-shot,49,0,0,0,1.4.6|1.1.1|1.3.1|4.1.2,,none,,False,False,False,"Error code: 400 - {'error': {'message': 'The provided messages contain images, but deepseek-r1-distill-llama-70b does not support image inputs.', 'type': 'invalid_request_error', 'param': 'messages', 'code': 'invalid_value'}}","Error code: 400 - {'error': {'message': 'The provided messages contain images, but deepseek-r1-distill-llama-70b does not support image inputs.', 'type': 'invalid_request_error', 'param': 'messages', 'code': 'invalid_value'}}",False,
7169554469_0,deepseek-r1-distill-llama-70b,zero-shot,36,0,0,0,1.1.1|2.4.6|1.3.1|1.4.6|4.1.1|4.1.2|1.4.3,,none,,False,False,False,"Error code: 400 - {'error': {'message': 'The provided messages contain images, but deepseek-r1-distill-llama-70b does not support image inputs.', 'type': 'invalid_request_error', 'param': 'messages', 'code': 'invalid_value'}}","Error code: 400 - {'error': {'message': 'The provided messages contain images, but deepseek-r1-distill-llama-70b does not support image inputs.', 'type': 'invalid_request_error', 'param': 'messages', 'code': 'invalid_value'}}",False,
702203214_0,deepseek-r1-distill-llama-70b,zero-shot,40,0,0,0,1.4.6|1.1.1|1.3.1,,none,,False,False,False,"Error code: 400 - {'error': {'message': 'The provided messages contain images, but deepseek-r1-distill-llama-70b does not support image inputs.', 'type': 'invalid_request_error', 'param': 'messages', 'code': 'invalid_value'}}","Error code: 400 - {'error': {'message': 'The provided messages contain images, but deepseek-r1-distill-llama-70b does not support image inputs.', 'type': 'invalid_request_error', 'param': 'messages', 'code': 'invalid_value'}}",False,
4183809767_0,deepseek-r1-distill-llama-70b,zero-shot,36,0,0,0,1.4.6|2.4.6|1.3.1,,none,,False,False,False,"Error code: 400 - {'error': {'message': 'The provided messages contain images, but deepseek-r1-distill-llama-70b does not support image inputs.', 'type': 'invalid_request_error', 'param': 'messages', 'code': 'invalid_value'}}","Error code: 400 - {'error': {'message': 'The provided messages contain images, but deepseek-r1-distill-llama-70b does not support image inputs.', 'type': 'invalid_request_error', 'param': 'messages', 'code': 'invalid_value'}}",False,
9115778574_0,deepseek-r1-distill-llama-70b,zero-shot,56,0,0,0,1.4.6|1.3.1,,none,,False,False,False,"Error code: 400 - {'error': {'message': 'The provided messages contain images, but deepseek-r1-distill-llama-70b does not support image inputs.', 'type': 'invalid_request_error', 'param': 'messages', 'code': 'invalid_value'}}","Error code: 400 - {'error': {'message': 'The provided messages contain images, but deepseek-r1-distill-llama-70b does not support image inputs.', 'type': 'invalid_request_error', 'param': 'messages', 'code': 'invalid_value'}}",False,
5511408010_0,deepseek-r1-distill-llama-70b,zero-shot,39,0,0,0,2.4.6|1.3.1|2.4.4|2.4.9|4.1.2,,none,,False,False,False,"Error code: 400 - {'error': {'message': 'The provided messages contain images, but deepseek-r1-distill-llama-70b does not support image inputs.', 'type': 'invalid_request_error', 'param': 'messages', 'code': 'invalid_value'}}","Error code: 400 - {'error': {'message': 'The provided messages contain images, but deepseek-r1-distill-llama-70b does not support image inputs.', 'type': 'invalid_request_error', 'param': 'messages', 'code': 'invalid_value'}}",False,
7611853384_0,deepseek-r1-distill-llama-70b,zero-shot,50,0,0,0,1.4.6|1.3.1,,none,,False,False,False,"Error code: 400 - {'error': {'message': 'The provided messages contain images, but deepseek-r1-distill-llama-70b does not support image inputs.', 'type': 'invalid_request_error', 'param': 'messages', 'code': 'invalid_value'}}","Error code: 400 - {'error': {'message': 'The provided messages contain images, but deepseek-r1-distill-llama-70b does not support image inputs.', 'type': 'invalid_request_error', 'param': 'messages', 'code': 'invalid_value'}}",False,
6171806211_0,deepseek-r1-distill-llama-70b,zero-shot,46,0,0,0,1.4.6|1.3.1|4.1.1,,none,,False,False,False,"Error code: 400 - {'error': {'message': 'The provided messages contain images, but deepseek-r1-distill-llama-70b does not support image inputs.', 'type': 'invalid_request_error', 'param': 'messages', 'code': 'invalid_value'}}","Error code: 400 - {'error': {'message': 'The provided messages contain images, but deepseek-r1-distill-llama-70b does not support image inputs.', 'type': 'invalid_request_error', 'param': 'messages', 'code': 'invalid_value'}}",False,
944160244_0,deepseek-r1-distill-llama-70b,zero-shot,37,0,0,0,1.4.6|2.4.9|2.4.4|4.1.1|3.3.2|4.1.2|1.3.1|1.4.3,,none,,False,False,False,"Error code: 400 - {'error': {'message': 'The provided messages contain images, but deepseek-r1-distill-llama-70b does not support image inputs.', 'type': 'invalid_request_error', 'param': 'messages', 'code': 'invalid_value'}}","Error code: 400 - {'error': {'message': 'The provided messages contain images, but deepseek-r1-distill-llama-70b does not support image inputs.', 'type': 'invalid_request_error', 'param': 'messages', 'code': 'invalid_value'}}",False,
7014268699_0,deepseek-r1-distill-llama-70b,zero-shot,41,0,0,0,1.4.3|1.3.1|1.4.6|4.1.2,,none,,False,False,False,"Error code: 400 - {'error': {'message': 'The provided messages contain images, but deepseek-r1-distill-llama-70b does not support image inputs.', 'type': 'invalid_request_error', 'param': 'messages', 'code': 'invalid_value'}}","Error code: 400 - {'error': {'message': 'The provided messages contain images, but deepseek-r1-distill-llama-70b does not support image inputs.', 'type': 'invalid_request_error', 'param': 'messages', 'code': 'invalid_value'}}",False,
344_0,deepseek-r1-distill-llama-70b,zero-shot,33,0,0,0,1.3.1|2.4.9|1.4.6|2.4.4|4.1.1|4.1.2,,none,,False,False,False,"Error code: 400 - {'error': {'message': 'The provided messages contain images, but deepseek-r1-distill-llama-70b does not support image inputs.', 'type': 'invalid_request_error', 'param': 'messages', 'code': 'invalid_value'}}","Error code: 400 - {'error': {'message': 'The provided messages contain images, but deepseek-r1-distill-llama-70b does not support image inputs.', 'type': 'invalid_request_error', 'param': 'messages', 'code': 'invalid_value'}}",False,
805430153_0,deepseek-r1-distill-llama-70b,zero-shot,26,0,0,0,2.4.6|1.3.1|2.4.9|1.4.6|2.4.4|4.1.1|4.1.2|1.4.3,,none,,False,False,False,"Error code: 400 - {'error': {'message': 'The provided messages contain images, but deepseek-r1-distill-llama-70b does not support image inputs.', 'type': 'invalid_request_error', 'param': 'messages', 'code': 'invalid_value'}}","Error code: 400 - {'error': {'message': 'The provided messages contain images, but deepseek-r1-distill-llama-70b does not support image inputs.', 'type': 'invalid_request_error', 'param': 'messages', 'code': 'invalid_value'}}",False,
4927888957_0,deepseek-r1-distill-llama-70b,zero-shot,31,0,0,0,1.3.1|3.1.1,,none,,False,False,False,"Error code: 400 - {'error': {'message': 'The provided messages contain images, but deepseek-r1-distill-llama-70b does not support image inputs.', 'type': 'invalid_request_error', 'param': 'messages', 'code': 'invalid_value'}}","Error code: 400 - {'error': {'message': 'The provided messages contain images, but deepseek-r1-distill-llama-70b does not support image inputs.', 'type': 'invalid_request_error', 'param': 'messages', 'code': 'invalid_value'}}",False,
5439488327_0,deepseek-r1-distill-llama-70b,zero-shot,32,0,0,0,1.1.1|1.3.1|3.1.1|1.4.6,,none,,False,False,False,"Error code: 400 - {'error': {'message': 'The provided messages contain images, but deepseek-r1-distill-llama-70b does not support image inputs.', 'type': 'invalid_request_error', 'param': 'messages', 'code': 'invalid_value'}}","Error code: 400 - {'error': {'message': 'The provided messages contain images, but deepseek-r1-distill-llama-70b does not support image inputs.', 'type': 'invalid_request_error', 'param': 'messages', 'code': 'invalid_value'}}",False,
68_0,deepseek-r1-distill-llama-70b,zero-shot,31,0,0,0,1.4.6|4.1.1|4.1.2,,none,,False,False,False,"Error code: 400 - {'error': {'message': 'The provided messages contain images, but deepseek-r1-distill-llama-70b does not support image inputs.', 'type': 'invalid_request_error', 'param': 'messages', 'code': 'invalid_value'}}","Error code: 400 - {'error': {'message': 'The provided messages contain images, but deepseek-r1-distill-llama-70b does not support image inputs.', 'type': 'invalid_request_error', 'param': 'messages', 'code': 'invalid_value'}}",False,
382_0,deepseek-r1-distill-llama-70b,zero-shot,32,0,0,0,1.1.1|1.4.6|2.4.9|2.4.4|4.1.1|4.1.2|1.3.1|1.4.3,,none,,False,False,False,"Error code: 400 - {'error': {'message': 'The provided messages contain images, but deepseek-r1-distill-llama-70b does not support image inputs.', 'type': 'invalid_request_error', 'param': 'messages', 'code': 'invalid_value'}}","Error code: 400 - {'error': {'message': 'The provided messages contain images, but deepseek-r1-distill-llama-70b does not support image inputs.', 'type': 'invalid_request_error', 'param': 'messages', 'code': 'invalid_value'}}",False,
244_0,deepseek-r1-distill-llama-70b,zero-shot,40,0,0,0,1.3.1|2.4.9|1.4.6|2.4.4|4.1.1|1.4.3,,none,,False,False,False,"Error code: 400 - {'error': {'message': 'The provided messages contain images, but deepseek-r1-distill-llama-70b does not support image inputs.', 'type': 'invalid_request_error', 'param': 'messages', 'code': 'invalid_value'}}","Error code: 400 - {'error': {'message': 'The provided messages contain images, but deepseek-r1-distill-llama-70b does not support image inputs.', 'type': 'invalid_request_error', 'param': 'messages', 'code': 'invalid_value'}}",False,
1631804793_0,deepseek-r1-distill-llama-70b,zero-shot,30,0,0,0,2.4.3|1.3.1|2.4.9|1.4.6|2.1.1|2.4.4|4.1.1|4.1.2,,none,,False,False,False,"Error code: 400 - {'error': {'message': 'The provided messages contain images, but deepseek-r1-distill-llama-70b does not support image inputs.', 'type': 'invalid_request_error', 'param': 'messages', 'code': 'invalid_value'}}","Error code: 400 - {'error': {'message': 'The provided messages contain images, but deepseek-r1-distill-llama-70b does not support image inputs.', 'type': 'invalid_request_error', 'param': 'messages', 'code': 'invalid_value'}}",False,
5108022623_0,deepseek-r1-distill-llama-70b,zero-shot,56,0,0,0,1.4.6|1.1.1|1.3.1|4.1.1,,none,,False,False,False,"Error code: 400 - {'error': {'message': 'The provided messages contain images, but deepseek-r1-distill-llama-70b does not support image inputs.', 'type': 'invalid_request_error', 'param': 'messages', 'code': 'invalid_value'}}","Error code: 400 - {'error': {'message': 'The provided messages contain images, but deepseek-r1-distill-llama-70b does not support image inputs.', 'type': 'invalid_request_error', 'param': 'messages', 'code': 'invalid_value'}}",False,
6323163136_0,deepseek-r1-distill-llama-70b,zero-shot,34,0,0,0,1.4.6|4.1.2,,none,,False,False,False,"Error code: 400 - {'error': {'message': 'The provided messages contain images, but deepseek-r1-distill-llama-70b does not support image inputs.', 'type': 'invalid_request_error', 'param': 'messages', 'code': 'invalid_value'}}","Error code: 400 - {'error': {'message': 'The provided messages contain images, but deepseek-r1-distill-llama-70b does not support image inputs.', 'type': 'invalid_request_error', 'param': 'messages', 'code': 'invalid_value'}}",False,
2099407450_0,deepseek-r1-distill-llama-70b,zero-shot,29,0,0,0,2.4.6|1.3.1|2.4.4|2.4.9,,none,,False,False,False,"Error code: 400 - {'error': {'message': 'The provided messages contain images, but deepseek-r1-distill-llama-70b does not support image inputs.', 'type': 'invalid_request_error', 'param': 'messages', 'code': 'invalid_value'}}","Error code: 400 - {'error': {'message': 'The provided messages contain images, but deepseek-r1-distill-llama-70b does not support image inputs.', 'type': 'invalid_request_error', 'param': 'messages', 'code': 'invalid_value'}}",False,
1161701424_0,deepseek-r1-distill-llama-70b,zero-shot,36,0,0,0,2.4.1|1.4.6|2.1.1|2.4.9|2.4.4|4.1.1|4.1.2|2.4.6|1.3.1,,none,,False,False,False,"Error code: 400 - {'error': {'message': 'The provided messages contain images, but deepseek-r1-distill-llama-70b does not support image inputs.', 'type': 'invalid_request_error', 'param': 'messages', 'code': 'invalid_value'}}","Error code: 400 - {'error': {'message': 'The provided messages contain images, but deepseek-r1-distill-llama-70b does not support image inputs.', 'type': 'invalid_request_error', 'param': 'messages', 'code': 'invalid_value'}}",False,
9219227082_0,deepseek-r1-distill-llama-70b,zero-shot,37,0,0,0,1.4.6,,none,,False,False,False,"Error code: 400 - {'error': {'message': 'The provided messages contain images, but deepseek-r1-distill-llama-70b does not support image inputs.', 'type': 'invalid_request_error', 'param': 'messages', 'code': 'invalid_value'}}","Error code: 400 - {'error': {'message': 'The provided messages contain images, but deepseek-r1-distill-llama-70b does not support image inputs.', 'type': 'invalid_request_error', 'param': 'messages', 'code': 'invalid_value'}}",False,
739501289_0,deepseek-r1-distill-llama-70b,zero-shot,36,0,0,0,1.4.12|1.3.1|2.4.9|1.4.6|2.4.4|4.1.1|4.1.2,,none,,False,False,False,"Error code: 400 - {'error': {'message': 'The provided messages contain images, but deepseek-r1-distill-llama-70b does not support image inputs.', 'type': 'invalid_request_error', 'param': 'messages', 'code': 'invalid_value'}}","Error code: 400 - {'error': {'message': 'The provided messages contain images, but deepseek-r1-distill-llama-70b does not support image inputs.', 'type': 'invalid_request_error', 'param': 'messages', 'code': 'invalid_value'}}",False,
2848237884_0,deepseek-r1-distill-llama-70b,zero-shot,46,0,0,0,1.3.1|1.4.6|4.1.1|4.1.2,,none,,False,False,False,"Error code: 400 - {'error': {'message': 'The provided messages contain images, but deepseek-r1-distill-llama-70b does not support image inputs.', 'type': 'invalid_request_error', 'param': 'messages', 'code': 'invalid_value'}}","Error code: 400 - {'error': {'message': 'The provided messages contain images, but deepseek-r1-distill-llama-70b does not support image inputs.', 'type': 'invalid_request_error', 'param': 'messages', 'code': 'invalid_value'}}",False,
8185584488_0,deepseek-r1-distill-llama-70b,zero-shot,30,0,0,0,2.4.6|1.3.1|1.4.6|4.1.1,,none,,False,False,False,"Error code: 400 - {'error': {'message': 'The provided messages contain images, but deepseek-r1-distill-llama-70b does not support image inputs.', 'type': 'invalid_request_error', 'param': 'messages', 'code': 'invalid_value'}}","Error code: 400 - {'error': {'message': 'The provided messages contain images, but deepseek-r1-distill-llama-70b does not support image inputs.', 'type': 'invalid_request_error', 'param': 'messages', 'code': 'invalid_value'}}",False,
7644158705_0,deepseek-r1-distill-llama-70b,zero-shot,29,0,0,0,1.4.6|4.1.1|1.4.3,,none,,False,False,False,"Error code: 400 - {'error': {'message': 'The provided messages contain images, but deepseek-r1-distill-llama-70b does not support image inputs.', 'type': 'invalid_request_error', 'param': 'messages', 'code': 'invalid_value'}}","Error code: 400 - {'error': {'message': 'The provided messages contain images, but deepseek-r1-distill-llama-70b does not support image inputs.', 'type': 'invalid_request_error', 'param': 'messages', 'code': 'invalid_value'}}",False,
2459242315_0,deepseek-r1-distill-llama-70b,zero-shot,68,0,0,0,2.4.6|1.3.1|3.1.1|2.4.4|2.4.9,,none,,False,False,False,"Error code: 400 - {'error': {'message': 'The provided messages contain images, but deepseek-r1-distill-llama-70b does not support image inputs.', 'type': 'invalid_request_error', 'param': 'messages', 'code': 'invalid_value'}}","Error code: 400 - {'error': {'message': 'The provided messages contain images, but deepseek-r1-distill-llama-70b does not support image inputs.', 'type': 'invalid_request_error', 'param': 'messages', 'code': 'invalid_value'}}",False,
1472999600_0,deepseek-r1-distill-llama-70b,zero-shot,46,0,0,0,2.4.6|1.1.1|1.3.1|1.4.6|4.1.1|4.1.2|1.4.3,,none,,False,False,False,"Error code: 400 - {'error': {'message': 'The provided messages contain images, but deepseek-r1-distill-llama-70b does not support image inputs.', 'type': 'invalid_request_error', 'param': 'messages', 'code': 'invalid_value'}}","Error code: 400 - {'error': {'message': 'The provided messages contain images, but deepseek-r1-distill-llama-70b does not support image inputs.', 'type': 'invalid_request_error', 'param': 'messages', 'code': 'invalid_value'}}",False,
8734339493_0,deepseek-r1-distill-llama-70b,zero-shot,40,0,0,0,1.4.6|1.1.1|1.3.1|4.1.1,,none,,False,False,False,"Error code: 400 - {'error': {'message': 'The provided messages contain images, but deepseek-r1-distill-llama-70b does not support image inputs.', 'type': 'invalid_request_error', 'param': 'messages', 'code': 'invalid_value'}}","Error code: 400 - {'error': {'message': 'The provided messages contain images, but deepseek-r1-distill-llama-70b does not support image inputs.', 'type': 'invalid_request_error', 'param': 'messages', 'code': 'invalid_value'}}",False,
354_0,deepseek-r1-distill-llama-70b,zero-shot,38,0,0,0,1.4.6|1.3.1|4.1.2,,none,,False,False,False,"Error code: 400 - {'error': {'message': 'The provided messages contain images, but deepseek-r1-distill-llama-70b does not support image inputs.', 'type': 'invalid_request_error', 'param': 'messages', 'code': 'invalid_value'}}","Error code: 400 - {'error': {'message': 'The provided messages contain images, but deepseek-r1-distill-llama-70b does not support image inputs.', 'type': 'invalid_request_error', 'param': 'messages', 'code': 'invalid_value'}}",False,
7928264163_0,deepseek-r1-distill-llama-70b,zero-shot,42,0,0,0,1.3.1|2.4.9|1.4.6|2.4.4|4.1.1|4.1.2|1.4.3,,none,,False,False,False,"Error code: 400 - {'error': {'message': 'The provided messages contain images, but deepseek-r1-distill-llama-70b does not support image inputs.', 'type': 'invalid_request_error', 'param': 'messages', 'code': 'invalid_value'}}","Error code: 400 - {'error': {'message': 'The provided messages contain images, but deepseek-r1-distill-llama-70b does not support image inputs.', 'type': 'invalid_request_error', 'param': 'messages', 'code': 'invalid_value'}}",False,
6768581677_0,deepseek-r1-distill-llama-70b,zero-shot,49,0,0,0,1.4.6|1.3.1|4.1.1,,none,,False,False,False,"Error code: 400 - {'error': {'message': 'The provided messages contain images, but deepseek-r1-distill-llama-70b does not support image inputs.', 'type': 'invalid_request_error', 'param': 'messages', 'code': 'invalid_value'}}","Error code: 400 - {'error': {'message': 'The provided messages contain images, but deepseek-r1-distill-llama-70b does not support image inputs.', 'type': 'invalid_request_error', 'param': 'messages', 'code': 'invalid_value'}}",False,
1885857067_0,deepseek-r1-distill-llama-70b,zero-shot,37,0,0,0,2.4.6|1.4.6|1.1.1|1.4.3,,none,,False,False,False,"Error code: 400 - {'error': {'message': 'The provided messages contain images, but deepseek-r1-distill-llama-70b does not support image inputs.', 'type': 'invalid_request_error', 'param': 'messages', 'code': 'invalid_value'}}","Error code: 400 - {'error': {'message': 'The provided messages contain images, but deepseek-r1-distill-llama-70b does not support image inputs.', 'type': 'invalid_request_error', 'param': 'messages', 'code': 'invalid_value'}}",False,
5385474195_0,deepseek-r1-distill-llama-70b,zero-shot,27,0,0,0,1.4.6|1.3.1|4.1.2,,none,,False,False,False,"Error code: 400 - {'error': {'message': 'The provided messages contain images, but deepseek-r1-distill-llama-70b does not support image inputs.', 'type': 'invalid_request_error', 'param': 'messages', 'code': 'invalid_value'}}","Error code: 400 - {'error': {'message': 'The provided messages contain images, but deepseek-r1-distill-llama-70b does not support image inputs.', 'type': 'invalid_request_error', 'param': 'messages', 'code': 'invalid_value'}}",False,
4888426482_0,deepseek-r1-distill-llama-70b,zero-shot,42,0,0,0,2.4.1|1.4.6|2.4.9|2.4.4|4.1.1|4.1.2|2.4.6|1.3.1|1.4.4|1.4.3,,none,,False,False,False,"Error code: 400 - {'error': {'message': 'The provided messages contain images, but deepseek-r1-distill-llama-70b does not support image inputs.', 'type': 'invalid_request_error', 'param': 'messages', 'code': 'invalid_value'}}","Error code: 400 - {'error': {'message': 'The provided messages contain images, but deepseek-r1-distill-llama-70b does not support image inputs.', 'type': 'invalid_request_error', 'param': 'messages', 'code': 'invalid_value'}}",False,
236_0,deepseek-r1-distill-llama-70b,zero-shot,31,0,0,0,1.3.1,,none,,False,False,False,"Error code: 400 - {'error': {'message': 'The provided messages contain images, but deepseek-r1-distill-llama-70b does not support image inputs.', 'type': 'invalid_request_error', 'param': 'messages', 'code': 'invalid_value'}}","Error code: 400 - {'error': {'message': 'The provided messages contain images, but deepseek-r1-distill-llama-70b does not support image inputs.', 'type': 'invalid_request_error', 'param': 'messages', 'code': 'invalid_value'}}",False,
4365991990_0,deepseek-r1-distill-llama-70b,zero-shot,35,0,0,0,1.1.1|1.4.6|2.4.9|2.4.4|4.1.1|4.1.2|1.3.1|1.4.3,,none,,False,False,False,"Error code: 400 - {'error': {'message': 'The provided messages contain images, but deepseek-r1-distill-llama-70b does not support image inputs.', 'type': 'invalid_request_error', 'param': 'messages', 'code': 'invalid_value'}}","Error code: 400 - {'error': {'message': 'The provided messages contain images, but deepseek-r1-distill-llama-70b does not support image inputs.', 'type': 'invalid_request_error', 'param': 'messages', 'code': 'invalid_value'}}",False,
1072199356_0,deepseek-r1-distill-llama-70b,zero-shot,29,0,0,0,1.3.1,,none,,False,False,False,"Error code: 400 - {'error': {'message': 'The provided messages contain images, but deepseek-r1-distill-llama-70b does not support image inputs.', 'type': 'invalid_request_error', 'param': 'messages', 'code': 'invalid_value'}}","Error code: 400 - {'error': {'message': 'The provided messages contain images, but deepseek-r1-distill-llama-70b does not support image inputs.', 'type': 'invalid_request_error', 'param': 'messages', 'code': 'invalid_value'}}",False,
4912544535_0,deepseek-r1-distill-llama-70b,zero-shot,35,0,0,0,1.1.1|1.4.6|2.4.9|2.4.4|4.1.1|4.1.2|1.3.1|1.4.4|1.4.3,,none,,False,False,False,"Error code: 400 - {'error': {'message': 'The provided messages contain images, but deepseek-r1-distill-llama-70b does not support image inputs.', 'type': 'invalid_request_error', 'param': 'messages', 'code': 'invalid_value'}}","Error code: 400 - {'error': {'message': 'The provided messages contain images, but deepseek-r1-distill-llama-70b does not support image inputs.', 'type': 'invalid_request_error', 'param': 'messages', 'code': 'invalid_value'}}",False,
1506920243_0,deepseek-r1-distill-llama-70b,zero-shot,31,0,0,0,2.4.6|1.3.1|3.1.1,,none,,False,False,False,"Error code: 400 - {'error': {'message': 'The provided messages contain images, but deepseek-r1-distill-llama-70b does not support image inputs.', 'type': 'invalid_request_error', 'param': 'messages', 'code': 'invalid_value'}}","Error code: 400 - {'error': {'message': 'The provided messages contain images, but deepseek-r1-distill-llama-70b does not support image inputs.', 'type': 'invalid_request_error', 'param': 'messages', 'code': 'invalid_value'}}",False,
508_0,deepseek-r1-distill-llama-70b,zero-shot,41,0,0,0,1.1.1|1.3.1|1.4.6|2.4.4|2.4.9|4.1.2,,none,,False,False,False,"Error code: 400 - {'error': {'message': 'The provided messages contain images, but deepseek-r1-distill-llama-70b does not support image inputs.', 'type': 'invalid_request_error', 'param': 'messages', 'code': 'invalid_value'}}","Error code: 400 - {'error': {'message': 'The provided messages contain images, but deepseek-r1-distill-llama-70b does not support image inputs.', 'type': 'invalid_request_error', 'param': 'messages', 'code': 'invalid_value'}}",False,
506_0,deepseek-r1-distill-llama-70b,zero-shot,45,0,0,0,1.1.1|1.3.1|1.4.6|2.4.4|2.4.9|4.1.2,,none,,False,False,False,"Error code: 400 - {'error': {'message': 'The provided messages contain images, but deepseek-r1-distill-llama-70b does not support image inputs.', 'type': 'invalid_request_error', 'param': 'messages', 'code': 'invalid_value'}}","Error code: 400 - {'error': {'message': 'The provided messages contain images, but deepseek-r1-distill-llama-70b does not support image inputs.', 'type': 'invalid_request_error', 'param': 'messages', 'code': 'invalid_value'}}",False,
507_0,deepseek-r1-distill-llama-70b,zero-shot,36,0,0,0,1.1.1|1.3.1|1.4.6|2.4.4|2.4.9|4.1.2,,none,,False,False,False,"Error code: 400 - {'error': {'message': 'The provided messages contain images, but deepseek-r1-distill-llama-70b does not support image inputs.', 'type': 'invalid_request_error', 'param': 'messages', 'code': 'invalid_value'}}","Error code: 400 - {'error': {'message': 'The provided messages contain images, but deepseek-r1-distill-llama-70b does not support image inputs.', 'type': 'invalid_request_error', 'param': 'messages', 'code': 'invalid_value'}}",False,
26_0,deepseek-r1-distill-llama-70b,zero-shot,34,0,0,0,1.1.1|1.3.1|1.4.6|2.4.4|2.4.9|4.1.2|1.4.3,,none,,False,False,False,"Error code: 400 - {'error': {'message': 'The provided messages contain images, but deepseek-r1-distill-llama-70b does not support image inputs.', 'type': 'invalid_request_error', 'param': 'messages', 'code': 'invalid_value'}}","Error code: 400 - {'error': {'message': 'The provided messages contain images, but deepseek-r1-distill-llama-70b does not support image inputs.', 'type': 'invalid_request_error', 'param': 'messages', 'code': 'invalid_value'}}",False,
9990083020_0,deepseek-r1-distill-llama-70b,zero-shot,46,0,0,0,1.4.6|2.4.6|1.3.1,,none,,False,False,False,"Error code: 400 - {'error': {'message': 'The provided messages contain images, but deepseek-r1-distill-llama-70b does not support image inputs.', 'type': 'invalid_request_error', 'param': 'messages', 'code': 'invalid_value'}}","Error code: 400 - {'error': {'message': 'The provided messages contain images, but deepseek-r1-distill-llama-70b does not support image inputs.', 'type': 'invalid_request_error', 'param': 'messages', 'code': 'invalid_value'}}",False,
38_0,deepseek-r1-distill-llama-70b,zero-shot,33,0,0,0,2.4.6|2.4.2|1.3.1|3.1.1,,none,,False,False,False,"Error code: 400 - {'error': {'message': 'The provided messages contain images, but deepseek-r1-distill-llama-70b does not support image inputs.', 'type': 'invalid_request_error', 'param': 'messages', 'code': 'invalid_value'}}","Error code: 400 - {'error': {'message': 'The provided messages contain images, but deepseek-r1-distill-llama-70b does not support image inputs.', 'type': 'invalid_request_error', 'param': 'messages', 'code': 'invalid_value'}}",False,
6413090819_0,deepseek-r1-distill-llama-70b,zero-shot,47,0,0,0,1.4.6|1.3.1|1.4.3,,none,,False,False,False,"Error code: 400 - {'error': {'message': 'The provided messages contain images, but deepseek-r1-distill-llama-70b does not support image inputs.', 'type': 'invalid_request_error', 'param': 'messages', 'code': 'invalid_value'}}","Error code: 400 - {'error': {'message': 'The provided messages contain images, but deepseek-r1-distill-llama-70b does not support image inputs.', 'type': 'invalid_request_error', 'param': 'messages', 'code': 'invalid_value'}}",False,
252_0,deepseek-r1-distill-llama-70b,zero-shot,34,0,0,0,1.1.1|1.3.1|2.4.9|1.4.6|2.4.4|4.1.1|1.4.3,,none,,False,False,False,"Error code: 400 - {'error': {'message': 'The provided messages contain images, but deepseek-r1-distill-llama-70b does not support image inputs.', 'type': 'invalid_request_error', 'param': 'messages', 'code': 'invalid_value'}}","Error code: 400 - {'error': {'message': 'The provided messages contain images, but deepseek-r1-distill-llama-70b does not support image inputs.', 'type': 'invalid_request_error', 'param': 'messages', 'code': 'invalid_value'}}",False,
3221942806_0,deepseek-r1-distill-llama-70b,zero-shot,49,0,0,0,3.3.2|1.4.6|1.4.3,,none,,False,False,False,"Error code: 400 - {'error': {'message': 'The provided messages contain images, but deepseek-r1-distill-llama-70b does not support image inputs.', 'type': 'invalid_request_error', 'param': 'messages', 'code': 'invalid_value'}}","Error code: 400 - {'error': {'message': 'The provided messages contain images, but deepseek-r1-distill-llama-70b does not support image inputs.', 'type': 'invalid_request_error', 'param': 'messages', 'code': 'invalid_value'}}",False,
169_0,deepseek-r1-distill-llama-70b,zero-shot,45,0,0,0,1.3.1|1.4.4|1.4.6|4.1.1|4.1.2,,none,,False,False,False,"Error code: 400 - {'error': {'message': 'The provided messages contain images, but deepseek-r1-distill-llama-70b does not support image inputs.', 'type': 'invalid_request_error', 'param': 'messages', 'code': 'invalid_value'}}","Error code: 400 - {'error': {'message': 'The provided messages contain images, but deepseek-r1-distill-llama-70b does not support image inputs.', 'type': 'invalid_request_error', 'param': 'messages', 'code': 'invalid_value'}}",False,
6699878654_0,deepseek-r1-distill-llama-70b,zero-shot,43,0,0,0,1.1.1|1.4.6|2.4.4|2.4.9|4.1.2|2.4.6|1.3.1|1.4.3,,none,,False,False,False,"Error code: 400 - {'error': {'message': 'The provided messages contain images, but deepseek-r1-distill-llama-70b does not support image inputs.', 'type': 'invalid_request_error', 'param': 'messages', 'code': 'invalid_value'}}","Error code: 400 - {'error': {'message': 'The provided messages contain images, but deepseek-r1-distill-llama-70b does not support image inputs.', 'type': 'invalid_request_error', 'param': 'messages', 'code': 'invalid_value'}}",False,
392_0,deepseek-r1-distill-llama-70b,zero-shot,32,0,0,0,1.1.1|1.4.6|2.4.9|2.4.4|4.1.1|1.3.1|1.4.4|1.4.3,,none,,False,False,False,"Error code: 400 - {'error': {'message': 'The provided messages contain images, but deepseek-r1-distill-llama-70b does not support image inputs.', 'type': 'invalid_request_error', 'param': 'messages', 'code': 'invalid_value'}}","Error code: 400 - {'error': {'message': 'The provided messages contain images, but deepseek-r1-distill-llama-70b does not support image inputs.', 'type': 'invalid_request_error', 'param': 'messages', 'code': 'invalid_value'}}",False,
326_0,deepseek-r1-distill-llama-70b,zero-shot,34,0,0,0,1.3.1|1.4.4|1.4.6|4.1.2|1.4.3,,none,,False,False,False,"Error code: 400 - {'error': {'message': 'The provided messages contain images, but deepseek-r1-distill-llama-70b does not support image inputs.', 'type': 'invalid_request_error', 'param': 'messages', 'code': 'invalid_value'}}","Error code: 400 - {'error': {'message': 'The provided messages contain images, but deepseek-r1-distill-llama-70b does not support image inputs.', 'type': 'invalid_request_error', 'param': 'messages', 'code': 'invalid_value'}}",False,
9915679548_0,deepseek-r1-distill-llama-70b,zero-shot,32,0,0,0,1.1.1|1.3.1|1.4.6|2.4.4|2.4.9|1.4.3,,none,,False,False,False,"Error code: 400 - {'error': {'message': 'The provided messages contain images, but deepseek-r1-distill-llama-70b does not support image inputs.', 'type': 'invalid_request_error', 'param': 'messages', 'code': 'invalid_value'}}","Error code: 400 - {'error': {'message': 'The provided messages contain images, but deepseek-r1-distill-llama-70b does not support image inputs.', 'type': 'invalid_request_error', 'param': 'messages', 'code': 'invalid_value'}}",False,
3131917710_0,deepseek-r1-distill-llama-70b,zero-shot,26,0,0,0,1.3.1|2.4.9|1.4.6|2.4.4|4.1.1|4.1.2|1.4.3,,none,,False,False,False,"Error code: 400 - {'error': {'message': 'The provided messages contain images, but deepseek-r1-distill-llama-70b does not support image inputs.', 'type': 'invalid_request_error', 'param': 'messages', 'code': 'invalid_value'}}","Error code: 400 - {'error': {'message': 'The provided messages contain images, but deepseek-r1-distill-llama-70b does not support image inputs.', 'type': 'invalid_request_error', 'param': 'messages', 'code': 'invalid_value'}}",False,
145563147_0,deepseek-r1-distill-llama-70b,zero-shot,30,0,0,0,2.4.6|2.4.2|1.3.1|3.1.1,,none,,False,False,False,"Error code: 400 - {'error': {'message': 'The provided messages contain images, but deepseek-r1-distill-llama-70b does not support image inputs.', 'type': 'invalid_request_error', 'param': 'messages', 'code': 'invalid_value'}}","Error code: 400 - {'error': {'message': 'The provided messages contain images, but deepseek-r1-distill-llama-70b does not support image inputs.', 'type': 'invalid_request_error', 'param': 'messages', 'code': 'invalid_value'}}",False,
5881075695_0,deepseek-r1-distill-llama-70b,zero-shot,33,0,0,0,1.4.6|1.3.1,,none,,False,False,False,"Error code: 400 - {'error': {'message': 'The provided messages contain images, but deepseek-r1-distill-llama-70b does not support image inputs.', 'type': 'invalid_request_error', 'param': 'messages', 'code': 'invalid_value'}}","Error code: 400 - {'error': {'message': 'The provided messages contain images, but deepseek-r1-distill-llama-70b does not support image inputs.', 'type': 'invalid_request_error', 'param': 'messages', 'code': 'invalid_value'}}",False,
1851235277_0,deepseek-r1-distill-llama-70b,zero-shot,23,0,0,0,1.3.1|1.4.4|3.1.1|1.4.6,,none,,False,False,False,"Error code: 400 - {'error': {'message': 'The provided messages contain images, but deepseek-r1-distill-llama-70b does not support image inputs.', 'type': 'invalid_request_error', 'param': 'messages', 'code': 'invalid_value'}}","Error code: 400 - {'error': {'message': 'The provided messages contain images, but deepseek-r1-distill-llama-70b does not support image inputs.', 'type': 'invalid_request_error', 'param': 'messages', 'code': 'invalid_value'}}",False,
265528793_0,deepseek-r1-distill-llama-70b,zero-shot,43,0,0,0,2.4.3|1.4.3|1.3.1|1.4.4|1.4.6|2.1.1|4.1.2,,none,,False,False,False,"Error code: 400 - {'error': {'message': 'The provided messages contain images, but deepseek-r1-distill-llama-70b does not support image inputs.', 'type': 'invalid_request_error', 'param': 'messages', 'code': 'invalid_value'}}","Error code: 400 - {'error': {'message': 'The provided messages contain images, but deepseek-r1-distill-llama-70b does not support image inputs.', 'type': 'invalid_request_error', 'param': 'messages', 'code': 'invalid_value'}}",False,
4097069082_0,deepseek-r1-distill-llama-70b,zero-shot,39,0,0,0,1.4.6|1.1.1|1.3.1|1.4.3,,none,,False,False,False,"Error code: 400 - {'error': {'message': 'The provided messages contain images, but deepseek-r1-distill-llama-70b does not support image inputs.', 'type': 'invalid_request_error', 'param': 'messages', 'code': 'invalid_value'}}","Error code: 400 - {'error': {'message': 'The provided messages contain images, but deepseek-r1-distill-llama-70b does not support image inputs.', 'type': 'invalid_request_error', 'param': 'messages', 'code': 'invalid_value'}}",False,
7632242029_0,deepseek-r1-distill-llama-70b,zero-shot,35,0,0,0,1.3.1,,none,,False,False,False,"Error code: 400 - {'error': {'message': 'The provided messages contain images, but deepseek-r1-distill-llama-70b does not support image inputs.', 'type': 'invalid_request_error', 'param': 'messages', 'code': 'invalid_value'}}","Error code: 400 - {'error': {'message': 'The provided messages contain images, but deepseek-r1-distill-llama-70b does not support image inputs.', 'type': 'invalid_request_error', 'param': 'messages', 'code': 'invalid_value'}}",False,
5921955571_0,deepseek-r1-distill-llama-70b,zero-shot,26,0,0,0,2.4.6|1.1.1|1.3.1|1.4.4|1.4.6|4.1.2|1.4.3,,none,,False,False,False,"Error code: 400 - {'error': {'message': 'The provided messages contain images, but deepseek-r1-distill-llama-70b does not support image inputs.', 'type': 'invalid_request_error', 'param': 'messages', 'code': 'invalid_value'}}","Error code: 400 - {'error': {'message': 'The provided messages contain images, but deepseek-r1-distill-llama-70b does not support image inputs.', 'type': 'invalid_request_error', 'param': 'messages', 'code': 'invalid_value'}}",False,
8066758432_0,deepseek-r1-distill-llama-70b,zero-shot,31,0,0,0,2.4.6|4.1.1,,none,,False,False,False,"Error code: 400 - {'error': {'message': 'The provided messages contain images, but deepseek-r1-distill-llama-70b does not support image inputs.', 'type': 'invalid_request_error', 'param': 'messages', 'code': 'invalid_value'}}","Error code: 400 - {'error': {'message': 'The provided messages contain images, but deepseek-r1-distill-llama-70b does not support image inputs.', 'type': 'invalid_request_error', 'param': 'messages', 'code': 'invalid_value'}}",False,
9533668246_0,deepseek-r1-distill-llama-70b,zero-shot,30,0,0,0,2.4.6|1.3.1|1.4.6|4.1.2|1.4.3,,none,,False,False,False,"Error code: 400 - {'error': {'message': 'The provided messages contain images, but deepseek-r1-distill-llama-70b does not support image inputs.', 'type': 'invalid_request_error', 'param': 'messages', 'code': 'invalid_value'}}","Error code: 400 - {'error': {'message': 'The provided messages contain images, but deepseek-r1-distill-llama-70b does not support image inputs.', 'type': 'invalid_request_error', 'param': 'messages', 'code': 'invalid_value'}}",False,
9458755226_0,deepseek-r1-distill-llama-70b,zero-shot,32,0,0,0,1.3.1|1.4.6|2.4.4|2.4.9|4.1.2|1.4.3,,none,,False,False,False,"Error code: 400 - {'error': {'message': 'The provided messages contain images, but deepseek-r1-distill-llama-70b does not support image inputs.', 'type': 'invalid_request_error', 'param': 'messages', 'code': 'invalid_value'}}","Error code: 400 - {'error': {'message': 'The provided messages contain images, but deepseek-r1-distill-llama-70b does not support image inputs.', 'type': 'invalid_request_error', 'param': 'messages', 'code': 'invalid_value'}}",False,
4264400098_0,deepseek-r1-distill-llama-70b,zero-shot,34,0,0,0,1.3.1|2.4.9|1.4.6|2.4.4|4.1.1|4.1.2|1.4.3,,none,,False,False,False,"Error code: 400 - {'error': {'message': 'The provided messages contain images, but deepseek-r1-distill-llama-70b does not support image inputs.', 'type': 'invalid_request_error', 'param': 'messages', 'code': 'invalid_value'}}","Error code: 400 - {'error': {'message': 'The provided messages contain images, but deepseek-r1-distill-llama-70b does not support image inputs.', 'type': 'invalid_request_error', 'param': 'messages', 'code': 'invalid_value'}}",False,
8602576754_0,deepseek-r1-distill-llama-70b,zero-shot,32,0,0,0,2.4.6|2.4.2|1.3.1|3.1.1,,none,,False,False,False,"Error code: 400 - {'error': {'message': 'The provided messages contain images, but deepseek-r1-distill-llama-70b does not support image inputs.', 'type': 'invalid_request_error', 'param': 'messages', 'code': 'invalid_value'}}","Error code: 400 - {'error': {'message': 'The provided messages contain images, but deepseek-r1-distill-llama-70b does not support image inputs.', 'type': 'invalid_request_error', 'param': 'messages', 'code': 'invalid_value'}}",False,
3876207056_0,deepseek-r1-distill-llama-70b,zero-shot,29,0,0,0,1.4.6,,none,,False,False,False,"Error code: 400 - {'error': {'message': 'The provided messages contain images, but deepseek-r1-distill-llama-70b does not support image inputs.', 'type': 'invalid_request_error', 'param': 'messages', 'code': 'invalid_value'}}","Error code: 400 - {'error': {'message': 'The provided messages contain images, but deepseek-r1-distill-llama-70b does not support image inputs.', 'type': 'invalid_request_error', 'param': 'messages', 'code': 'invalid_value'}}",False,
263_0,deepseek-r1-distill-llama-70b,zero-shot,27,0,0,0,2.4.6|2.4.2|1.3.1|3.1.1|4.1.2,,none,,False,False,False,"Error code: 400 - {'error': {'message': 'The provided messages contain images, but deepseek-r1-distill-llama-70b does not support image inputs.', 'type': 'invalid_request_error', 'param': 'messages', 'code': 'invalid_value'}}","Error code: 400 - {'error': {'message': 'The provided messages contain images, but deepseek-r1-distill-llama-70b does not support image inputs.', 'type': 'invalid_request_error', 'param': 'messages', 'code': 'invalid_value'}}",False,
119_0,deepseek-r1-distill-llama-70b,zero-shot,35,0,0,0,2.4.6|1.1.1|1.3.1|1.4.6|4.1.1,,none,,False,False,False,"Error code: 400 - {'error': {'message': 'The provided messages contain images, but deepseek-r1-distill-llama-70b does not support image inputs.', 'type': 'invalid_request_error', 'param': 'messages', 'code': 'invalid_value'}}","Error code: 400 - {'error': {'message': 'The provided messages contain images, but deepseek-r1-distill-llama-70b does not support image inputs.', 'type': 'invalid_request_error', 'param': 'messages', 'code': 'invalid_value'}}",False,
234_0,deepseek-r1-distill-llama-70b,zero-shot,45,0,0,0,3.3.2|1.4.6|1.3.1|1.4.3,,none,,False,False,False,"Error code: 400 - {'error': {'message': 'The provided messages contain images, but deepseek-r1-distill-llama-70b does not support image inputs.', 'type': 'invalid_request_error', 'param': 'messages', 'code': 'invalid_value'}}","Error code: 400 - {'error': {'message': 'The provided messages contain images, but deepseek-r1-distill-llama-70b does not support image inputs.', 'type': 'invalid_request_error', 'param': 'messages', 'code': 'invalid_value'}}",False,
420_0,deepseek-r1-distill-llama-70b,zero-shot,44,0,0,0,1.4.6|1.3.1,,none,,False,False,False,"Error code: 400 - {'error': {'message': 'The provided messages contain images, but deepseek-r1-distill-llama-70b does not support image inputs.', 'type': 'invalid_request_error', 'param': 'messages', 'code': 'invalid_value'}}","Error code: 400 - {'error': {'message': 'The provided messages contain images, but deepseek-r1-distill-llama-70b does not support image inputs.', 'type': 'invalid_request_error', 'param': 'messages', 'code': 'invalid_value'}}",False,
58_0,deepseek-r1-distill-llama-70b,zero-shot,27,0,0,0,1.3.1,,none,,False,False,False,"Error code: 400 - {'error': {'message': 'The provided messages contain images, but deepseek-r1-distill-llama-70b does not support image inputs.', 'type': 'invalid_request_error', 'param': 'messages', 'code': 'invalid_value'}}","Error code: 400 - {'error': {'message': 'The provided messages contain images, but deepseek-r1-distill-llama-70b does not support image inputs.', 'type': 'invalid_request_error', 'param': 'messages', 'code': 'invalid_value'}}",False,
413_0,deepseek-r1-distill-llama-70b,zero-shot,36,0,0,0,1.4.6|4.1.1,,none,,False,False,False,"Error code: 400 - {'error': {'message': 'The provided messages contain images, but deepseek-r1-distill-llama-70b does not support image inputs.', 'type': 'invalid_request_error', 'param': 'messages', 'code': 'invalid_value'}}","Error code: 400 - {'error': {'message': 'The provided messages contain images, but deepseek-r1-distill-llama-70b does not support image inputs.', 'type': 'invalid_request_error', 'param': 'messages', 'code': 'invalid_value'}}",False,
4807426702_0,deepseek-r1-distill-llama-70b,zero-shot,28,0,0,0,2.4.6|1.3.1,,none,,False,False,False,"Error code: 400 - {'error': {'message': 'The provided messages contain images, but deepseek-r1-distill-llama-70b does not support image inputs.', 'type': 'invalid_request_error', 'param': 'messages', 'code': 'invalid_value'}}","Error code: 400 - {'error': {'message': 'The provided messages contain images, but deepseek-r1-distill-llama-70b does not support image inputs.', 'type': 'invalid_request_error', 'param': 'messages', 'code': 'invalid_value'}}",False,
3531794931_0,deepseek-r1-distill-llama-70b,zero-shot,35,0,0,0,1.3.1|1.4.4|1.4.6|4.1.1|1.4.3,,none,,False,False,False,"Error code: 400 - {'error': {'message': 'The provided messages contain images, but deepseek-r1-distill-llama-70b does not support image inputs.', 'type': 'invalid_request_error', 'param': 'messages', 'code': 'invalid_value'}}","Error code: 400 - {'error': {'message': 'The provided messages contain images, but deepseek-r1-distill-llama-70b does not support image inputs.', 'type': 'invalid_request_error', 'param': 'messages', 'code': 'invalid_value'}}",False,
8774465854_0,deepseek-r1-distill-llama-70b,zero-shot,47,0,0,0,1.1.1|1.3.1|1.4.6|2.4.4|2.4.9|4.1.2|1.4.3,,none,,False,False,False,"Error code: 400 - {'error': {'message': 'The provided messages contain images, but deepseek-r1-distill-llama-70b does not support image inputs.', 'type': 'invalid_request_error', 'param': 'messages', 'code': 'invalid_value'}}","Error code: 400 - {'error': {'message': 'The provided messages contain images, but deepseek-r1-distill-llama-70b does not support image inputs.', 'type': 'invalid_request_error', 'param': 'messages', 'code': 'invalid_value'}}",False,
9055889873_0,deepseek-r1-distill-llama-70b,zero-shot,28,0,0,0,1.3.1|3.1.1,,none,,False,False,False,"Error code: 400 - {'error': {'message': 'The provided messages contain images, but deepseek-r1-distill-llama-70b does not support image inputs.', 'type': 'invalid_request_error', 'param': 'messages', 'code': 'invalid_value'}}","Error code: 400 - {'error': {'message': 'The provided messages contain images, but deepseek-r1-distill-llama-70b does not support image inputs.', 'type': 'invalid_request_error', 'param': 'messages', 'code': 'invalid_value'}}",False,
107_0,deepseek-r1-distill-llama-70b,zero-shot,53,0,0,0,2.4.6|1.1.1,,none,,False,False,False,"Error code: 400 - {'error': {'message': 'The provided messages contain images, but deepseek-r1-distill-llama-70b does not support image inputs.', 'type': 'invalid_request_error', 'param': 'messages', 'code': 'invalid_value'}}","Error code: 400 - {'error': {'message': 'The provided messages contain images, but deepseek-r1-distill-llama-70b does not support image inputs.', 'type': 'invalid_request_error', 'param': 'messages', 'code': 'invalid_value'}}",False,
6153424620_0,deepseek-r1-distill-llama-70b,zero-shot,53,0,0,0,1.1.1|2.4.6|1.3.1|1.4.4|1.4.6|4.1.2|1.4.3,,none,,False,False,False,"Error code: 400 - {'error': {'message': 'The provided messages contain images, but deepseek-r1-distill-llama-70b does not support image inputs.', 'type': 'invalid_request_error', 'param': 'messages', 'code': 'invalid_value'}}","Error code: 400 - {'error': {'message': 'The provided messages contain images, but deepseek-r1-distill-llama-70b does not support image inputs.', 'type': 'invalid_request_error', 'param': 'messages', 'code': 'invalid_value'}}",False,
4113932095_0,deepseek-r1-distill-llama-70b,zero-shot,37,0,0,0,1.3.1|2.4.9|1.4.6|2.4.4|4.1.1|1.4.3,,none,,False,False,False,"Error code: 400 - {'error': {'message': 'The provided messages contain images, but deepseek-r1-distill-llama-70b does not support image inputs.', 'type': 'invalid_request_error', 'param': 'messages', 'code': 'invalid_value'}}","Error code: 400 - {'error': {'message': 'The provided messages contain images, but deepseek-r1-distill-llama-70b does not support image inputs.', 'type': 'invalid_request_error', 'param': 'messages', 'code': 'invalid_value'}}",False,
4391300162_0,deepseek-r1-distill-llama-70b,zero-shot,34,0,0,0,1.4.6|1.3.1|4.1.1|4.1.2,,none,,False,False,False,"Error code: 400 - {'error': {'message': 'The provided messages contain images, but deepseek-r1-distill-llama-70b does not support image inputs.', 'type': 'invalid_request_error', 'param': 'messages', 'code': 'invalid_value'}}","Error code: 400 - {'error': {'message': 'The provided messages contain images, but deepseek-r1-distill-llama-70b does not support image inputs.', 'type': 'invalid_request_error', 'param': 'messages', 'code': 'invalid_value'}}",False,
3562170487_0,deepseek-r1-distill-llama-70b,zero-shot,41,0,0,0,2.4.6|1.3.1|1.4.4|1.4.6|4.1.1|4.1.2|1.4.3,,none,,False,False,False,"Error code: 400 - {'error': {'message': 'The provided messages contain images, but deepseek-r1-distill-llama-70b does not support image inputs.', 'type': 'invalid_request_error', 'param': 'messages', 'code': 'invalid_value'}}","Error code: 400 - {'error': {'message': 'The provided messages contain images, but deepseek-r1-distill-llama-70b does not support image inputs.', 'type': 'invalid_request_error', 'param': 'messages', 'code': 'invalid_value'}}",False,
305_0,deepseek-r1-distill-llama-70b,zero-shot,32,0,0,0,1.4.6|2.4.6|1.3.1|1.4.3,,none,,False,False,False,"Error code: 400 - {'error': {'message': 'The provided messages contain images, but deepseek-r1-distill-llama-70b does not support image inputs.', 'type': 'invalid_request_error', 'param': 'messages', 'code': 'invalid_value'}}","Error code: 400 - {'error': {'message': 'The provided messages contain images, but deepseek-r1-distill-llama-70b does not support image inputs.', 'type': 'invalid_request_error', 'param': 'messages', 'code': 'invalid_value'}}",False,
2044150440_0,deepseek-r1-distill-llama-70b,zero-shot,35,0,0,0,2.4.6|1.1.1|1.4.6|2.4.4|2.4.9,,none,,False,False,False,"Error code: 400 - {'error': {'message': 'The provided messages contain images, but deepseek-r1-distill-llama-70b does not support image inputs.', 'type': 'invalid_request_error', 'param': 'messages', 'code': 'invalid_value'}}","Error code: 400 - {'error': {'message': 'The provided messages contain images, but deepseek-r1-distill-llama-70b does not support image inputs.', 'type': 'invalid_request_error', 'param': 'messages', 'code': 'invalid_value'}}",False,
4073569427_0,deepseek-r1-distill-llama-70b,zero-shot,31,0,0,0,1.3.1,,none,,False,False,False,"Error code: 400 - {'error': {'message': 'The provided messages contain images, but deepseek-r1-distill-llama-70b does not support image inputs.', 'type': 'invalid_request_error', 'param': 'messages', 'code': 'invalid_value'}}","Error code: 400 - {'error': {'message': 'The provided messages contain images, but deepseek-r1-distill-llama-70b does not support image inputs.', 'type': 'invalid_request_error', 'param': 'messages', 'code': 'invalid_value'}}",False,
8562170592_0,deepseek-r1-distill-llama-70b,zero-shot,25,0,0,0,2.4.6|1.3.1|3.1.1,,none,,False,False,False,"Error code: 400 - {'error': {'message': 'The provided messages contain images, but deepseek-r1-distill-llama-70b does not support image inputs.', 'type': 'invalid_request_error', 'param': 'messages', 'code': 'invalid_value'}}","Error code: 400 - {'error': {'message': 'The provided messages contain images, but deepseek-r1-distill-llama-70b does not support image inputs.', 'type': 'invalid_request_error', 'param': 'messages', 'code': 'invalid_value'}}",False,
2656435105_0,deepseek-r1-distill-llama-70b,zero-shot,44,0,0,0,1.1.1|1.4.6|2.4.9|2.4.4|4.1.1|4.1.2|2.4.6|1.3.1|1.4.4|1.4.3,,none,,False,False,False,"Error code: 400 - {'error': {'message': 'The provided messages contain images, but deepseek-r1-distill-llama-70b does not support image inputs.', 'type': 'invalid_request_error', 'param': 'messages', 'code': 'invalid_value'}}","Error code: 400 - {'error': {'message': 'The provided messages contain images, but deepseek-r1-distill-llama-70b does not support image inputs.', 'type': 'invalid_request_error', 'param': 'messages', 'code': 'invalid_value'}}",False,
6256204254_0,deepseek-r1-distill-llama-70b,zero-shot,33,0,0,0,1.1.1|1.4.6|2.4.9|2.4.4|4.1.1|4.1.2|1.3.1|1.4.3,,none,,False,False,False,"Error code: 400 - {'error': {'message': 'The provided messages contain images, but deepseek-r1-distill-llama-70b does not support image inputs.', 'type': 'invalid_request_error', 'param': 'messages', 'code': 'invalid_value'}}","Error code: 400 - {'error': {'message': 'The provided messages contain images, but deepseek-r1-distill-llama-70b does not support image inputs.', 'type': 'invalid_request_error', 'param': 'messages', 'code': 'invalid_value'}}",False,
511_0,deepseek-r1-distill-llama-70b,zero-shot,32,0,0,0,2.2.1,,none,,False,False,False,"Error code: 400 - {'error': {'message': 'The provided messages contain images, but deepseek-r1-distill-llama-70b does not support image inputs.', 'type': 'invalid_request_error', 'param': 'messages', 'code': 'invalid_value'}}","Error code: 400 - {'error': {'message': 'The provided messages contain images, but deepseek-r1-distill-llama-70b does not support image inputs.', 'type': 'invalid_request_error', 'param': 'messages', 'code': 'invalid_value'}}",False,
440208167_0,deepseek-r1-distill-llama-70b,zero-shot,32,0,0,0,1.3.1|3.1.1,,none,,False,False,False,"Error code: 400 - {'error': {'message': 'The provided messages contain images, but deepseek-r1-distill-llama-70b does not support image inputs.', 'type': 'invalid_request_error', 'param': 'messages', 'code': 'invalid_value'}}","Error code: 400 - {'error': {'message': 'The provided messages contain images, but deepseek-r1-distill-llama-70b does not support image inputs.', 'type': 'invalid_request_error', 'param': 'messages', 'code': 'invalid_value'}}",False,
2786295051_0,deepseek-r1-distill-llama-70b,zero-shot,36,0,0,0,1.4.6|1.4.3|1.3.1|4.1.2,,none,,False,False,False,"Error code: 400 - {'error': {'message': 'The provided messages contain images, but deepseek-r1-distill-llama-70b does not support image inputs.', 'type': 'invalid_request_error', 'param': 'messages', 'code': 'invalid_value'}}","Error code: 400 - {'error': {'message': 'The provided messages contain images, but deepseek-r1-distill-llama-70b does not support image inputs.', 'type': 'invalid_request_error', 'param': 'messages', 'code': 'invalid_value'}}",False,
901536746_0,deepseek-r1-distill-llama-70b,zero-shot,30,0,0,0,1.4.6|1.3.1|1.4.4,,none,,False,False,False,"Error code: 400 - {'error': {'message': 'The provided messages contain images, but deepseek-r1-distill-llama-70b does not support image inputs.', 'type': 'invalid_request_error', 'param': 'messages', 'code': 'invalid_value'}}","Error code: 400 - {'error': {'message': 'The provided messages contain images, but deepseek-r1-distill-llama-70b does not support image inputs.', 'type': 'invalid_request_error', 'param': 'messages', 'code': 'invalid_value'}}",False,
5537562569_0,deepseek-r1-distill-llama-70b,zero-shot,28,0,0,0,1.4.3|1.3.1|1.4.6|4.1.1|4.1.2,,none,,False,False,False,"Error code: 400 - {'error': {'message': 'The provided messages contain images, but deepseek-r1-distill-llama-70b does not support image inputs.', 'type': 'invalid_request_error', 'param': 'messages', 'code': 'invalid_value'}}","Error code: 400 - {'error': {'message': 'The provided messages contain images, but deepseek-r1-distill-llama-70b does not support image inputs.', 'type': 'invalid_request_error', 'param': 'messages', 'code': 'invalid_value'}}",False,
2996541679_0,deepseek-r1-distill-llama-70b,zero-shot,51,0,0,0,1.4.6|1.3.1|1.4.4|4.1.2,,none,,False,False,False,"Error code: 400 - {'error': {'message': 'The provided messages contain images, but deepseek-r1-distill-llama-70b does not support image inputs.', 'type': 'invalid_request_error', 'param': 'messages', 'code': 'invalid_value'}}","Error code: 400 - {'error': {'message': 'The provided messages contain images, but deepseek-r1-distill-llama-70b does not support image inputs.', 'type': 'invalid_request_error', 'param': 'messages', 'code': 'invalid_value'}}",False,
419_0,deepseek-r1-distill-llama-70b,zero-shot,37,0,0,0,1.1.1|1.3.1|1.4.6|4.1.1|4.1.2,,none,,False,False,False,"Error code: 400 - {'error': {'message': 'The provided messages contain images, but deepseek-r1-distill-llama-70b does not support image inputs.', 'type': 'invalid_request_error', 'param': 'messages', 'code': 'invalid_value'}}","Error code: 400 - {'error': {'message': 'The provided messages contain images, but deepseek-r1-distill-llama-70b does not support image inputs.', 'type': 'invalid_request_error', 'param': 'messages', 'code': 'invalid_value'}}",False,
2973108458_0,deepseek-r1-distill-llama-70b,zero-shot,28,0,0,0,1.4.6|1.3.1|1.4.3,,none,,False,False,False,"Error code: 400 - {'error': {'message': 'The provided messages contain images, but deepseek-r1-distill-llama-70b does not support image inputs.', 'type': 'invalid_request_error', 'param': 'messages', 'code': 'invalid_value'}}","Error code: 400 - {'error': {'message': 'The provided messages contain images, but deepseek-r1-distill-llama-70b does not support image inputs.', 'type': 'invalid_request_error', 'param': 'messages', 'code': 'invalid_value'}}",False,
7024248304_0,deepseek-r1-distill-llama-70b,zero-shot,39,0,0,0,1.3.1,,none,,False,False,False,"Error code: 400 - {'error': {'message': 'The provided messages contain images, but deepseek-r1-distill-llama-70b does not support image inputs.', 'type': 'invalid_request_error', 'param': 'messages', 'code': 'invalid_value'}}","Error code: 400 - {'error': {'message': 'The provided messages contain images, but deepseek-r1-distill-llama-70b does not support image inputs.', 'type': 'invalid_request_error', 'param': 'messages', 'code': 'invalid_value'}}",False,
5138684180_0,deepseek-r1-distill-llama-70b,zero-shot,30,0,0,0,1.1.1|1.4.6|2.4.9|2.4.4|4.1.1|4.1.2|2.4.6|1.3.1,,none,,False,False,False,"Error code: 400 - {'error': {'message': 'The provided messages contain images, but deepseek-r1-distill-llama-70b does not support image inputs.', 'type': 'invalid_request_error', 'param': 'messages', 'code': 'invalid_value'}}","Error code: 400 - {'error': {'message': 'The provided messages contain images, but deepseek-r1-distill-llama-70b does not support image inputs.', 'type': 'invalid_request_error', 'param': 'messages', 'code': 'invalid_value'}}",False,
93_0,deepseek-r1-distill-llama-70b,zero-shot,34,0,0,0,1.4.6|1.3.1|1.4.3,,none,,False,False,False,"Error code: 400 - {'error': {'message': 'The provided messages contain images, but deepseek-r1-distill-llama-70b does not support image inputs.', 'type': 'invalid_request_error', 'param': 'messages', 'code': 'invalid_value'}}","Error code: 400 - {'error': {'message': 'The provided messages contain images, but deepseek-r1-distill-llama-70b does not support image inputs.', 'type': 'invalid_request_error', 'param': 'messages', 'code': 'invalid_value'}}",False,
8020577869_0,deepseek-r1-distill-llama-70b,zero-shot,35,0,0,0,2.4.6|1.1.1|1.3.1|1.4.6|4.1.1,,none,,False,False,False,"Error code: 400 - {'error': {'message': 'The provided messages contain images, but deepseek-r1-distill-llama-70b does not support image inputs.', 'type': 'invalid_request_error', 'param': 'messages', 'code': 'invalid_value'}}","Error code: 400 - {'error': {'message': 'The provided messages contain images, but deepseek-r1-distill-llama-70b does not support image inputs.', 'type': 'invalid_request_error', 'param': 'messages', 'code': 'invalid_value'}}",False,
7490807377_0,deepseek-r1-distill-llama-70b,zero-shot,34,0,0,0,1.4.3|1.3.1|2.4.9|1.4.6|2.4.4|4.1.1|4.1.2,,none,,False,False,False,"Error code: 400 - {'error': {'message': 'The provided messages contain images, but deepseek-r1-distill-llama-70b does not support image inputs.', 'type': 'invalid_request_error', 'param': 'messages', 'code': 'invalid_value'}}","Error code: 400 - {'error': {'message': 'The provided messages contain images, but deepseek-r1-distill-llama-70b does not support image inputs.', 'type': 'invalid_request_error', 'param': 'messages', 'code': 'invalid_value'}}",False,
6392990708_0,deepseek-r1-distill-llama-70b,zero-shot,33,0,0,0,2.4.6|1.3.1|4.1.1|4.1.2,,none,,False,False,False,"Error code: 400 - {'error': {'message': 'The provided messages contain images, but deepseek-r1-distill-llama-70b does not support image inputs.', 'type': 'invalid_request_error', 'param': 'messages', 'code': 'invalid_value'}}","Error code: 400 - {'error': {'message': 'The provided messages contain images, but deepseek-r1-distill-llama-70b does not support image inputs.', 'type': 'invalid_request_error', 'param': 'messages', 'code': 'invalid_value'}}",False,
3838269417_0,deepseek-r1-distill-llama-70b,zero-shot,28,0,0,0,1.1.1|1.3.1|1.4.6|2.4.4|2.4.9|4.1.2,,none,,False,False,False,"Error code: 400 - {'error': {'message': 'The provided messages contain images, but deepseek-r1-distill-llama-70b does not support image inputs.', 'type': 'invalid_request_error', 'param': 'messages', 'code': 'invalid_value'}}","Error code: 400 - {'error': {'message': 'The provided messages contain images, but deepseek-r1-distill-llama-70b does not support image inputs.', 'type': 'invalid_request_error', 'param': 'messages', 'code': 'invalid_value'}}",False,
3538180808_0,deepseek-r1-distill-llama-70b,zero-shot,52,0,0,0,2.4.6|1.1.1|1.3.1,,none,,False,False,False,"Error code: 400 - {'error': {'message': 'The provided messages contain images, but deepseek-r1-distill-llama-70b does not support image inputs.', 'type': 'invalid_request_error', 'param': 'messages', 'code': 'invalid_value'}}","Error code: 400 - {'error': {'message': 'The provided messages contain images, but deepseek-r1-distill-llama-70b does not support image inputs.', 'type': 'invalid_request_error', 'param': 'messages', 'code': 'invalid_value'}}",False,
408_0,deepseek-r1-distill-llama-70b,zero-shot,42,0,0,0,1.4.6|2.4.6|1.3.1|4.1.1,,none,,False,False,False,"Error code: 400 - {'error': {'message': 'The provided messages contain images, but deepseek-r1-distill-llama-70b does not support image inputs.', 'type': 'invalid_request_error', 'param': 'messages', 'code': 'invalid_value'}}","Error code: 400 - {'error': {'message': 'The provided messages contain images, but deepseek-r1-distill-llama-70b does not support image inputs.', 'type': 'invalid_request_error', 'param': 'messages', 'code': 'invalid_value'}}",False,
9869898930_0,deepseek-r1-distill-llama-70b,zero-shot,37,0,0,0,2.4.6|1.1.1|1.3.1|1.4.6|1.4.3,,none,,False,False,False,"Error code: 400 - {'error': {'message': 'The provided messages contain images, but deepseek-r1-distill-llama-70b does not support image inputs.', 'type': 'invalid_request_error', 'param': 'messages', 'code': 'invalid_value'}}","Error code: 400 - {'error': {'message': 'The provided messages contain images, but deepseek-r1-distill-llama-70b does not support image inputs.', 'type': 'invalid_request_error', 'param': 'messages', 'code': 'invalid_value'}}",False,
3546013468_0,deepseek-r1-distill-llama-70b,zero-shot,52,0,0,0,1.4.6,,none,,False,False,False,"Error code: 400 - {'error': {'message': 'The provided messages contain images, but deepseek-r1-distill-llama-70b does not support image inputs.', 'type': 'invalid_request_error', 'param': 'messages', 'code': 'invalid_value'}}","Error code: 400 - {'error': {'message': 'The provided messages contain images, but deepseek-r1-distill-llama-70b does not support image inputs.', 'type': 'invalid_request_error', 'param': 'messages', 'code': 'invalid_value'}}",False,
6654382965_0,deepseek-r1-distill-llama-70b,zero-shot,37,0,0,0,1.1.1|1.4.6|2.1.1|2.4.4|2.4.9|4.1.2|2.4.3|2.4.6|1.3.1|1.4.3,,none,,False,False,False,"Error code: 400 - {'error': {'message': 'The provided messages contain images, but deepseek-r1-distill-llama-70b does not support image inputs.', 'type': 'invalid_request_error', 'param': 'messages', 'code': 'invalid_value'}}","Error code: 400 - {'error': {'message': 'The provided messages contain images, but deepseek-r1-distill-llama-70b does not support image inputs.', 'type': 'invalid_request_error', 'param': 'messages', 'code': 'invalid_value'}}",False,
298_0,deepseek-r1-distill-llama-70b,zero-shot,41,0,0,0,1.4.6|2.1.1|2.4.3|4.1.2|2.4.6|1.3.1|1.4.4,,none,,False,False,False,"Error code: 400 - {'error': {'message': 'The provided messages contain images, but deepseek-r1-distill-llama-70b does not support image inputs.', 'type': 'invalid_request_error', 'param': 'messages', 'code': 'invalid_value'}}","Error code: 400 - {'error': {'message': 'The provided messages contain images, but deepseek-r1-distill-llama-70b does not support image inputs.', 'type': 'invalid_request_error', 'param': 'messages', 'code': 'invalid_value'}}",False,
2605949885_0,deepseek-r1-distill-llama-70b,zero-shot,36,0,0,0,1.3.1|3.1.1|1.4.6|2.4.4|2.4.9|4.1.2|1.4.3,,none,,False,False,False,"Error code: 400 - {'error': {'message': 'The provided messages contain images, but deepseek-r1-distill-llama-70b does not support image inputs.', 'type': 'invalid_request_error', 'param': 'messages', 'code': 'invalid_value'}}","Error code: 400 - {'error': {'message': 'The provided messages contain images, but deepseek-r1-distill-llama-70b does not support image inputs.', 'type': 'invalid_request_error', 'param': 'messages', 'code': 'invalid_value'}}",False,
416_0,deepseek-r1-distill-llama-70b,zero-shot,30,0,0,0,1.3.1|1.4.6|4.1.1|4.1.2|1.4.3,,none,,False,False,False,"Error code: 400 - {'error': {'message': 'The provided messages contain images, but deepseek-r1-distill-llama-70b does not support image inputs.', 'type': 'invalid_request_error', 'param': 'messages', 'code': 'invalid_value'}}","Error code: 400 - {'error': {'message': 'The provided messages contain images, but deepseek-r1-distill-llama-70b does not support image inputs.', 'type': 'invalid_request_error', 'param': 'messages', 'code': 'invalid_value'}}",False,
122_0,deepseek-r1-distill-llama-70b,zero-shot,34,0,0,0,1.4.6|4.1.1|4.1.2|1.4.3,,none,,False,False,False,"Error code: 400 - {'error': {'message': 'The provided messages contain images, but deepseek-r1-distill-llama-70b does not support image inputs.', 'type': 'invalid_request_error', 'param': 'messages', 'code': 'invalid_value'}}","Error code: 400 - {'error': {'message': 'The provided messages contain images, but deepseek-r1-distill-llama-70b does not support image inputs.', 'type': 'invalid_request_error', 'param': 'messages', 'code': 'invalid_value'}}",False,
204_0,deepseek-r1-distill-llama-70b,zero-shot,28,0,0,0,1.4.6|2.4.9|2.4.4|4.1.1|4.1.2|2.4.6|1.3.1|1.4.4|1.4.3,,none,,False,False,False,"Error code: 400 - {'error': {'message': 'The provided messages contain images, but deepseek-r1-distill-llama-70b does not support image inputs.', 'type': 'invalid_request_error', 'param': 'messages', 'code': 'invalid_value'}}","Error code: 400 - {'error': {'message': 'The provided messages contain images, but deepseek-r1-distill-llama-70b does not support image inputs.', 'type': 'invalid_request_error', 'param': 'messages', 'code': 'invalid_value'}}",False,
604991355_0,deepseek-r1-distill-llama-70b,zero-shot,35,0,0,0,1.1.1|1.4.6|2.2.1|2.4.4|2.4.9|4.1.2|2.4.6|1.3.1|1.4.3,,none,,False,False,False,"Error code: 400 - {'error': {'message': 'The provided messages contain images, but deepseek-r1-distill-llama-70b does not support image inputs.', 'type': 'invalid_request_error', 'param': 'messages', 'code': 'invalid_value'}}","Error code: 400 - {'error': {'message': 'The provided messages contain images, but deepseek-r1-distill-llama-70b does not support image inputs.', 'type': 'invalid_request_error', 'param': 'messages', 'code': 'invalid_value'}}",False,
9073219799_0,deepseek-r1-distill-llama-70b,zero-shot,34,0,0,0,1.1.1|1.4.3|2.4.6|1.4.4|1.4.6|4.1.2,,none,,False,False,False,"Error code: 400 - {'error': {'message': 'The provided messages contain images, but deepseek-r1-distill-llama-70b does not support image inputs.', 'type': 'invalid_request_error', 'param': 'messages', 'code': 'invalid_value'}}","Error code: 400 - {'error': {'message': 'The provided messages contain images, but deepseek-r1-distill-llama-70b does not support image inputs.', 'type': 'invalid_request_error', 'param': 'messages', 'code': 'invalid_value'}}",False,
4781756887_0,deepseek-r1-distill-llama-70b,zero-shot,59,0,0,0,1.3.1|1.4.6|4.1.1|4.1.2|1.4.3,,none,,False,False,False,"Error code: 400 - {'error': {'message': 'The provided messages contain images, but deepseek-r1-distill-llama-70b does not support image inputs.', 'type': 'invalid_request_error', 'param': 'messages', 'code': 'invalid_value'}}","Error code: 400 - {'error': {'message': 'The provided messages contain images, but deepseek-r1-distill-llama-70b does not support image inputs.', 'type': 'invalid_request_error', 'param': 'messages', 'code': 'invalid_value'}}",False,
8142768037_0,deepseek-r1-distill-llama-70b,zero-shot,31,0,0,0,1.3.1|1.4.4|1.4.6|4.1.1|1.4.3,,none,,False,False,False,"Error code: 400 - {'error': {'message': 'The provided messages contain images, but deepseek-r1-distill-llama-70b does not support image inputs.', 'type': 'invalid_request_error', 'param': 'messages', 'code': 'invalid_value'}}","Error code: 400 - {'error': {'message': 'The provided messages contain images, but deepseek-r1-distill-llama-70b does not support image inputs.', 'type': 'invalid_request_error', 'param': 'messages', 'code': 'invalid_value'}}",False,
186_0,deepseek-r1-distill-llama-70b,zero-shot,40,0,0,0,2.4.9|1.4.6|2.4.4|4.1.1,,none,,False,False,False,"Error code: 400 - {'error': {'message': 'The provided messages contain images, but deepseek-r1-distill-llama-70b does not support image inputs.', 'type': 'invalid_request_error', 'param': 'messages', 'code': 'invalid_value'}}","Error code: 400 - {'error': {'message': 'The provided messages contain images, but deepseek-r1-distill-llama-70b does not support image inputs.', 'type': 'invalid_request_error', 'param': 'messages', 'code': 'invalid_value'}}",False,
7320503111_0,deepseek-r1-distill-llama-70b,zero-shot,37,0,0,0,2.4.6|2.4.2|1.3.1|3.1.1,,none,,False,False,False,"Error code: 400 - {'error': {'message': 'The provided messages contain images, but deepseek-r1-distill-llama-70b does not support image inputs.', 'type': 'invalid_request_error', 'param': 'messages', 'code': 'invalid_value'}}","Error code: 400 - {'error': {'message': 'The provided messages contain images, but deepseek-r1-distill-llama-70b does not support image inputs.', 'type': 'invalid_request_error', 'param': 'messages', 'code': 'invalid_value'}}",False,
2998356382_0,deepseek-r1-distill-llama-70b,zero-shot,36,0,0,0,2.4.6|1.3.1|1.4.6|4.1.1|4.1.2,,none,,False,False,False,"Error code: 400 - {'error': {'message': 'The provided messages contain images, but deepseek-r1-distill-llama-70b does not support image inputs.', 'type': 'invalid_request_error', 'param': 'messages', 'code': 'invalid_value'}}","Error code: 400 - {'error': {'message': 'The provided messages contain images, but deepseek-r1-distill-llama-70b does not support image inputs.', 'type': 'invalid_request_error', 'param': 'messages', 'code': 'invalid_value'}}",False,
546358444_0,deepseek-r1-distill-llama-70b,zero-shot,26,0,0,0,1.3.1|1.4.4|1.4.6|4.1.2|1.4.3,,none,,False,False,False,"Error code: 400 - {'error': {'message': 'The provided messages contain images, but deepseek-r1-distill-llama-70b does not support image inputs.', 'type': 'invalid_request_error', 'param': 'messages', 'code': 'invalid_value'}}","Error code: 400 - {'error': {'message': 'The provided messages contain images, but deepseek-r1-distill-llama-70b does not support image inputs.', 'type': 'invalid_request_error', 'param': 'messages', 'code': 'invalid_value'}}",False,
6909367836_0,deepseek-r1-distill-llama-70b,zero-shot,28,0,0,0,2.4.6|1.3.1|1.4.6|4.1.2,,none,,False,False,False,"Error code: 400 - {'error': {'message': 'The provided messages contain images, but deepseek-r1-distill-llama-70b does not support image inputs.', 'type': 'invalid_request_error', 'param': 'messages', 'code': 'invalid_value'}}","Error code: 400 - {'error': {'message': 'The provided messages contain images, but deepseek-r1-distill-llama-70b does not support image inputs.', 'type': 'invalid_request_error', 'param': 'messages', 'code': 'invalid_value'}}",False,
30_0,deepseek-r1-distill-llama-70b,zero-shot,21,0,0,0,2.4.6|1.3.1|1.4.6|4.1.2,,none,,False,False,False,"Error code: 400 - {'error': {'message': 'The provided messages contain images, but deepseek-r1-distill-llama-70b does not support image inputs.', 'type': 'invalid_request_error', 'param': 'messages', 'code': 'invalid_value'}}","Error code: 400 - {'error': {'message': 'The provided messages contain images, but deepseek-r1-distill-llama-70b does not support image inputs.', 'type': 'invalid_request_error', 'param': 'messages', 'code': 'invalid_value'}}",False,
7456807770_0,deepseek-r1-distill-llama-70b,zero-shot,41,0,0,0,1.1.1|1.4.6|2.1.1|2.4.9|2.4.4|4.1.1|4.1.2|2.4.3|1.3.1|1.4.3,,none,,False,False,False,"Error code: 400 - {'error': {'message': 'The provided messages contain images, but deepseek-r1-distill-llama-70b does not support image inputs.', 'type': 'invalid_request_error', 'param': 'messages', 'code': 'invalid_value'}}","Error code: 400 - {'error': {'message': 'The provided messages contain images, but deepseek-r1-distill-llama-70b does not support image inputs.', 'type': 'invalid_request_error', 'param': 'messages', 'code': 'invalid_value'}}",False,
5100047719_0,deepseek-r1-distill-llama-70b,zero-shot,46,0,0,0,1.3.1|1.4.6|4.1.1|4.1.2|1.4.3,,none,,False,False,False,"Error code: 400 - {'error': {'message': 'The provided messages contain images, but deepseek-r1-distill-llama-70b does not support image inputs.', 'type': 'invalid_request_error', 'param': 'messages', 'code': 'invalid_value'}}","Error code: 400 - {'error': {'message': 'The provided messages contain images, but deepseek-r1-distill-llama-70b does not support image inputs.', 'type': 'invalid_request_error', 'param': 'messages', 'code': 'invalid_value'}}",False,
4321301368_0,deepseek-r1-distill-llama-70b,zero-shot,42,0,0,0,1.3.1|1.4.6|4.1.1|4.1.2,,none,,False,False,False,"Error code: 400 - {'error': {'message': 'The provided messages contain images, but deepseek-r1-distill-llama-70b does not support image inputs.', 'type': 'invalid_request_error', 'param': 'messages', 'code': 'invalid_value'}}","Error code: 400 - {'error': {'message': 'The provided messages contain images, but deepseek-r1-distill-llama-70b does not support image inputs.', 'type': 'invalid_request_error', 'param': 'messages', 'code': 'invalid_value'}}",False,
3787975237_0,deepseek-r1-distill-llama-70b,zero-shot,27,0,0,0,2.4.3|1.3.1|1.4.6|2.1.1|4.1.1|4.1.2|1.4.3,,none,,False,False,False,"Error code: 400 - {'error': {'message': 'The provided messages contain images, but deepseek-r1-distill-llama-70b does not support image inputs.', 'type': 'invalid_request_error', 'param': 'messages', 'code': 'invalid_value'}}","Error code: 400 - {'error': {'message': 'The provided messages contain images, but deepseek-r1-distill-llama-70b does not support image inputs.', 'type': 'invalid_request_error', 'param': 'messages', 'code': 'invalid_value'}}",False,
1028755231_0,deepseek-r1-distill-llama-70b,zero-shot,26,0,0,0,1.4.6|2.4.9|2.4.4|4.1.1|4.1.2|2.4.6|1.3.1|1.4.3,,none,,False,False,False,"Error code: 400 - {'error': {'message': 'The provided messages contain images, but deepseek-r1-distill-llama-70b does not support image inputs.', 'type': 'invalid_request_error', 'param': 'messages', 'code': 'invalid_value'}}","Error code: 400 - {'error': {'message': 'The provided messages contain images, but deepseek-r1-distill-llama-70b does not support image inputs.', 'type': 'invalid_request_error', 'param': 'messages', 'code': 'invalid_value'}}",False,
4157596408_0,deepseek-r1-distill-llama-70b,zero-shot,35,0,0,0,1.3.1|1.4.6|4.1.1|1.4.3,,none,,False,False,False,"Error code: 400 - {'error': {'message': 'The provided messages contain images, but deepseek-r1-distill-llama-70b does not support image inputs.', 'type': 'invalid_request_error', 'param': 'messages', 'code': 'invalid_value'}}","Error code: 400 - {'error': {'message': 'The provided messages contain images, but deepseek-r1-distill-llama-70b does not support image inputs.', 'type': 'invalid_request_error', 'param': 'messages', 'code': 'invalid_value'}}",False,
4974750346_0,deepseek-r1-distill-llama-70b,zero-shot,30,0,0,0,1.1.1|1.4.6|2.1.1|2.4.4|4.1.1|2.4.9|4.1.2|2.4.3|2.4.6|1.3.1|1.4.4|1.4.3,,none,,False,False,False,"Error code: 400 - {'error': {'message': 'The provided messages contain images, but deepseek-r1-distill-llama-70b does not support image inputs.', 'type': 'invalid_request_error', 'param': 'messages', 'code': 'invalid_value'}}","Error code: 400 - {'error': {'message': 'The provided messages contain images, but deepseek-r1-distill-llama-70b does not support image inputs.', 'type': 'invalid_request_error', 'param': 'messages', 'code': 'invalid_value'}}",False,
4224720555_0,deepseek-r1-distill-llama-70b,zero-shot,30,0,0,0,1.1.1|1.3.1|1.4.6|2.4.4|2.4.9|4.1.2|1.4.3,,none,,False,False,False,"Error code: 400 - {'error': {'message': 'The provided messages contain images, but deepseek-r1-distill-llama-70b does not support image inputs.', 'type': 'invalid_request_error', 'param': 'messages', 'code': 'invalid_value'}}","Error code: 400 - {'error': {'message': 'The provided messages contain images, but deepseek-r1-distill-llama-70b does not support image inputs.', 'type': 'invalid_request_error', 'param': 'messages', 'code': 'invalid_value'}}",False,
5483640632_0,deepseek-r1-distill-llama-70b,zero-shot,44,0,0,0,1.1.1|1.3.1|1.4.6|4.1.1|4.1.2,,none,,False,False,False,"Error code: 400 - {'error': {'message': 'The provided messages contain images, but deepseek-r1-distill-llama-70b does not support image inputs.', 'type': 'invalid_request_error', 'param': 'messages', 'code': 'invalid_value'}}","Error code: 400 - {'error': {'message': 'The provided messages contain images, but deepseek-r1-distill-llama-70b does not support image inputs.', 'type': 'invalid_request_error', 'param': 'messages', 'code': 'invalid_value'}}",False,
4339903018_0,deepseek-r1-distill-llama-70b,zero-shot,32,0,0,0,1.3.1|3.1.1|1.4.6|1.4.3,,none,,False,False,False,"Error code: 400 - {'error': {'message': 'The provided messages contain images, but deepseek-r1-distill-llama-70b does not support image inputs.', 'type': 'invalid_request_error', 'param': 'messages', 'code': 'invalid_value'}}","Error code: 400 - {'error': {'message': 'The provided messages contain images, but deepseek-r1-distill-llama-70b does not support image inputs.', 'type': 'invalid_request_error', 'param': 'messages', 'code': 'invalid_value'}}",False,
1957689776_0,deepseek-r1-distill-llama-70b,zero-shot,27,0,0,0,1.1.1|2.4.6|1.3.1|1.4.6|2.4.4|2.4.9|4.1.2,,none,,False,False,False,"Error code: 400 - {'error': {'message': 'The provided messages contain images, but deepseek-r1-distill-llama-70b does not support image inputs.', 'type': 'invalid_request_error', 'param': 'messages', 'code': 'invalid_value'}}","Error code: 400 - {'error': {'message': 'The provided messages contain images, but deepseek-r1-distill-llama-70b does not support image inputs.', 'type': 'invalid_request_error', 'param': 'messages', 'code': 'invalid_value'}}",False,
8054950596_0,deepseek-r1-distill-llama-70b,zero-shot,43,0,0,0,1.4.6|1.4.3,,none,,False,False,False,"Error code: 400 - {'error': {'message': 'The provided messages contain images, but deepseek-r1-distill-llama-70b does not support image inputs.', 'type': 'invalid_request_error', 'param': 'messages', 'code': 'invalid_value'}}","Error code: 400 - {'error': {'message': 'The provided messages contain images, but deepseek-r1-distill-llama-70b does not support image inputs.', 'type': 'invalid_request_error', 'param': 'messages', 'code': 'invalid_value'}}",False,
2681794065_0,deepseek-r1-distill-llama-70b,zero-shot,31,0,0,0,2.4.6|1.3.1|1.4.4|1.4.6|2.4.4|2.4.9|1.4.3,,none,,False,False,False,"Error code: 400 - {'error': {'message': 'The provided messages contain images, but deepseek-r1-distill-llama-70b does not support image inputs.', 'type': 'invalid_request_error', 'param': 'messages', 'code': 'invalid_value'}}","Error code: 400 - {'error': {'message': 'The provided messages contain images, but deepseek-r1-distill-llama-70b does not support image inputs.', 'type': 'invalid_request_error', 'param': 'messages', 'code': 'invalid_value'}}",False,
1950445330_0,deepseek-r1-distill-llama-70b,zero-shot,41,0,0,0,1.4.6|4.1.1|3.3.2,,none,,False,False,False,"Error code: 400 - {'error': {'message': 'The provided messages contain images, but deepseek-r1-distill-llama-70b does not support image inputs.', 'type': 'invalid_request_error', 'param': 'messages', 'code': 'invalid_value'}}","Error code: 400 - {'error': {'message': 'The provided messages contain images, but deepseek-r1-distill-llama-70b does not support image inputs.', 'type': 'invalid_request_error', 'param': 'messages', 'code': 'invalid_value'}}",False,
4336372604_0,deepseek-r1-distill-llama-70b,zero-shot,35,0,0,0,2.4.2|1.3.1|3.1.1,,none,,False,False,False,"Error code: 400 - {'error': {'message': 'The provided messages contain images, but deepseek-r1-distill-llama-70b does not support image inputs.', 'type': 'invalid_request_error', 'param': 'messages', 'code': 'invalid_value'}}","Error code: 400 - {'error': {'message': 'The provided messages contain images, but deepseek-r1-distill-llama-70b does not support image inputs.', 'type': 'invalid_request_error', 'param': 'messages', 'code': 'invalid_value'}}",False,
3900495188_0,deepseek-r1-distill-llama-70b,zero-shot,34,0,0,0,1.4.6|1.3.1,,none,,False,False,False,"Error code: 400 - {'error': {'message': 'The provided messages contain images, but deepseek-r1-distill-llama-70b does not support image inputs.', 'type': 'invalid_request_error', 'param': 'messages', 'code': 'invalid_value'}}","Error code: 400 - {'error': {'message': 'The provided messages contain images, but deepseek-r1-distill-llama-70b does not support image inputs.', 'type': 'invalid_request_error', 'param': 'messages', 'code': 'invalid_value'}}",False,
5419658127_0,deepseek-r1-distill-llama-70b,zero-shot,34,0,0,0,1.1.1|1.4.6|2.4.4|2.4.9|4.1.2|1.3.1|1.4.4|1.4.3,,none,,False,False,False,"Error code: 400 - {'error': {'message': 'The provided messages contain images, but deepseek-r1-distill-llama-70b does not support image inputs.', 'type': 'invalid_request_error', 'param': 'messages', 'code': 'invalid_value'}}","Error code: 400 - {'error': {'message': 'The provided messages contain images, but deepseek-r1-distill-llama-70b does not support image inputs.', 'type': 'invalid_request_error', 'param': 'messages', 'code': 'invalid_value'}}",False,
428_0,deepseek-r1-distill-llama-70b,zero-shot,41,0,0,0,2.4.6|1.3.1|1.4.6|4.1.2|1.3.5,,none,,False,False,False,"Error code: 400 - {'error': {'message': 'The provided messages contain images, but deepseek-r1-distill-llama-70b does not support image inputs.', 'type': 'invalid_request_error', 'param': 'messages', 'code': 'invalid_value'}}","Error code: 400 - {'error': {'message': 'The provided messages contain images, but deepseek-r1-distill-llama-70b does not support image inputs.', 'type': 'invalid_request_error', 'param': 'messages', 'code': 'invalid_value'}}",False,
9990906928_0,deepseek-r1-distill-llama-70b,zero-shot,40,0,0,0,1.4.6|2.1.1|2.4.3,,none,,False,False,False,"Error code: 400 - {'error': {'message': 'The provided messages contain images, but deepseek-r1-distill-llama-70b does not support image inputs.', 'type': 'invalid_request_error', 'param': 'messages', 'code': 'invalid_value'}}","Error code: 400 - {'error': {'message': 'The provided messages contain images, but deepseek-r1-distill-llama-70b does not support image inputs.', 'type': 'invalid_request_error', 'param': 'messages', 'code': 'invalid_value'}}",False,
5964897764_0,deepseek-r1-distill-llama-70b,zero-shot,18,0,0,0,2.2.1,,none,,False,False,False,"Error code: 400 - {'error': {'message': 'The provided messages contain images, but deepseek-r1-distill-llama-70b does not support image inputs.', 'type': 'invalid_request_error', 'param': 'messages', 'code': 'invalid_value'}}","Error code: 400 - {'error': {'message': 'The provided messages contain images, but deepseek-r1-distill-llama-70b does not support image inputs.', 'type': 'invalid_request_error', 'param': 'messages', 'code': 'invalid_value'}}",False,
4456160312_0,deepseek-r1-distill-llama-70b,zero-shot,38,0,0,0,1.3.1|1.4.6|2.4.4|2.4.9|4.1.2,,none,,False,False,False,"Error code: 400 - {'error': {'message': 'The provided messages contain images, but deepseek-r1-distill-llama-70b does not support image inputs.', 'type': 'invalid_request_error', 'param': 'messages', 'code': 'invalid_value'}}","Error code: 400 - {'error': {'message': 'The provided messages contain images, but deepseek-r1-distill-llama-70b does not support image inputs.', 'type': 'invalid_request_error', 'param': 'messages', 'code': 'invalid_value'}}",False,
1112632392_0,deepseek-r1-distill-llama-70b,zero-shot,47,0,0,0,2.4.6|1.3.1|1.4.4|2.4.9|1.4.6|2.4.4|4.1.1|4.1.2,,none,,False,False,False,"Error code: 400 - {'error': {'message': 'The provided messages contain images, but deepseek-r1-distill-llama-70b does not support image inputs.', 'type': 'invalid_request_error', 'param': 'messages', 'code': 'invalid_value'}}","Error code: 400 - {'error': {'message': 'The provided messages contain images, but deepseek-r1-distill-llama-70b does not support image inputs.', 'type': 'invalid_request_error', 'param': 'messages', 'code': 'invalid_value'}}",False,
381_0,deepseek-r1-distill-llama-70b,zero-shot,37,0,0,0,1.1.1|1.3.1|2.4.1|1.4.6|4.1.1|4.1.2|1.4.3,,none,,False,False,False,"Error code: 400 - {'error': {'message': 'The provided messages contain images, but deepseek-r1-distill-llama-70b does not support image inputs.', 'type': 'invalid_request_error', 'param': 'messages', 'code': 'invalid_value'}}","Error code: 400 - {'error': {'message': 'The provided messages contain images, but deepseek-r1-distill-llama-70b does not support image inputs.', 'type': 'invalid_request_error', 'param': 'messages', 'code': 'invalid_value'}}",False,
700_0,deepseek-r1-distill-llama-70b,zero-shot,34,0,0,0,1.4.6|1.3.1,,none,,False,False,False,"Error code: 400 - {'error': {'message': 'The provided messages contain images, but deepseek-r1-distill-llama-70b does not support image inputs.', 'type': 'invalid_request_error', 'param': 'messages', 'code': 'invalid_value'}}","Error code: 400 - {'error': {'message': 'The provided messages contain images, but deepseek-r1-distill-llama-70b does not support image inputs.', 'type': 'invalid_request_error', 'param': 'messages', 'code': 'invalid_value'}}",False,
701_0,deepseek-r1-distill-llama-70b,zero-shot,33,0,0,0,1.4.6|1.3.1,,none,,False,False,False,"Error code: 400 - {'error': {'message': 'The provided messages contain images, but deepseek-r1-distill-llama-70b does not support image inputs.', 'type': 'invalid_request_error', 'param': 'messages', 'code': 'invalid_value'}}","Error code: 400 - {'error': {'message': 'The provided messages contain images, but deepseek-r1-distill-llama-70b does not support image inputs.', 'type': 'invalid_request_error', 'param': 'messages', 'code': 'invalid_value'}}",False,
335_0,deepseek-r1-distill-llama-70b,zero-shot,29,0,0,0,1.3.1,,none,,False,False,False,"Error code: 400 - {'error': {'message': 'The provided messages contain images, but deepseek-r1-distill-llama-70b does not support image inputs.', 'type': 'invalid_request_error', 'param': 'messages', 'code': 'invalid_value'}}","Error code: 400 - {'error': {'message': 'The provided messages contain images, but deepseek-r1-distill-llama-70b does not support image inputs.', 'type': 'invalid_request_error', 'param': 'messages', 'code': 'invalid_value'}}",False,
702_0,deepseek-r1-distill-llama-70b,zero-shot,30,0,0,0,1.4.6|1.3.1,,none,,False,False,False,"Error code: 400 - {'error': {'message': 'The provided messages contain images, but deepseek-r1-distill-llama-70b does not support image inputs.', 'type': 'invalid_request_error', 'param': 'messages', 'code': 'invalid_value'}}","Error code: 400 - {'error': {'message': 'The provided messages contain images, but deepseek-r1-distill-llama-70b does not support image inputs.', 'type': 'invalid_request_error', 'param': 'messages', 'code': 'invalid_value'}}",False,
703_0,deepseek-r1-distill-llama-70b,zero-shot,33,0,0,0,1.4.6|1.3.1,,none,,False,False,False,"Error code: 400 - {'error': {'message': 'The provided messages contain images, but deepseek-r1-distill-llama-70b does not support image inputs.', 'type': 'invalid_request_error', 'param': 'messages', 'code': 'invalid_value'}}","Error code: 400 - {'error': {'message': 'The provided messages contain images, but deepseek-r1-distill-llama-70b does not support image inputs.', 'type': 'invalid_request_error', 'param': 'messages', 'code': 'invalid_value'}}",False,
704_0,deepseek-r1-distill-llama-70b,zero-shot,24,0,0,0,1.4.6|1.3.1,,none,,False,False,False,"Error code: 400 - {'error': {'message': 'The provided messages contain images, but deepseek-r1-distill-llama-70b does not support image inputs.', 'type': 'invalid_request_error', 'param': 'messages', 'code': 'invalid_value'}}","Error code: 400 - {'error': {'message': 'The provided messages contain images, but deepseek-r1-distill-llama-70b does not support image inputs.', 'type': 'invalid_request_error', 'param': 'messages', 'code': 'invalid_value'}}",False,
705_0,deepseek-r1-distill-llama-70b,zero-shot,31,0,0,0,1.4.6|1.3.1,,none,,False,False,False,"Error code: 400 - {'error': {'message': 'The provided messages contain images, but deepseek-r1-distill-llama-70b does not support image inputs.', 'type': 'invalid_request_error', 'param': 'messages', 'code': 'invalid_value'}}","Error code: 400 - {'error': {'message': 'The provided messages contain images, but deepseek-r1-distill-llama-70b does not support image inputs.', 'type': 'invalid_request_error', 'param': 'messages', 'code': 'invalid_value'}}",False,
1866132720_0,deepseek-r1-distill-llama-70b,zero-shot,50,0,0,0,1.1.1|1.4.6|2.1.1|2.4.9|2.4.4|4.1.1|2.4.3|2.4.6|1.3.1|1.4.3,,none,,False,False,False,"Error code: 400 - {'error': {'message': 'The provided messages contain images, but deepseek-r1-distill-llama-70b does not support image inputs.', 'type': 'invalid_request_error', 'param': 'messages', 'code': 'invalid_value'}}","Error code: 400 - {'error': {'message': 'The provided messages contain images, but deepseek-r1-distill-llama-70b does not support image inputs.', 'type': 'invalid_request_error', 'param': 'messages', 'code': 'invalid_value'}}",False,
7151218343_0,deepseek-r1-distill-llama-70b,zero-shot,40,0,0,0,1.4.6|1.3.1|4.1.1|4.1.2,,none,,False,False,False,"Error code: 400 - {'error': {'message': 'The provided messages contain images, but deepseek-r1-distill-llama-70b does not support image inputs.', 'type': 'invalid_request_error', 'param': 'messages', 'code': 'invalid_value'}}","Error code: 400 - {'error': {'message': 'The provided messages contain images, but deepseek-r1-distill-llama-70b does not support image inputs.', 'type': 'invalid_request_error', 'param': 'messages', 'code': 'invalid_value'}}",False,
7810794510_0,deepseek-r1-distill-llama-70b,zero-shot,32,0,0,0,1.4.6|1.3.1|4.1.2,,none,,False,False,False,"Error code: 400 - {'error': {'message': 'The provided messages contain images, but deepseek-r1-distill-llama-70b does not support image inputs.', 'type': 'invalid_request_error', 'param': 'messages', 'code': 'invalid_value'}}","Error code: 400 - {'error': {'message': 'The provided messages contain images, but deepseek-r1-distill-llama-70b does not support image inputs.', 'type': 'invalid_request_error', 'param': 'messages', 'code': 'invalid_value'}}",False,
8085884109_0,deepseek-r1-distill-llama-70b,zero-shot,33,0,0,0,1.3.1|3.1.1,,none,,False,False,False,"Error code: 400 - {'error': {'message': 'The provided messages contain images, but deepseek-r1-distill-llama-70b does not support image inputs.', 'type': 'invalid_request_error', 'param': 'messages', 'code': 'invalid_value'}}","Error code: 400 - {'error': {'message': 'The provided messages contain images, but deepseek-r1-distill-llama-70b does not support image inputs.', 'type': 'invalid_request_error', 'param': 'messages', 'code': 'invalid_value'}}",False,
8818878279_0,deepseek-r1-distill-llama-70b,zero-shot,32,0,0,0,2.4.6|1.3.1|1.4.6|4.1.1,,none,,False,False,False,"Error code: 400 - {'error': {'message': 'The provided messages contain images, but deepseek-r1-distill-llama-70b does not support image inputs.', 'type': 'invalid_request_error', 'param': 'messages', 'code': 'invalid_value'}}","Error code: 400 - {'error': {'message': 'The provided messages contain images, but deepseek-r1-distill-llama-70b does not support image inputs.', 'type': 'invalid_request_error', 'param': 'messages', 'code': 'invalid_value'}}",False,
7423931758_0,deepseek-r1-distill-llama-70b,zero-shot,34,0,0,0,1.1.1|1.3.1|2.4.9|2.4.4|4.1.1|4.1.2,,none,,False,False,False,"Error code: 400 - {'error': {'message': 'The provided messages contain images, but deepseek-r1-distill-llama-70b does not support image inputs.', 'type': 'invalid_request_error', 'param': 'messages', 'code': 'invalid_value'}}","Error code: 400 - {'error': {'message': 'The provided messages contain images, but deepseek-r1-distill-llama-70b does not support image inputs.', 'type': 'invalid_request_error', 'param': 'messages', 'code': 'invalid_value'}}",False,
4751627646_0,deepseek-r1-distill-llama-70b,zero-shot,38,0,0,0,1.4.6,,none,,False,False,False,"Error code: 400 - {'error': {'message': 'The provided messages contain images, but deepseek-r1-distill-llama-70b does not support image inputs.', 'type': 'invalid_request_error', 'param': 'messages', 'code': 'invalid_value'}}","Error code: 400 - {'error': {'message': 'The provided messages contain images, but deepseek-r1-distill-llama-70b does not support image inputs.', 'type': 'invalid_request_error', 'param': 'messages', 'code': 'invalid_value'}}",False,
189_0,deepseek-r1-distill-llama-70b,zero-shot,35,0,0,0,1.1.1|1.4.6|2.1.1|2.4.9|2.4.4|4.1.1|3.3.2|4.1.2|2.4.3|1.3.1,,none,,False,False,False,"Error code: 400 - {'error': {'message': 'The provided messages contain images, but deepseek-r1-distill-llama-70b does not support image inputs.', 'type': 'invalid_request_error', 'param': 'messages', 'code': 'invalid_value'}}","Error code: 400 - {'error': {'message': 'The provided messages contain images, but deepseek-r1-distill-llama-70b does not support image inputs.', 'type': 'invalid_request_error', 'param': 'messages', 'code': 'invalid_value'}}",False,
6794078706_0,deepseek-r1-distill-llama-70b,zero-shot,35,0,0,0,1.3.1|3.1.1,,none,,False,False,False,"Error code: 400 - {'error': {'message': 'The provided messages contain images, but deepseek-r1-distill-llama-70b does not support image inputs.', 'type': 'invalid_request_error', 'param': 'messages', 'code': 'invalid_value'}}","Error code: 400 - {'error': {'message': 'The provided messages contain images, but deepseek-r1-distill-llama-70b does not support image inputs.', 'type': 'invalid_request_error', 'param': 'messages', 'code': 'invalid_value'}}",False,
1930985973_0,deepseek-r1-distill-llama-70b,zero-shot,29,0,0,0,1.1.1|1.3.1|1.4.4|1.4.6|2.4.4|2.4.9|4.1.2,,none,,False,False,False,"Error code: 400 - {'error': {'message': 'The provided messages contain images, but deepseek-r1-distill-llama-70b does not support image inputs.', 'type': 'invalid_request_error', 'param': 'messages', 'code': 'invalid_value'}}","Error code: 400 - {'error': {'message': 'The provided messages contain images, but deepseek-r1-distill-llama-70b does not support image inputs.', 'type': 'invalid_request_error', 'param': 'messages', 'code': 'invalid_value'}}",False,
569_0,deepseek-r1-distill-llama-70b,zero-shot,37,0,0,0,1.4.6,,none,,False,False,False,"Error code: 400 - {'error': {'message': 'The provided messages contain images, but deepseek-r1-distill-llama-70b does not support image inputs.', 'type': 'invalid_request_error', 'param': 'messages', 'code': 'invalid_value'}}","Error code: 400 - {'error': {'message': 'The provided messages contain images, but deepseek-r1-distill-llama-70b does not support image inputs.', 'type': 'invalid_request_error', 'param': 'messages', 'code': 'invalid_value'}}",False,
570_0,deepseek-r1-distill-llama-70b,zero-shot,61,0,0,0,1.4.6|1.1.1|1.3.1,,none,,False,False,False,"Error code: 400 - {'error': {'message': 'The provided messages contain images, but deepseek-r1-distill-llama-70b does not support image inputs.', 'type': 'invalid_request_error', 'param': 'messages', 'code': 'invalid_value'}}","Error code: 400 - {'error': {'message': 'The provided messages contain images, but deepseek-r1-distill-llama-70b does not support image inputs.', 'type': 'invalid_request_error', 'param': 'messages', 'code': 'invalid_value'}}",False,
573_0,deepseek-r1-distill-llama-70b,zero-shot,58,0,0,0,1.4.6|1.3.1,,none,,False,False,False,"Error code: 400 - {'error': {'message': 'The provided messages contain images, but deepseek-r1-distill-llama-70b does not support image inputs.', 'type': 'invalid_request_error', 'param': 'messages', 'code': 'invalid_value'}}","Error code: 400 - {'error': {'message': 'The provided messages contain images, but deepseek-r1-distill-llama-70b does not support image inputs.', 'type': 'invalid_request_error', 'param': 'messages', 'code': 'invalid_value'}}",False,
312_0,deepseek-r1-distill-llama-70b,zero-shot,62,0,0,0,2.4.6|1.4.6|1.1.1|1.3.1,,none,,False,False,False,"Error code: 400 - {'error': {'message': 'The provided messages contain images, but deepseek-r1-distill-llama-70b does not support image inputs.', 'type': 'invalid_request_error', 'param': 'messages', 'code': 'invalid_value'}}","Error code: 400 - {'error': {'message': 'The provided messages contain images, but deepseek-r1-distill-llama-70b does not support image inputs.', 'type': 'invalid_request_error', 'param': 'messages', 'code': 'invalid_value'}}",False,
572_0,deepseek-r1-distill-llama-70b,zero-shot,59,0,0,0,1.4.6,,none,,False,False,False,"Error code: 400 - {'error': {'message': 'The provided messages contain images, but deepseek-r1-distill-llama-70b does not support image inputs.', 'type': 'invalid_request_error', 'param': 'messages', 'code': 'invalid_value'}}","Error code: 400 - {'error': {'message': 'The provided messages contain images, but deepseek-r1-distill-llama-70b does not support image inputs.', 'type': 'invalid_request_error', 'param': 'messages', 'code': 'invalid_value'}}",False,
571_0,deepseek-r1-distill-llama-70b,zero-shot,82,0,0,0,1.4.6|1.1.1|1.3.1,,none,,False,False,False,"Error code: 400 - {'error': {'message': 'The provided messages contain images, but deepseek-r1-distill-llama-70b does not support image inputs.', 'type': 'invalid_request_error', 'param': 'messages', 'code': 'invalid_value'}}","Error code: 400 - {'error': {'message': 'The provided messages contain images, but deepseek-r1-distill-llama-70b does not support image inputs.', 'type': 'invalid_request_error', 'param': 'messages', 'code': 'invalid_value'}}",False,
2853208851_0,deepseek-r1-distill-llama-70b,zero-shot,46,0,0,0,1.4.6|1.3.1|1.4.3,,none,,False,False,False,"Error code: 400 - {'error': {'message': 'The provided messages contain images, but deepseek-r1-distill-llama-70b does not support image inputs.', 'type': 'invalid_request_error', 'param': 'messages', 'code': 'invalid_value'}}","Error code: 400 - {'error': {'message': 'The provided messages contain images, but deepseek-r1-distill-llama-70b does not support image inputs.', 'type': 'invalid_request_error', 'param': 'messages', 'code': 'invalid_value'}}",False,
402_0,deepseek-r1-distill-llama-70b,zero-shot,39,0,0,0,1.3.1|4.1.1|4.1.2,,none,,False,False,False,"Error code: 400 - {'error': {'message': 'The provided messages contain images, but deepseek-r1-distill-llama-70b does not support image inputs.', 'type': 'invalid_request_error', 'param': 'messages', 'code': 'invalid_value'}}","Error code: 400 - {'error': {'message': 'The provided messages contain images, but deepseek-r1-distill-llama-70b does not support image inputs.', 'type': 'invalid_request_error', 'param': 'messages', 'code': 'invalid_value'}}",False,
399_0,deepseek-r1-distill-llama-70b,zero-shot,38,0,0,0,1.1.1|2.4.6|1.4.6|4.1.1|4.1.2,,none,,False,False,False,"Error code: 400 - {'error': {'message': 'The provided messages contain images, but deepseek-r1-distill-llama-70b does not support image inputs.', 'type': 'invalid_request_error', 'param': 'messages', 'code': 'invalid_value'}}","Error code: 400 - {'error': {'message': 'The provided messages contain images, but deepseek-r1-distill-llama-70b does not support image inputs.', 'type': 'invalid_request_error', 'param': 'messages', 'code': 'invalid_value'}}",False,
513_0,deepseek-r1-distill-llama-70b,zero-shot,29,0,0,0,1.3.1|1.4.6|2.4.4|2.4.9,,none,,False,False,False,"Error code: 400 - {'error': {'message': 'The provided messages contain images, but deepseek-r1-distill-llama-70b does not support image inputs.', 'type': 'invalid_request_error', 'param': 'messages', 'code': 'invalid_value'}}","Error code: 400 - {'error': {'message': 'The provided messages contain images, but deepseek-r1-distill-llama-70b does not support image inputs.', 'type': 'invalid_request_error', 'param': 'messages', 'code': 'invalid_value'}}",False,
97_0,deepseek-r1-distill-llama-70b,zero-shot,44,0,0,0,2.4.3|1.3.1|1.4.6|2.1.1|2.4.4|2.4.9|4.1.2,,none,,False,False,False,"Error code: 400 - {'error': {'message': 'The provided messages contain images, but deepseek-r1-distill-llama-70b does not support image inputs.', 'type': 'invalid_request_error', 'param': 'messages', 'code': 'invalid_value'}}","Error code: 400 - {'error': {'message': 'The provided messages contain images, but deepseek-r1-distill-llama-70b does not support image inputs.', 'type': 'invalid_request_error', 'param': 'messages', 'code': 'invalid_value'}}",False,
512_0,deepseek-r1-distill-llama-70b,zero-shot,50,0,0,0,1.3.1|1.4.6|2.4.4|2.4.9,,none,,False,False,False,"Error code: 400 - {'error': {'message': 'The provided messages contain images, but deepseek-r1-distill-llama-70b does not support image inputs.', 'type': 'invalid_request_error', 'param': 'messages', 'code': 'invalid_value'}}","Error code: 400 - {'error': {'message': 'The provided messages contain images, but deepseek-r1-distill-llama-70b does not support image inputs.', 'type': 'invalid_request_error', 'param': 'messages', 'code': 'invalid_value'}}",False,
3176249728_0,deepseek-r1-distill-llama-70b,zero-shot,20,0,0,0,2.4.6|1.1.1|1.3.1,,none,,False,False,False,"Error code: 400 - {'error': {'message': 'The provided messages contain images, but deepseek-r1-distill-llama-70b does not support image inputs.', 'type': 'invalid_request_error', 'param': 'messages', 'code': 'invalid_value'}}","Error code: 400 - {'error': {'message': 'The provided messages contain images, but deepseek-r1-distill-llama-70b does not support image inputs.', 'type': 'invalid_request_error', 'param': 'messages', 'code': 'invalid_value'}}",False,
739443498_0,deepseek-r1-distill-llama-70b,zero-shot,40,0,0,0,1.4.6|1.3.1|1.4.3,,none,,False,False,False,"Error code: 400 - {'error': {'message': 'The provided messages contain images, but deepseek-r1-distill-llama-70b does not support image inputs.', 'type': 'invalid_request_error', 'param': 'messages', 'code': 'invalid_value'}}","Error code: 400 - {'error': {'message': 'The provided messages contain images, but deepseek-r1-distill-llama-70b does not support image inputs.', 'type': 'invalid_request_error', 'param': 'messages', 'code': 'invalid_value'}}",False,
435_0,deepseek-r1-distill-llama-70b,zero-shot,48,0,0,0,1.1.1|1.4.6|2.4.9|2.4.4|4.1.1|4.1.2|2.4.6|1.3.1,,none,,False,False,False,"Error code: 400 - {'error': {'message': 'The provided messages contain images, but deepseek-r1-distill-llama-70b does not support image inputs.', 'type': 'invalid_request_error', 'param': 'messages', 'code': 'invalid_value'}}","Error code: 400 - {'error': {'message': 'The provided messages contain images, but deepseek-r1-distill-llama-70b does not support image inputs.', 'type': 'invalid_request_error', 'param': 'messages', 'code': 'invalid_value'}}",False,
35_0,deepseek-r1-distill-llama-70b,zero-shot,49,0,0,0,1.1.1|1.3.1|2.4.9|1.4.6|2.4.4|4.1.1|1.4.3,,none,,False,False,False,"Error code: 400 - {'error': {'message': 'The provided messages contain images, but deepseek-r1-distill-llama-70b does not support image inputs.', 'type': 'invalid_request_error', 'param': 'messages', 'code': 'invalid_value'}}","Error code: 400 - {'error': {'message': 'The provided messages contain images, but deepseek-r1-distill-llama-70b does not support image inputs.', 'type': 'invalid_request_error', 'param': 'messages', 'code': 'invalid_value'}}",False,
239_0,deepseek-r1-distill-llama-70b,zero-shot,44,0,0,0,2.4.6,,none,,False,False,False,"Error code: 400 - {'error': {'message': 'The provided messages contain images, but deepseek-r1-distill-llama-70b does not support image inputs.', 'type': 'invalid_request_error', 'param': 'messages', 'code': 'invalid_value'}}","Error code: 400 - {'error': {'message': 'The provided messages contain images, but deepseek-r1-distill-llama-70b does not support image inputs.', 'type': 'invalid_request_error', 'param': 'messages', 'code': 'invalid_value'}}",False,
112_0,deepseek-r1-distill-llama-70b,zero-shot,41,0,0,0,1.4.6|1.4.3,,none,,False,False,False,"Error code: 400 - {'error': {'message': 'The provided messages contain images, but deepseek-r1-distill-llama-70b does not support image inputs.', 'type': 'invalid_request_error', 'param': 'messages', 'code': 'invalid_value'}}","Error code: 400 - {'error': {'message': 'The provided messages contain images, but deepseek-r1-distill-llama-70b does not support image inputs.', 'type': 'invalid_request_error', 'param': 'messages', 'code': 'invalid_value'}}",False,
4355727937_0,deepseek-r1-distill-llama-70b,zero-shot,38,0,0,0,1.4.3|1.3.1|2.4.9|1.4.6|2.4.4|4.1.1|4.1.2,,none,,False,False,False,"Error code: 400 - {'error': {'message': 'The provided messages contain images, but deepseek-r1-distill-llama-70b does not support image inputs.', 'type': 'invalid_request_error', 'param': 'messages', 'code': 'invalid_value'}}","Error code: 400 - {'error': {'message': 'The provided messages contain images, but deepseek-r1-distill-llama-70b does not support image inputs.', 'type': 'invalid_request_error', 'param': 'messages', 'code': 'invalid_value'}}",False,
8873477499_0,deepseek-r1-distill-llama-70b,zero-shot,36,0,0,0,3.3.2|2.4.6|1.3.1|4.1.2,,none,,False,False,False,"Error code: 400 - {'error': {'message': 'The provided messages contain images, but deepseek-r1-distill-llama-70b does not support image inputs.', 'type': 'invalid_request_error', 'param': 'messages', 'code': 'invalid_value'}}","Error code: 400 - {'error': {'message': 'The provided messages contain images, but deepseek-r1-distill-llama-70b does not support image inputs.', 'type': 'invalid_request_error', 'param': 'messages', 'code': 'invalid_value'}}",False,
1963641873_0,deepseek-r1-distill-llama-70b,zero-shot,46,0,0,0,2.4.6|1.3.1|4.1.1|3.3.2,,none,,False,False,False,"Error code: 400 - {'error': {'message': 'The provided messages contain images, but deepseek-r1-distill-llama-70b does not support image inputs.', 'type': 'invalid_request_error', 'param': 'messages', 'code': 'invalid_value'}}","Error code: 400 - {'error': {'message': 'The provided messages contain images, but deepseek-r1-distill-llama-70b does not support image inputs.', 'type': 'invalid_request_error', 'param': 'messages', 'code': 'invalid_value'}}",False,
108292809_0,deepseek-r1-distill-llama-70b,zero-shot,70,0,0,0,2.4.3|1.3.1|1.4.6|2.1.1|4.1.1|4.1.2,,none,,False,False,False,"Error code: 400 - {'error': {'message': 'The provided messages contain images, but deepseek-r1-distill-llama-70b does not support image inputs.', 'type': 'invalid_request_error', 'param': 'messages', 'code': 'invalid_value'}}","Error code: 400 - {'error': {'message': 'The provided messages contain images, but deepseek-r1-distill-llama-70b does not support image inputs.', 'type': 'invalid_request_error', 'param': 'messages', 'code': 'invalid_value'}}",False,
841418439_0,deepseek-r1-distill-llama-70b,zero-shot,34,0,0,0,1.1.1|1.4.6|2.1.1|2.4.9|2.4.4|4.1.1|2.4.3|1.3.1|1.4.3,,none,,False,False,False,"Error code: 400 - {'error': {'message': 'The provided messages contain images, but deepseek-r1-distill-llama-70b does not support image inputs.', 'type': 'invalid_request_error', 'param': 'messages', 'code': 'invalid_value'}}","Error code: 400 - {'error': {'message': 'The provided messages contain images, but deepseek-r1-distill-llama-70b does not support image inputs.', 'type': 'invalid_request_error', 'param': 'messages', 'code': 'invalid_value'}}",False,
95_0,deepseek-r1-distill-llama-70b,zero-shot,33,0,0,0,1.3.1|1.4.6|4.1.1|4.1.2,,none,,False,False,False,"Error code: 400 - {'error': {'message': 'The provided messages contain images, but deepseek-r1-distill-llama-70b does not support image inputs.', 'type': 'invalid_request_error', 'param': 'messages', 'code': 'invalid_value'}}","Error code: 400 - {'error': {'message': 'The provided messages contain images, but deepseek-r1-distill-llama-70b does not support image inputs.', 'type': 'invalid_request_error', 'param': 'messages', 'code': 'invalid_value'}}",False,
359_0,deepseek-r1-distill-llama-70b,zero-shot,33,0,0,0,1.4.6|1.3.1,,none,,False,False,False,"Error code: 400 - {'error': {'message': 'The provided messages contain images, but deepseek-r1-distill-llama-70b does not support image inputs.', 'type': 'invalid_request_error', 'param': 'messages', 'code': 'invalid_value'}}","Error code: 400 - {'error': {'message': 'The provided messages contain images, but deepseek-r1-distill-llama-70b does not support image inputs.', 'type': 'invalid_request_error', 'param': 'messages', 'code': 'invalid_value'}}",False,
232_0,deepseek-r1-distill-llama-70b,zero-shot,44,0,0,0,1.1.1|1.3.1|2.4.9|1.4.6|2.4.4|4.1.1|1.4.3,,none,,False,False,False,"Error code: 400 - {'error': {'message': 'The provided messages contain images, but deepseek-r1-distill-llama-70b does not support image inputs.', 'type': 'invalid_request_error', 'param': 'messages', 'code': 'invalid_value'}}","Error code: 400 - {'error': {'message': 'The provided messages contain images, but deepseek-r1-distill-llama-70b does not support image inputs.', 'type': 'invalid_request_error', 'param': 'messages', 'code': 'invalid_value'}}",False,
7750001119_0,deepseek-r1-distill-llama-70b,zero-shot,43,0,0,0,2.4.6|1.4.3|1.3.1|1.4.4|1.4.6|4.1.2|3.3.2,,none,,False,False,False,"Error code: 400 - {'error': {'message': 'The provided messages contain images, but deepseek-r1-distill-llama-70b does not support image inputs.', 'type': 'invalid_request_error', 'param': 'messages', 'code': 'invalid_value'}}","Error code: 400 - {'error': {'message': 'The provided messages contain images, but deepseek-r1-distill-llama-70b does not support image inputs.', 'type': 'invalid_request_error', 'param': 'messages', 'code': 'invalid_value'}}",False,
4473637646_0,deepseek-r1-distill-llama-70b,zero-shot,64,0,0,0,1.1.1|1.3.1|1.4.4|1.4.6|4.1.1|4.1.2,,none,,False,False,False,"Error code: 400 - {'error': {'message': 'The provided messages contain images, but deepseek-r1-distill-llama-70b does not support image inputs.', 'type': 'invalid_request_error', 'param': 'messages', 'code': 'invalid_value'}}","Error code: 400 - {'error': {'message': 'The provided messages contain images, but deepseek-r1-distill-llama-70b does not support image inputs.', 'type': 'invalid_request_error', 'param': 'messages', 'code': 'invalid_value'}}",False,
6744278124_0,deepseek-r1-distill-llama-70b,zero-shot,37,0,0,0,1.4.6|1.3.1|4.1.1|1.4.3,,none,,False,False,False,"Error code: 400 - {'error': {'message': 'The provided messages contain images, but deepseek-r1-distill-llama-70b does not support image inputs.', 'type': 'invalid_request_error', 'param': 'messages', 'code': 'invalid_value'}}","Error code: 400 - {'error': {'message': 'The provided messages contain images, but deepseek-r1-distill-llama-70b does not support image inputs.', 'type': 'invalid_request_error', 'param': 'messages', 'code': 'invalid_value'}}",False,
4528812531_0,deepseek-r1-distill-llama-70b,zero-shot,28,0,0,0,1.3.1|1.4.6|4.1.2|1.4.3,,none,,False,False,False,"Error code: 400 - {'error': {'message': 'The provided messages contain images, but deepseek-r1-distill-llama-70b does not support image inputs.', 'type': 'invalid_request_error', 'param': 'messages', 'code': 'invalid_value'}}","Error code: 400 - {'error': {'message': 'The provided messages contain images, but deepseek-r1-distill-llama-70b does not support image inputs.', 'type': 'invalid_request_error', 'param': 'messages', 'code': 'invalid_value'}}",False,
431_0,deepseek-r1-distill-llama-70b,zero-shot,29,0,0,0,1.3.1|2.4.9|1.4.6|2.4.4|4.1.1|1.4.3,,none,,False,False,False,"Error code: 400 - {'error': {'message': 'The provided messages contain images, but deepseek-r1-distill-llama-70b does not support image inputs.', 'type': 'invalid_request_error', 'param': 'messages', 'code': 'invalid_value'}}","Error code: 400 - {'error': {'message': 'The provided messages contain images, but deepseek-r1-distill-llama-70b does not support image inputs.', 'type': 'invalid_request_error', 'param': 'messages', 'code': 'invalid_value'}}",False,
3548409958_0,deepseek-r1-distill-llama-70b,zero-shot,34,0,0,0,1.4.6|2.4.6|4.1.1|4.1.2,,none,,False,False,False,"Error code: 400 - {'error': {'message': 'The provided messages contain images, but deepseek-r1-distill-llama-70b does not support image inputs.', 'type': 'invalid_request_error', 'param': 'messages', 'code': 'invalid_value'}}","Error code: 400 - {'error': {'message': 'The provided messages contain images, but deepseek-r1-distill-llama-70b does not support image inputs.', 'type': 'invalid_request_error', 'param': 'messages', 'code': 'invalid_value'}}",False,
540_0,deepseek-r1-distill-llama-70b,zero-shot,33,0,0,0,1.4.6|1.3.1,,none,,False,False,False,"Error code: 400 - {'error': {'message': 'The provided messages contain images, but deepseek-r1-distill-llama-70b does not support image inputs.', 'type': 'invalid_request_error', 'param': 'messages', 'code': 'invalid_value'}}","Error code: 400 - {'error': {'message': 'The provided messages contain images, but deepseek-r1-distill-llama-70b does not support image inputs.', 'type': 'invalid_request_error', 'param': 'messages', 'code': 'invalid_value'}}",False,
539_0,deepseek-r1-distill-llama-70b,zero-shot,34,0,0,0,1.3.1|1.4.6|2.4.4|2.4.9|1.4.3,,none,,False,False,False,"Error code: 400 - {'error': {'message': 'The provided messages contain images, but deepseek-r1-distill-llama-70b does not support image inputs.', 'type': 'invalid_request_error', 'param': 'messages', 'code': 'invalid_value'}}","Error code: 400 - {'error': {'message': 'The provided messages contain images, but deepseek-r1-distill-llama-70b does not support image inputs.', 'type': 'invalid_request_error', 'param': 'messages', 'code': 'invalid_value'}}",False,
7838382411_0,deepseek-r1-distill-llama-70b,zero-shot,31,0,0,0,1.4.6|2.4.6,,none,,False,False,False,"Error code: 400 - {'error': {'message': 'The provided messages contain images, but deepseek-r1-distill-llama-70b does not support image inputs.', 'type': 'invalid_request_error', 'param': 'messages', 'code': 'invalid_value'}}","Error code: 400 - {'error': {'message': 'The provided messages contain images, but deepseek-r1-distill-llama-70b does not support image inputs.', 'type': 'invalid_request_error', 'param': 'messages', 'code': 'invalid_value'}}",False,
542_0,deepseek-r1-distill-llama-70b,zero-shot,45,0,0,0,2.4.6|1.3.1|2.4.9|1.4.6|2.4.4|4.1.1|1.4.3,,none,,False,False,False,"Error code: 400 - {'error': {'message': 'The provided messages contain images, but deepseek-r1-distill-llama-70b does not support image inputs.', 'type': 'invalid_request_error', 'param': 'messages', 'code': 'invalid_value'}}","Error code: 400 - {'error': {'message': 'The provided messages contain images, but deepseek-r1-distill-llama-70b does not support image inputs.', 'type': 'invalid_request_error', 'param': 'messages', 'code': 'invalid_value'}}",False,
543_0,deepseek-r1-distill-llama-70b,zero-shot,38,0,0,0,2.4.6|1.3.1|2.4.9|1.4.6|2.4.4|4.1.1|1.4.3,,none,,False,False,False,"Error code: 400 - {'error': {'message': 'The provided messages contain images, but deepseek-r1-distill-llama-70b does not support image inputs.', 'type': 'invalid_request_error', 'param': 'messages', 'code': 'invalid_value'}}","Error code: 400 - {'error': {'message': 'The provided messages contain images, but deepseek-r1-distill-llama-70b does not support image inputs.', 'type': 'invalid_request_error', 'param': 'messages', 'code': 'invalid_value'}}",False,
545_0,deepseek-r1-distill-llama-70b,zero-shot,52,0,0,0,1.3.1|2.4.9|1.4.6|2.4.4|4.1.1|1.4.3,,none,,False,False,False,"Error code: 400 - {'error': {'message': 'The provided messages contain images, but deepseek-r1-distill-llama-70b does not support image inputs.', 'type': 'invalid_request_error', 'param': 'messages', 'code': 'invalid_value'}}","Error code: 400 - {'error': {'message': 'The provided messages contain images, but deepseek-r1-distill-llama-70b does not support image inputs.', 'type': 'invalid_request_error', 'param': 'messages', 'code': 'invalid_value'}}",False,
6023,deepseek-r1-distill-llama-70b,zero-shot,28,0,0,0,3.1.2,,none,,False,False,False,"Error code: 400 - {'error': {'message': 'The provided messages contain images, but deepseek-r1-distill-llama-70b does not support image inputs.', 'type': 'invalid_request_error', 'param': 'messages', 'code': 'invalid_value'}}","Error code: 400 - {'error': {'message': 'The provided messages contain images, but deepseek-r1-distill-llama-70b does not support image inputs.', 'type': 'invalid_request_error', 'param': 'messages', 'code': 'invalid_value'}}",False,
