item_id,model,strategy,duration_ms,tp,fp,fn,precision,recall,f1_score,ground_truth,predictions,raw_output,error,schema_valid,parse_failed,empty_response,prediction_source,mapped_rule_ids
6018,deepseek-r1-distill-llama-70b,zero-shot,243104,0,0,0,0.0,0.0,0.0,4.1.2,,,"Error code: 400 - {'error': {'message': 'The provided messages contain images, but deepseek-r1-distill-llama-70b does not support image inputs.', 'type': 'invalid_request_error', 'param': 'messages', 'code': 'invalid_value'}}",False,False,False,none,
6021,deepseek-r1-distill-llama-70b,zero-shot,31,0,0,0,0.0,0.0,0.0,2.4.6|1.3.1,,,"Error code: 400 - {'error': {'message': 'The provided messages contain images, but deepseek-r1-distill-llama-70b does not support image inputs.', 'type': 'invalid_request_error', 'param': 'messages', 'code': 'invalid_value'}}",False,False,False,none,
6016,deepseek-r1-distill-llama-70b,zero-shot,51,0,0,0,0.0,0.0,0.0,3.3.2,,,"Error code: 400 - {'error': {'message': 'The provided messages contain images, but deepseek-r1-distill-llama-70b does not support image inputs.', 'type': 'invalid_request_error', 'param': 'messages', 'code': 'invalid_value'}}",False,False,False,none,
6008,deepseek-r1-distill-llama-70b,zero-shot,42,0,0,0,0.0,0.0,0.0,2.4.4|4.1.2,,,"Error code: 400 - {'error': {'message': 'The provided messages contain images, but deepseek-r1-distill-llama-70b does not support image inputs.', 'type': 'invalid_request_error', 'param': 'messages', 'code': 'invalid_value'}}",False,False,False,none,
6019,deepseek-r1-distill-llama-70b,zero-shot,37,0,0,0,0.0,0.0,0.0,4.1.2,,,"Error code: 400 - {'error': {'message': 'The provided messages contain images, but deepseek-r1-distill-llama-70b does not support image inputs.', 'type': 'invalid_request_error', 'param': 'messages', 'code': 'invalid_value'}}",False,False,False,none,
6020,deepseek-r1-distill-llama-70b,zero-shot,38,0,0,0,0.0,0.0,0.0,2.5.5,,,"Error code: 400 - {'error': {'message': 'The provided messages contain images, but deepseek-r1-distill-llama-70b does not support image inputs.', 'type': 'invalid_request_error', 'param': 'messages', 'code': 'invalid_value'}}",False,False,False,none,
6017,deepseek-r1-distill-llama-70b,zero-shot,46,0,0,0,0.0,0.0,0.0,4.1.2,,,"Error code: 400 - {'error': {'message': 'The provided messages contain images, but deepseek-r1-distill-llama-70b does not support image inputs.', 'type': 'invalid_request_error', 'param': 'messages', 'code': 'invalid_value'}}",False,False,False,none,
6022,deepseek-r1-distill-llama-70b,zero-shot,39,0,0,0,0.0,0.0,0.0,1.1.1,,,"Error code: 400 - {'error': {'message': 'The provided messages contain images, but deepseek-r1-distill-llama-70b does not support image inputs.', 'type': 'invalid_request_error', 'param': 'messages', 'code': 'invalid_value'}}",False,False,False,none,
706_0,deepseek-r1-distill-llama-70b,zero-shot,39,0,0,0,0.0,0.0,0.0,1.4.6|2.1.1|2.4.9|2.4.4|4.1.1|4.1.2|2.4.3|2.4.6|1.3.1|1.4.3,,,"Error code: 400 - {'error': {'message': 'The provided messages contain images, but deepseek-r1-distill-llama-70b does not support image inputs.', 'type': 'invalid_request_error', 'param': 'messages', 'code': 'invalid_value'}}",False,False,False,none,
708_0,deepseek-r1-distill-llama-70b,zero-shot,37,0,0,0,0.0,0.0,0.0,1.4.6|2.1.1|2.4.9|2.4.4|4.1.1|4.1.2|2.4.3|2.4.6|1.3.1|1.4.3,,,"Error code: 400 - {'error': {'message': 'The provided messages contain images, but deepseek-r1-distill-llama-70b does not support image inputs.', 'type': 'invalid_request_error', 'param': 'messages', 'code': 'invalid_value'}}",False,False,False,none,
709_0,deepseek-r1-distill-llama-70b,zero-shot,34,0,0,0,0.0,0.0,0.0,1.4.6|2.1.1|2.4.9|2.4.4|4.1.1|4.1.2|2.4.3|2.4.6|1.3.1|1.4.3,,,"Error code: 400 - {'error': {'message': 'The provided messages contain images, but deepseek-r1-distill-llama-70b does not support image inputs.', 'type': 'invalid_request_error', 'param': 'messages', 'code': 'invalid_value'}}",False,False,False,none,
716_0,deepseek-r1-distill-llama-70b,zero-shot,29,0,0,0,0.0,0.0,0.0,1.4.6|2.1.1|2.4.9|2.4.4|4.1.1|4.1.2|2.4.3|2.4.6|1.3.1|1.4.3,,,"Error code: 400 - {'error': {'message': 'The provided messages contain images, but deepseek-r1-distill-llama-70b does not support image inputs.', 'type': 'invalid_request_error', 'param': 'messages', 'code': 'invalid_value'}}",False,False,False,none,
710_0,deepseek-r1-distill-llama-70b,zero-shot,29,0,0,0,0.0,0.0,0.0,1.4.6|2.1.1|2.4.9|2.4.4|4.1.1|4.1.2|2.4.3|2.4.6|1.3.1|1.4.3,,,"Error code: 400 - {'error': {'message': 'The provided messages contain images, but deepseek-r1-distill-llama-70b does not support image inputs.', 'type': 'invalid_request_error', 'param': 'messages', 'code': 'invalid_value'}}",False,False,False,none,
711_0,deepseek-r1-distill-llama-70b,zero-shot,31,0,0,0,0.0,0.0,0.0,1.4.6|2.1.1|2.4.9|2.4.4|4.1.1|4.1.2|2.4.3|2.4.6|1.3.1|1.4.3,,,"Error code: 400 - {'error': {'message': 'The provided messages contain images, but deepseek-r1-distill-llama-70b does not support image inputs.', 'type': 'invalid_request_error', 'param': 'messages', 'code': 'invalid_value'}}",False,False,False,none,
707_0,deepseek-r1-distill-llama-70b,zero-shot,32,0,0,0,0.0,0.0,0.0,1.4.6|2.1.1|2.4.9|2.4.4|4.1.1|4.1.2|2.4.3|2.4.6|1.3.1|1.4.3,,,"Error code: 400 - {'error': {'message': 'The provided messages contain images, but deepseek-r1-distill-llama-70b does not support image inputs.', 'type': 'invalid_request_error', 'param': 'messages', 'code': 'invalid_value'}}",False,False,False,none,
713_0,deepseek-r1-distill-llama-70b,zero-shot,34,0,0,0,0.0,0.0,0.0,1.4.6|2.1.1|2.4.9|2.4.4|4.1.1|4.1.2|2.4.3|2.4.6|1.3.1|1.4.3,,,"Error code: 400 - {'error': {'message': 'The provided messages contain images, but deepseek-r1-distill-llama-70b does not support image inputs.', 'type': 'invalid_request_error', 'param': 'messages', 'code': 'invalid_value'}}",False,False,False,none,
714_0,deepseek-r1-distill-llama-70b,zero-shot,31,0,0,0,0.0,0.0,0.0,1.4.6|2.1.1|2.4.9|2.4.4|4.1.1|4.1.2|2.4.3|2.4.6|1.3.1|1.4.3,,,"Error code: 400 - {'error': {'message': 'The provided messages contain images, but deepseek-r1-distill-llama-70b does not support image inputs.', 'type': 'invalid_request_error', 'param': 'messages', 'code': 'invalid_value'}}",False,False,False,none,
715_0,deepseek-r1-distill-llama-70b,zero-shot,34,0,0,0,0.0,0.0,0.0,1.4.6|2.1.1|2.4.9|2.4.4|4.1.1|4.1.2|2.4.3|2.4.6|1.3.1|1.4.3,,,"Error code: 400 - {'error': {'message': 'The provided messages contain images, but deepseek-r1-distill-llama-70b does not support image inputs.', 'type': 'invalid_request_error', 'param': 'messages', 'code': 'invalid_value'}}",False,False,False,none,
712_0,deepseek-r1-distill-llama-70b,zero-shot,33,0,0,0,0.0,0.0,0.0,1.4.6|2.1.1|2.4.9|2.4.4|4.1.1|4.1.2|2.4.3|2.4.6|1.3.1|1.4.3,,,"Error code: 400 - {'error': {'message': 'The provided messages contain images, but deepseek-r1-distill-llama-70b does not support image inputs.', 'type': 'invalid_request_error', 'param': 'messages', 'code': 'invalid_value'}}",False,False,False,none,
3871549955_0,deepseek-r1-distill-llama-70b,zero-shot,35,0,0,0,0.0,0.0,0.0,1.4.6|4.1.1,,,"Error code: 400 - {'error': {'message': 'The provided messages contain images, but deepseek-r1-distill-llama-70b does not support image inputs.', 'type': 'invalid_request_error', 'param': 'messages', 'code': 'invalid_value'}}",False,False,False,none,
4643564980_0,deepseek-r1-distill-llama-70b,zero-shot,35,0,0,0,0.0,0.0,0.0,1.4.6|4.1.1,,,"Error code: 400 - {'error': {'message': 'The provided messages contain images, but deepseek-r1-distill-llama-70b does not support image inputs.', 'type': 'invalid_request_error', 'param': 'messages', 'code': 'invalid_value'}}",False,False,False,none,
853326546_0,deepseek-r1-distill-llama-70b,zero-shot,41,0,0,0,0.0,0.0,0.0,1.4.6|4.1.1,,,"Error code: 400 - {'error': {'message': 'The provided messages contain images, but deepseek-r1-distill-llama-70b does not support image inputs.', 'type': 'invalid_request_error', 'param': 'messages', 'code': 'invalid_value'}}",False,False,False,none,
7965215914_0,deepseek-r1-distill-llama-70b,zero-shot,40,0,0,0,0.0,0.0,0.0,1.4.6|4.1.1,,,"Error code: 400 - {'error': {'message': 'The provided messages contain images, but deepseek-r1-distill-llama-70b does not support image inputs.', 'type': 'invalid_request_error', 'param': 'messages', 'code': 'invalid_value'}}",False,False,False,none,
111849147_0,deepseek-r1-distill-llama-70b,zero-shot,42,0,0,0,0.0,0.0,0.0,1.4.6|4.1.1,,,"Error code: 400 - {'error': {'message': 'The provided messages contain images, but deepseek-r1-distill-llama-70b does not support image inputs.', 'type': 'invalid_request_error', 'param': 'messages', 'code': 'invalid_value'}}",False,False,False,none,
2182179087_0,deepseek-r1-distill-llama-70b,zero-shot,32,0,0,0,0.0,0.0,0.0,1.4.6|4.1.1,,,"Error code: 400 - {'error': {'message': 'The provided messages contain images, but deepseek-r1-distill-llama-70b does not support image inputs.', 'type': 'invalid_request_error', 'param': 'messages', 'code': 'invalid_value'}}",False,False,False,none,
37517988_0,deepseek-r1-distill-llama-70b,zero-shot,38,0,0,0,0.0,0.0,0.0,1.4.6|2.1.1|4.1.1|2.4.3,,,"Error code: 400 - {'error': {'message': 'The provided messages contain images, but deepseek-r1-distill-llama-70b does not support image inputs.', 'type': 'invalid_request_error', 'param': 'messages', 'code': 'invalid_value'}}",False,False,False,none,
581517740_0,deepseek-r1-distill-llama-70b,zero-shot,39,0,0,0,0.0,0.0,0.0,1.4.6|4.1.1,,,"Error code: 400 - {'error': {'message': 'The provided messages contain images, but deepseek-r1-distill-llama-70b does not support image inputs.', 'type': 'invalid_request_error', 'param': 'messages', 'code': 'invalid_value'}}",False,False,False,none,
128813600_0,deepseek-r1-distill-llama-70b,zero-shot,39,0,0,0,0.0,0.0,0.0,1.1.1|1.3.1|1.4.6|2.4.4|2.4.9|4.1.2,,,"Error code: 400 - {'error': {'message': 'The provided messages contain images, but deepseek-r1-distill-llama-70b does not support image inputs.', 'type': 'invalid_request_error', 'param': 'messages', 'code': 'invalid_value'}}",False,False,False,none,
1966382623_0,deepseek-r1-distill-llama-70b,zero-shot,46,0,0,0,0.0,0.0,0.0,1.1.1|2.4.1|1.4.6|2.1.1|2.4.9|2.4.4|4.1.1|2.4.3|2.4.6|1.3.1,,,"Error code: 400 - {'error': {'message': 'The provided messages contain images, but deepseek-r1-distill-llama-70b does not support image inputs.', 'type': 'invalid_request_error', 'param': 'messages', 'code': 'invalid_value'}}",False,False,False,none,
515_0,deepseek-r1-distill-llama-70b,zero-shot,32,0,0,0,0.0,0.0,0.0,2.4.3|1.3.1|1.4.6|2.1.1|2.4.4|2.4.9|4.1.2|1.4.3,,,"Error code: 400 - {'error': {'message': 'The provided messages contain images, but deepseek-r1-distill-llama-70b does not support image inputs.', 'type': 'invalid_request_error', 'param': 'messages', 'code': 'invalid_value'}}",False,False,False,none,
516_0,deepseek-r1-distill-llama-70b,zero-shot,39,0,0,0,0.0,0.0,0.0,2.4.3|1.3.1|1.4.6|2.1.1|2.4.4|2.4.9|4.1.2|1.4.3,,,"Error code: 400 - {'error': {'message': 'The provided messages contain images, but deepseek-r1-distill-llama-70b does not support image inputs.', 'type': 'invalid_request_error', 'param': 'messages', 'code': 'invalid_value'}}",False,False,False,none,
517_0,deepseek-r1-distill-llama-70b,zero-shot,40,0,0,0,0.0,0.0,0.0,2.4.3|1.3.1|1.4.6|2.1.1|2.4.4|2.4.9|4.1.2|1.4.3,,,"Error code: 400 - {'error': {'message': 'The provided messages contain images, but deepseek-r1-distill-llama-70b does not support image inputs.', 'type': 'invalid_request_error', 'param': 'messages', 'code': 'invalid_value'}}",False,False,False,none,
5627013288_0,deepseek-r1-distill-llama-70b,zero-shot,40,0,0,0,0.0,0.0,0.0,1.4.6|2.4.9|2.4.4|4.1.1|4.1.2|2.4.6|1.3.1|1.4.3,,,"Error code: 400 - {'error': {'message': 'The provided messages contain images, but deepseek-r1-distill-llama-70b does not support image inputs.', 'type': 'invalid_request_error', 'param': 'messages', 'code': 'invalid_value'}}",False,False,False,none,
8654682977_0,deepseek-r1-distill-llama-70b,zero-shot,42,0,0,0,0.0,0.0,0.0,2.4.6|1.1.1|1.3.1|1.4.6|4.1.1|4.1.2,,,"Error code: 400 - {'error': {'message': 'The provided messages contain images, but deepseek-r1-distill-llama-70b does not support image inputs.', 'type': 'invalid_request_error', 'param': 'messages', 'code': 'invalid_value'}}",False,False,False,none,
4770170269_0,deepseek-r1-distill-llama-70b,zero-shot,41,0,0,0,0.0,0.0,0.0,1.1.1|1.4.6|2.4.9|2.4.4|4.1.1|4.1.2|2.4.6|1.3.1|3.1.1|1.4.4|1.4.3,,,"Error code: 400 - {'error': {'message': 'The provided messages contain images, but deepseek-r1-distill-llama-70b does not support image inputs.', 'type': 'invalid_request_error', 'param': 'messages', 'code': 'invalid_value'}}",False,False,False,none,
548_0,deepseek-r1-distill-llama-70b,zero-shot,44,0,0,0,0.0,0.0,0.0,1.3.1|3.1.1|1.4.6|4.1.2,,,"Error code: 400 - {'error': {'message': 'The provided messages contain images, but deepseek-r1-distill-llama-70b does not support image inputs.', 'type': 'invalid_request_error', 'param': 'messages', 'code': 'invalid_value'}}",False,False,False,none,
6666281102_0,deepseek-r1-distill-llama-70b,zero-shot,29,0,0,0,0.0,0.0,0.0,1.4.6|2.4.6|1.3.1,,,"Error code: 400 - {'error': {'message': 'The provided messages contain images, but deepseek-r1-distill-llama-70b does not support image inputs.', 'type': 'invalid_request_error', 'param': 'messages', 'code': 'invalid_value'}}",False,False,False,none,
5424827103_0,deepseek-r1-distill-llama-70b,zero-shot,38,0,0,0,0.0,0.0,0.0,1.3.1,,,"Error code: 400 - {'error': {'message': 'The provided messages contain images, but deepseek-r1-distill-llama-70b does not support image inputs.', 'type': 'invalid_request_error', 'param': 'messages', 'code': 'invalid_value'}}",False,False,False,none,
1499175565_0,deepseek-r1-distill-llama-70b,zero-shot,24,0,0,0,0.0,0.0,0.0,1.3.1|3.1.1,,,"Error code: 400 - {'error': {'message': 'The provided messages contain images, but deepseek-r1-distill-llama-70b does not support image inputs.', 'type': 'invalid_request_error', 'param': 'messages', 'code': 'invalid_value'}}",False,False,False,none,
8649911099_0,deepseek-r1-distill-llama-70b,zero-shot,49,0,0,0,0.0,0.0,0.0,1.4.6|1.3.1|1.4.3,,,"Error code: 400 - {'error': {'message': 'The provided messages contain images, but deepseek-r1-distill-llama-70b does not support image inputs.', 'type': 'invalid_request_error', 'param': 'messages', 'code': 'invalid_value'}}",False,False,False,none,
8773059234_0,deepseek-r1-distill-llama-70b,zero-shot,48,0,0,0,0.0,0.0,0.0,2.4.6|1.3.1|1.4.6|4.1.1|4.1.2,,,"Error code: 400 - {'error': {'message': 'The provided messages contain images, but deepseek-r1-distill-llama-70b does not support image inputs.', 'type': 'invalid_request_error', 'param': 'messages', 'code': 'invalid_value'}}",False,False,False,none,
9995023032_0,deepseek-r1-distill-llama-70b,zero-shot,43,0,0,0,0.0,0.0,0.0,1.1.1|2.4.6|1.3.1|1.4.6|1.4.3,,,"Error code: 400 - {'error': {'message': 'The provided messages contain images, but deepseek-r1-distill-llama-70b does not support image inputs.', 'type': 'invalid_request_error', 'param': 'messages', 'code': 'invalid_value'}}",False,False,False,none,
3231484510_0,deepseek-r1-distill-llama-70b,zero-shot,43,0,0,0,0.0,0.0,0.0,1.1.1|2.4.6|3.1.1|1.4.4|1.4.6|2.4.4|2.4.9,,,"Error code: 400 - {'error': {'message': 'The provided messages contain images, but deepseek-r1-distill-llama-70b does not support image inputs.', 'type': 'invalid_request_error', 'param': 'messages', 'code': 'invalid_value'}}",False,False,False,none,
5653019337_0,deepseek-r1-distill-llama-70b,zero-shot,42,0,0,0,0.0,0.0,0.0,1.4.3|1.3.1|2.4.9|1.4.6|2.4.4|4.1.1|4.1.2,,,"Error code: 400 - {'error': {'message': 'The provided messages contain images, but deepseek-r1-distill-llama-70b does not support image inputs.', 'type': 'invalid_request_error', 'param': 'messages', 'code': 'invalid_value'}}",False,False,False,none,
9817868776_0,deepseek-r1-distill-llama-70b,zero-shot,36,0,0,0,0.0,0.0,0.0,1.4.6|1.3.1|1.4.3,,,"Error code: 400 - {'error': {'message': 'The provided messages contain images, but deepseek-r1-distill-llama-70b does not support image inputs.', 'type': 'invalid_request_error', 'param': 'messages', 'code': 'invalid_value'}}",False,False,False,none,
520_0,deepseek-r1-distill-llama-70b,zero-shot,34,0,0,0,0.0,0.0,0.0,2.4.6|1.1.1|1.3.1|1.4.6|4.1.2|1.4.3,,,"Error code: 400 - {'error': {'message': 'The provided messages contain images, but deepseek-r1-distill-llama-70b does not support image inputs.', 'type': 'invalid_request_error', 'param': 'messages', 'code': 'invalid_value'}}",False,False,False,none,
1746488226_0,deepseek-r1-distill-llama-70b,zero-shot,41,0,0,0,0.0,0.0,0.0,1.3.1|1.4.6|4.1.1|4.1.2,,,"Error code: 400 - {'error': {'message': 'The provided messages contain images, but deepseek-r1-distill-llama-70b does not support image inputs.', 'type': 'invalid_request_error', 'param': 'messages', 'code': 'invalid_value'}}",False,False,False,none,
33_0,deepseek-r1-distill-llama-70b,zero-shot,30,0,0,0,0.0,0.0,0.0,1.4.6|2.4.4|2.4.9|4.1.2,,,"Error code: 400 - {'error': {'message': 'The provided messages contain images, but deepseek-r1-distill-llama-70b does not support image inputs.', 'type': 'invalid_request_error', 'param': 'messages', 'code': 'invalid_value'}}",False,False,False,none,
2241802183_0,deepseek-r1-distill-llama-70b,zero-shot,36,0,0,0,0.0,0.0,0.0,1.4.4|1.4.6|2.4.4|2.4.9|4.1.2,,,"Error code: 400 - {'error': {'message': 'The provided messages contain images, but deepseek-r1-distill-llama-70b does not support image inputs.', 'type': 'invalid_request_error', 'param': 'messages', 'code': 'invalid_value'}}",False,False,False,none,
193670859_0,deepseek-r1-distill-llama-70b,zero-shot,38,0,0,0,0.0,0.0,0.0,1.1.1|1.4.6|2.4.9|2.4.4|4.1.1|4.1.2|2.4.6|1.3.1|1.4.3,,,"Error code: 400 - {'error': {'message': 'The provided messages contain images, but deepseek-r1-distill-llama-70b does not support image inputs.', 'type': 'invalid_request_error', 'param': 'messages', 'code': 'invalid_value'}}",False,False,False,none,
331_0,deepseek-r1-distill-llama-70b,zero-shot,28,0,0,0,0.0,0.0,0.0,1.4.6|2.4.6|1.3.1|1.4.3,,,"Error code: 400 - {'error': {'message': 'The provided messages contain images, but deepseek-r1-distill-llama-70b does not support image inputs.', 'type': 'invalid_request_error', 'param': 'messages', 'code': 'invalid_value'}}",False,False,False,none,
318_0,deepseek-r1-distill-llama-70b,zero-shot,42,0,0,0,0.0,0.0,0.0,1.4.6|2.4.4|2.4.9|4.1.2|2.4.6|1.3.1|1.4.3,,,"Error code: 400 - {'error': {'message': 'The provided messages contain images, but deepseek-r1-distill-llama-70b does not support image inputs.', 'type': 'invalid_request_error', 'param': 'messages', 'code': 'invalid_value'}}",False,False,False,none,
8325352647_0,deepseek-r1-distill-llama-70b,zero-shot,28,0,0,0,0.0,0.0,0.0,1.3.1|3.1.1,,,"Error code: 400 - {'error': {'message': 'The provided messages contain images, but deepseek-r1-distill-llama-70b does not support image inputs.', 'type': 'invalid_request_error', 'param': 'messages', 'code': 'invalid_value'}}",False,False,False,none,
364_0,deepseek-r1-distill-llama-70b,zero-shot,37,0,0,0,0.0,0.0,0.0,1.1.1|1.4.6|2.4.9|2.4.4|4.1.1|4.1.2|2.4.6|1.3.1|1.4.4,,,"Error code: 400 - {'error': {'message': 'The provided messages contain images, but deepseek-r1-distill-llama-70b does not support image inputs.', 'type': 'invalid_request_error', 'param': 'messages', 'code': 'invalid_value'}}",False,False,False,none,
6901236114_0,deepseek-r1-distill-llama-70b,zero-shot,33,0,0,0,0.0,0.0,0.0,1.3.1,,,"Error code: 400 - {'error': {'message': 'The provided messages contain images, but deepseek-r1-distill-llama-70b does not support image inputs.', 'type': 'invalid_request_error', 'param': 'messages', 'code': 'invalid_value'}}",False,False,False,none,
1344325832_0,deepseek-r1-distill-llama-70b,zero-shot,47,0,0,0,0.0,0.0,0.0,2.4.3|1.1.1|1.3.1|1.4.6|2.1.1|4.1.1|4.1.2,,,"Error code: 400 - {'error': {'message': 'The provided messages contain images, but deepseek-r1-distill-llama-70b does not support image inputs.', 'type': 'invalid_request_error', 'param': 'messages', 'code': 'invalid_value'}}",False,False,False,none,
1115295724_0,deepseek-r1-distill-llama-70b,zero-shot,36,0,0,0,0.0,0.0,0.0,1.1.1|2.4.6|1.3.1|2.4.9|1.4.6|2.4.4|4.1.1|1.4.3,,,"Error code: 400 - {'error': {'message': 'The provided messages contain images, but deepseek-r1-distill-llama-70b does not support image inputs.', 'type': 'invalid_request_error', 'param': 'messages', 'code': 'invalid_value'}}",False,False,False,none,
5117799549_0,deepseek-r1-distill-llama-70b,zero-shot,39,0,0,0,0.0,0.0,0.0,2.4.6|1.3.1|1.4.4|1.4.6|4.1.2|1.4.3,,,"Error code: 400 - {'error': {'message': 'The provided messages contain images, but deepseek-r1-distill-llama-70b does not support image inputs.', 'type': 'invalid_request_error', 'param': 'messages', 'code': 'invalid_value'}}",False,False,False,none,
4925950366_0,deepseek-r1-distill-llama-70b,zero-shot,30,0,0,0,0.0,0.0,0.0,1.1.1|1.3.1|3.1.1|1.4.4|1.4.6|1.4.3,,,"Error code: 400 - {'error': {'message': 'The provided messages contain images, but deepseek-r1-distill-llama-70b does not support image inputs.', 'type': 'invalid_request_error', 'param': 'messages', 'code': 'invalid_value'}}",False,False,False,none,
1902084907_0,deepseek-r1-distill-llama-70b,zero-shot,48,0,0,0,0.0,0.0,0.0,2.4.6|1.3.1|1.4.6|1.4.3,,,"Error code: 400 - {'error': {'message': 'The provided messages contain images, but deepseek-r1-distill-llama-70b does not support image inputs.', 'type': 'invalid_request_error', 'param': 'messages', 'code': 'invalid_value'}}",False,False,False,none,
8791766791_0,deepseek-r1-distill-llama-70b,zero-shot,31,0,0,0,0.0,0.0,0.0,1.3.1|1.4.6|4.1.2|1.4.3,,,"Error code: 400 - {'error': {'message': 'The provided messages contain images, but deepseek-r1-distill-llama-70b does not support image inputs.', 'type': 'invalid_request_error', 'param': 'messages', 'code': 'invalid_value'}}",False,False,False,none,
529912387_0,deepseek-r1-distill-llama-70b,zero-shot,36,0,0,0,0.0,0.0,0.0,1.3.1|4.1.1,,,"Error code: 400 - {'error': {'message': 'The provided messages contain images, but deepseek-r1-distill-llama-70b does not support image inputs.', 'type': 'invalid_request_error', 'param': 'messages', 'code': 'invalid_value'}}",False,False,False,none,
301_0,deepseek-r1-distill-llama-70b,zero-shot,33,0,0,0,0.0,0.0,0.0,2.4.6|1.3.1|1.4.6|4.1.2|3.3.2,,,"Error code: 400 - {'error': {'message': 'The provided messages contain images, but deepseek-r1-distill-llama-70b does not support image inputs.', 'type': 'invalid_request_error', 'param': 'messages', 'code': 'invalid_value'}}",False,False,False,none,
848513793_0,deepseek-r1-distill-llama-70b,zero-shot,39,0,0,0,0.0,0.0,0.0,1.1.1|1.3.1|1.4.6|4.1.1|4.1.2|1.4.3,,,"Error code: 400 - {'error': {'message': 'The provided messages contain images, but deepseek-r1-distill-llama-70b does not support image inputs.', 'type': 'invalid_request_error', 'param': 'messages', 'code': 'invalid_value'}}",False,False,False,none,
4970188583_0,deepseek-r1-distill-llama-70b,zero-shot,29,0,0,0,0.0,0.0,0.0,1.4.6|4.1.1|1.4.3,,,"Error code: 400 - {'error': {'message': 'The provided messages contain images, but deepseek-r1-distill-llama-70b does not support image inputs.', 'type': 'invalid_request_error', 'param': 'messages', 'code': 'invalid_value'}}",False,False,False,none,
8170624278_0,deepseek-r1-distill-llama-70b,zero-shot,30,0,0,0,0.0,0.0,0.0,1.4.3|1.3.1|2.4.9|1.4.6|2.4.4|4.1.1|4.1.2,,,"Error code: 400 - {'error': {'message': 'The provided messages contain images, but deepseek-r1-distill-llama-70b does not support image inputs.', 'type': 'invalid_request_error', 'param': 'messages', 'code': 'invalid_value'}}",False,False,False,none,
6405568922_0,deepseek-r1-distill-llama-70b,zero-shot,36,0,0,0,0.0,0.0,0.0,1.1.1|1.3.1|2.4.9|1.4.6|2.4.4|4.1.1|1.4.3,,,"Error code: 400 - {'error': {'message': 'The provided messages contain images, but deepseek-r1-distill-llama-70b does not support image inputs.', 'type': 'invalid_request_error', 'param': 'messages', 'code': 'invalid_value'}}",False,False,False,none,
587130571_0,deepseek-r1-distill-llama-70b,zero-shot,29,0,0,0,0.0,0.0,0.0,1.4.6|1.3.1,,,"Error code: 400 - {'error': {'message': 'The provided messages contain images, but deepseek-r1-distill-llama-70b does not support image inputs.', 'type': 'invalid_request_error', 'param': 'messages', 'code': 'invalid_value'}}",False,False,False,none,
3038375729_0,deepseek-r1-distill-llama-70b,zero-shot,24,0,0,0,0.0,0.0,0.0,1.1.1|2.4.6|1.3.1|3.1.1|1.4.4|1.4.6|1.4.3,,,"Error code: 400 - {'error': {'message': 'The provided messages contain images, but deepseek-r1-distill-llama-70b does not support image inputs.', 'type': 'invalid_request_error', 'param': 'messages', 'code': 'invalid_value'}}",False,False,False,none,
7947636348_0,deepseek-r1-distill-llama-70b,zero-shot,32,0,0,0,0.0,0.0,0.0,2.4.6|1.3.1|1.4.6|4.1.1,,,"Error code: 400 - {'error': {'message': 'The provided messages contain images, but deepseek-r1-distill-llama-70b does not support image inputs.', 'type': 'invalid_request_error', 'param': 'messages', 'code': 'invalid_value'}}",False,False,False,none,
2588940216_0,deepseek-r1-distill-llama-70b,zero-shot,37,0,0,0,0.0,0.0,0.0,2.4.6|2.4.2|1.1.1|1.3.1|1.4.6|2.4.4|2.4.9,,,"Error code: 400 - {'error': {'message': 'The provided messages contain images, but deepseek-r1-distill-llama-70b does not support image inputs.', 'type': 'invalid_request_error', 'param': 'messages', 'code': 'invalid_value'}}",False,False,False,none,
21_0,deepseek-r1-distill-llama-70b,zero-shot,33,0,0,0,0.0,0.0,0.0,2.4.3|1.3.1|2.4.9|1.4.6|2.1.1|2.4.4|4.1.1|4.1.2,,,"Error code: 400 - {'error': {'message': 'The provided messages contain images, but deepseek-r1-distill-llama-70b does not support image inputs.', 'type': 'invalid_request_error', 'param': 'messages', 'code': 'invalid_value'}}",False,False,False,none,
7604830192_0,deepseek-r1-distill-llama-70b,zero-shot,35,0,0,0,0.0,0.0,0.0,1.4.6|2.4.9|2.4.4|4.1.1|4.1.2|1.3.1|1.4.3,,,"Error code: 400 - {'error': {'message': 'The provided messages contain images, but deepseek-r1-distill-llama-70b does not support image inputs.', 'type': 'invalid_request_error', 'param': 'messages', 'code': 'invalid_value'}}",False,False,False,none,
276_0,deepseek-r1-distill-llama-70b,zero-shot,51,0,0,0,0.0,0.0,0.0,1.4.6|2.4.6|1.3.1,,,"Error code: 400 - {'error': {'message': 'The provided messages contain images, but deepseek-r1-distill-llama-70b does not support image inputs.', 'type': 'invalid_request_error', 'param': 'messages', 'code': 'invalid_value'}}",False,False,False,none,
1058560753_0,deepseek-r1-distill-llama-70b,zero-shot,34,0,0,0,0.0,0.0,0.0,1.4.6,,,"Error code: 400 - {'error': {'message': 'The provided messages contain images, but deepseek-r1-distill-llama-70b does not support image inputs.', 'type': 'invalid_request_error', 'param': 'messages', 'code': 'invalid_value'}}",False,False,False,none,
1248925021_0,deepseek-r1-distill-llama-70b,zero-shot,33,0,0,0,0.0,0.0,0.0,1.1.1|1.4.6|2.4.4|2.4.9|4.1.2|1.3.5|2.4.6|1.3.1|1.4.3,,,"Error code: 400 - {'error': {'message': 'The provided messages contain images, but deepseek-r1-distill-llama-70b does not support image inputs.', 'type': 'invalid_request_error', 'param': 'messages', 'code': 'invalid_value'}}",False,False,False,none,
9053765347_0,deepseek-r1-distill-llama-70b,zero-shot,38,0,0,0,0.0,0.0,0.0,1.4.6|1.1.1|4.1.2,,,"Error code: 400 - {'error': {'message': 'The provided messages contain images, but deepseek-r1-distill-llama-70b does not support image inputs.', 'type': 'invalid_request_error', 'param': 'messages', 'code': 'invalid_value'}}",False,False,False,none,
113_0,deepseek-r1-distill-llama-70b,zero-shot,33,0,0,0,0.0,0.0,0.0,1.3.1|1.4.6|2.4.4|2.4.9|1.4.3,,,"Error code: 400 - {'error': {'message': 'The provided messages contain images, but deepseek-r1-distill-llama-70b does not support image inputs.', 'type': 'invalid_request_error', 'param': 'messages', 'code': 'invalid_value'}}",False,False,False,none,
2542497289_0,deepseek-r1-distill-llama-70b,zero-shot,28,0,0,0,0.0,0.0,0.0,2.4.6|2.4.2|1.3.1|3.1.1,,,"Error code: 400 - {'error': {'message': 'The provided messages contain images, but deepseek-r1-distill-llama-70b does not support image inputs.', 'type': 'invalid_request_error', 'param': 'messages', 'code': 'invalid_value'}}",False,False,False,none,
9752502690_0,deepseek-r1-distill-llama-70b,zero-shot,63,0,0,0,0.0,0.0,0.0,1.4.6|2.4.9|2.4.4|4.1.1|4.1.2|1.3.1|1.4.4|1.4.3,,,"Error code: 400 - {'error': {'message': 'The provided messages contain images, but deepseek-r1-distill-llama-70b does not support image inputs.', 'type': 'invalid_request_error', 'param': 'messages', 'code': 'invalid_value'}}",False,False,False,none,
281_0,deepseek-r1-distill-llama-70b,zero-shot,30,0,0,0,0.0,0.0,0.0,1.3.1|1.4.6|4.1.1|4.1.2|1.4.3,,,"Error code: 400 - {'error': {'message': 'The provided messages contain images, but deepseek-r1-distill-llama-70b does not support image inputs.', 'type': 'invalid_request_error', 'param': 'messages', 'code': 'invalid_value'}}",False,False,False,none,
1041759486_0,deepseek-r1-distill-llama-70b,zero-shot,45,0,0,0,0.0,0.0,0.0,1.4.6|1.3.1|4.1.2,,,"Error code: 400 - {'error': {'message': 'The provided messages contain images, but deepseek-r1-distill-llama-70b does not support image inputs.', 'type': 'invalid_request_error', 'param': 'messages', 'code': 'invalid_value'}}",False,False,False,none,
9936752400_0,deepseek-r1-distill-llama-70b,zero-shot,35,0,0,0,0.0,0.0,0.0,1.1.1|2.4.6|1.3.1|2.4.1|1.4.6|2.4.4|2.4.9,,,"Error code: 400 - {'error': {'message': 'The provided messages contain images, but deepseek-r1-distill-llama-70b does not support image inputs.', 'type': 'invalid_request_error', 'param': 'messages', 'code': 'invalid_value'}}",False,False,False,none,
1036859048_0,deepseek-r1-distill-llama-70b,zero-shot,42,0,0,0,0.0,0.0,0.0,1.3.1|2.4.9|1.4.6|2.4.4|4.1.1,,,"Error code: 400 - {'error': {'message': 'The provided messages contain images, but deepseek-r1-distill-llama-70b does not support image inputs.', 'type': 'invalid_request_error', 'param': 'messages', 'code': 'invalid_value'}}",False,False,False,none,
2178564963_0,deepseek-r1-distill-llama-70b,zero-shot,31,0,0,0,0.0,0.0,0.0,2.4.6,,,"Error code: 400 - {'error': {'message': 'The provided messages contain images, but deepseek-r1-distill-llama-70b does not support image inputs.', 'type': 'invalid_request_error', 'param': 'messages', 'code': 'invalid_value'}}",False,False,False,none,
8728895407_0,deepseek-r1-distill-llama-70b,zero-shot,29,0,0,0,0.0,0.0,0.0,1.3.1,,,"Error code: 400 - {'error': {'message': 'The provided messages contain images, but deepseek-r1-distill-llama-70b does not support image inputs.', 'type': 'invalid_request_error', 'param': 'messages', 'code': 'invalid_value'}}",False,False,False,none,
4843063990_0,deepseek-r1-distill-llama-70b,zero-shot,34,0,0,0,0.0,0.0,0.0,1.4.6,,,"Error code: 400 - {'error': {'message': 'The provided messages contain images, but deepseek-r1-distill-llama-70b does not support image inputs.', 'type': 'invalid_request_error', 'param': 'messages', 'code': 'invalid_value'}}",False,False,False,none,
1539544757_0,deepseek-r1-distill-llama-70b,zero-shot,44,0,0,0,0.0,0.0,0.0,1.4.6|2.4.6|1.3.1,,,"Error code: 400 - {'error': {'message': 'The provided messages contain images, but deepseek-r1-distill-llama-70b does not support image inputs.', 'type': 'invalid_request_error', 'param': 'messages', 'code': 'invalid_value'}}",False,False,False,none,
96_0,deepseek-r1-distill-llama-70b,zero-shot,43,0,0,0,0.0,0.0,0.0,1.1.1|1.3.1|4.1.1|4.1.2,,,"Error code: 400 - {'error': {'message': 'The provided messages contain images, but deepseek-r1-distill-llama-70b does not support image inputs.', 'type': 'invalid_request_error', 'param': 'messages', 'code': 'invalid_value'}}",False,False,False,none,
3150148978_0,deepseek-r1-distill-llama-70b,zero-shot,38,0,0,0,0.0,0.0,0.0,1.4.6|1.3.1,,,"Error code: 400 - {'error': {'message': 'The provided messages contain images, but deepseek-r1-distill-llama-70b does not support image inputs.', 'type': 'invalid_request_error', 'param': 'messages', 'code': 'invalid_value'}}",False,False,False,none,
1270397352_0,deepseek-r1-distill-llama-70b,zero-shot,33,0,0,0,0.0,0.0,0.0,1.3.1,,,"Error code: 400 - {'error': {'message': 'The provided messages contain images, but deepseek-r1-distill-llama-70b does not support image inputs.', 'type': 'invalid_request_error', 'param': 'messages', 'code': 'invalid_value'}}",False,False,False,none,
8437119697_0,deepseek-r1-distill-llama-70b,zero-shot,41,0,0,0,0.0,0.0,0.0,1.3.1|1.4.6|2.4.4|2.4.9|4.1.2,,,"Error code: 400 - {'error': {'message': 'The provided messages contain images, but deepseek-r1-distill-llama-70b does not support image inputs.', 'type': 'invalid_request_error', 'param': 'messages', 'code': 'invalid_value'}}",False,False,False,none,
250_0,deepseek-r1-distill-llama-70b,zero-shot,38,0,0,0,0.0,0.0,0.0,1.3.1,,,"Error code: 400 - {'error': {'message': 'The provided messages contain images, but deepseek-r1-distill-llama-70b does not support image inputs.', 'type': 'invalid_request_error', 'param': 'messages', 'code': 'invalid_value'}}",False,False,False,none,
6465448582_0,deepseek-r1-distill-llama-70b,zero-shot,23,0,0,0,0.0,0.0,0.0,1.3.1|3.1.1,,,"Error code: 400 - {'error': {'message': 'The provided messages contain images, but deepseek-r1-distill-llama-70b does not support image inputs.', 'type': 'invalid_request_error', 'param': 'messages', 'code': 'invalid_value'}}",False,False,False,none,
3731007183_0,deepseek-r1-distill-llama-70b,zero-shot,38,0,0,0,0.0,0.0,0.0,1.1.1|1.3.1|1.4.6|2.4.4|2.4.9|1.4.3,,,"Error code: 400 - {'error': {'message': 'The provided messages contain images, but deepseek-r1-distill-llama-70b does not support image inputs.', 'type': 'invalid_request_error', 'param': 'messages', 'code': 'invalid_value'}}",False,False,False,none,
8818139023_0,deepseek-r1-distill-llama-70b,zero-shot,30,0,0,0,0.0,0.0,0.0,1.3.1|1.4.6|2.4.4|2.4.9|4.1.2|1.4.3,,,"Error code: 400 - {'error': {'message': 'The provided messages contain images, but deepseek-r1-distill-llama-70b does not support image inputs.', 'type': 'invalid_request_error', 'param': 'messages', 'code': 'invalid_value'}}",False,False,False,none,
7124602025_0,deepseek-r1-distill-llama-70b,zero-shot,37,0,0,0,0.0,0.0,0.0,1.1.1|1.4.3|1.3.1|2.4.6|1.4.6|4.1.1|4.1.2,,,"Error code: 400 - {'error': {'message': 'The provided messages contain images, but deepseek-r1-distill-llama-70b does not support image inputs.', 'type': 'invalid_request_error', 'param': 'messages', 'code': 'invalid_value'}}",False,False,False,none,
5827428762_0,deepseek-r1-distill-llama-70b,zero-shot,33,0,0,0,0.0,0.0,0.0,1.4.6|1.4.3,,,"Error code: 400 - {'error': {'message': 'The provided messages contain images, but deepseek-r1-distill-llama-70b does not support image inputs.', 'type': 'invalid_request_error', 'param': 'messages', 'code': 'invalid_value'}}",False,False,False,none,
3377503893_0,deepseek-r1-distill-llama-70b,zero-shot,39,0,0,0,0.0,0.0,0.0,2.4.6|1.4.6|2.4.4|2.4.9|1.4.3,,,"Error code: 400 - {'error': {'message': 'The provided messages contain images, but deepseek-r1-distill-llama-70b does not support image inputs.', 'type': 'invalid_request_error', 'param': 'messages', 'code': 'invalid_value'}}",False,False,False,none,
114166897_0,deepseek-r1-distill-llama-70b,zero-shot,35,0,0,0,0.0,0.0,0.0,1.3.1|3.1.1|1.4.4|1.4.6|1.4.3,,,"Error code: 400 - {'error': {'message': 'The provided messages contain images, but deepseek-r1-distill-llama-70b does not support image inputs.', 'type': 'invalid_request_error', 'param': 'messages', 'code': 'invalid_value'}}",False,False,False,none,
368_0,deepseek-r1-distill-llama-70b,zero-shot,32,0,0,0,0.0,0.0,0.0,1.4.6|1.1.1|1.3.1|2.2.1,,,"Error code: 400 - {'error': {'message': 'The provided messages contain images, but deepseek-r1-distill-llama-70b does not support image inputs.', 'type': 'invalid_request_error', 'param': 'messages', 'code': 'invalid_value'}}",False,False,False,none,
266_0,deepseek-r1-distill-llama-70b,zero-shot,24,0,0,0,0.0,0.0,0.0,1.4.6|1.3.1,,,"Error code: 400 - {'error': {'message': 'The provided messages contain images, but deepseek-r1-distill-llama-70b does not support image inputs.', 'type': 'invalid_request_error', 'param': 'messages', 'code': 'invalid_value'}}",False,False,False,none,
388_0,deepseek-r1-distill-llama-70b,zero-shot,30,0,0,0,0.0,0.0,0.0,1.4.6|2.4.6,,,"Error code: 400 - {'error': {'message': 'The provided messages contain images, but deepseek-r1-distill-llama-70b does not support image inputs.', 'type': 'invalid_request_error', 'param': 'messages', 'code': 'invalid_value'}}",False,False,False,none,
259_0,deepseek-r1-distill-llama-70b,zero-shot,44,0,0,0,0.0,0.0,0.0,1.3.1|1.4.6|4.1.1|4.1.2|1.4.3,,,"Error code: 400 - {'error': {'message': 'The provided messages contain images, but deepseek-r1-distill-llama-70b does not support image inputs.', 'type': 'invalid_request_error', 'param': 'messages', 'code': 'invalid_value'}}",False,False,False,none,
249_0,deepseek-r1-distill-llama-70b,zero-shot,40,0,0,0,0.0,0.0,0.0,2.4.6|1.3.1|1.4.6|4.1.1|4.1.2|1.4.3,,,"Error code: 400 - {'error': {'message': 'The provided messages contain images, but deepseek-r1-distill-llama-70b does not support image inputs.', 'type': 'invalid_request_error', 'param': 'messages', 'code': 'invalid_value'}}",False,False,False,none,
5008414810_0,deepseek-r1-distill-llama-70b,zero-shot,37,0,0,0,0.0,0.0,0.0,2.4.3|1.3.1|1.4.6|2.1.1|4.1.1|4.1.2,,,"Error code: 400 - {'error': {'message': 'The provided messages contain images, but deepseek-r1-distill-llama-70b does not support image inputs.', 'type': 'invalid_request_error', 'param': 'messages', 'code': 'invalid_value'}}",False,False,False,none,
5653366561_0,deepseek-r1-distill-llama-70b,zero-shot,34,0,0,0,0.0,0.0,0.0,1.1.1|1.4.6|2.4.9|2.4.4|4.1.1|2.4.6|1.3.1|1.4.4|1.4.3,,,"Error code: 400 - {'error': {'message': 'The provided messages contain images, but deepseek-r1-distill-llama-70b does not support image inputs.', 'type': 'invalid_request_error', 'param': 'messages', 'code': 'invalid_value'}}",False,False,False,none,
3472695288_0,deepseek-r1-distill-llama-70b,zero-shot,45,0,0,0,0.0,0.0,0.0,2.4.6|2.4.1|1.3.1|1.4.6|2.1.1|2.4.3,,,"Error code: 400 - {'error': {'message': 'The provided messages contain images, but deepseek-r1-distill-llama-70b does not support image inputs.', 'type': 'invalid_request_error', 'param': 'messages', 'code': 'invalid_value'}}",False,False,False,none,
2279899774_0,deepseek-r1-distill-llama-70b,zero-shot,26,0,0,0,0.0,0.0,0.0,2.4.6|1.3.1|1.4.6|4.1.1|1.4.3,,,"Error code: 400 - {'error': {'message': 'The provided messages contain images, but deepseek-r1-distill-llama-70b does not support image inputs.', 'type': 'invalid_request_error', 'param': 'messages', 'code': 'invalid_value'}}",False,False,False,none,
5318769506_0,deepseek-r1-distill-llama-70b,zero-shot,38,0,0,0,0.0,0.0,0.0,1.4.3|2.4.9|1.4.6|2.4.4|4.1.1|4.1.2,,,"Error code: 400 - {'error': {'message': 'The provided messages contain images, but deepseek-r1-distill-llama-70b does not support image inputs.', 'type': 'invalid_request_error', 'param': 'messages', 'code': 'invalid_value'}}",False,False,False,none,
255_0,deepseek-r1-distill-llama-70b,zero-shot,25,0,0,0,0.0,0.0,0.0,1.3.1|3.1.1,,,"Error code: 400 - {'error': {'message': 'The provided messages contain images, but deepseek-r1-distill-llama-70b does not support image inputs.', 'type': 'invalid_request_error', 'param': 'messages', 'code': 'invalid_value'}}",False,False,False,none,
3951256293_0,deepseek-r1-distill-llama-70b,zero-shot,43,0,0,0,0.0,0.0,0.0,1.1.1|1.4.6|2.4.4|2.4.9|4.1.2|1.4.3,,,"Error code: 400 - {'error': {'message': 'The provided messages contain images, but deepseek-r1-distill-llama-70b does not support image inputs.', 'type': 'invalid_request_error', 'param': 'messages', 'code': 'invalid_value'}}",False,False,False,none,
258_0,deepseek-r1-distill-llama-70b,zero-shot,39,0,0,0,0.0,0.0,0.0,1.3.1|1.4.6|4.1.1|4.1.2|1.4.3,,,"Error code: 400 - {'error': {'message': 'The provided messages contain images, but deepseek-r1-distill-llama-70b does not support image inputs.', 'type': 'invalid_request_error', 'param': 'messages', 'code': 'invalid_value'}}",False,False,False,none,
339464061_0,deepseek-r1-distill-llama-70b,zero-shot,40,0,0,0,0.0,0.0,0.0,1.1.1|1.3.1|1.4.6|4.1.1|4.1.2,,,"Error code: 400 - {'error': {'message': 'The provided messages contain images, but deepseek-r1-distill-llama-70b does not support image inputs.', 'type': 'invalid_request_error', 'param': 'messages', 'code': 'invalid_value'}}",False,False,False,none,
319_0,deepseek-r1-distill-llama-70b,zero-shot,41,0,0,0,0.0,0.0,0.0,1.4.6|1.1.1|1.3.1,,,"Error code: 400 - {'error': {'message': 'The provided messages contain images, but deepseek-r1-distill-llama-70b does not support image inputs.', 'type': 'invalid_request_error', 'param': 'messages', 'code': 'invalid_value'}}",False,False,False,none,
1782594227_0,deepseek-r1-distill-llama-70b,zero-shot,38,0,0,0,0.0,0.0,0.0,1.3.1,,,"Error code: 400 - {'error': {'message': 'The provided messages contain images, but deepseek-r1-distill-llama-70b does not support image inputs.', 'type': 'invalid_request_error', 'param': 'messages', 'code': 'invalid_value'}}",False,False,False,none,
8491823152_0,deepseek-r1-distill-llama-70b,zero-shot,45,0,0,0,0.0,0.0,0.0,1.1.1|1.4.6|2.1.1|2.4.9|2.4.4|4.1.1|4.1.2|2.4.3|1.3.1|1.4.3,,,"Error code: 400 - {'error': {'message': 'The provided messages contain images, but deepseek-r1-distill-llama-70b does not support image inputs.', 'type': 'invalid_request_error', 'param': 'messages', 'code': 'invalid_value'}}",False,False,False,none,
1488388154_0,deepseek-r1-distill-llama-70b,zero-shot,31,0,0,0,0.0,0.0,0.0,1.4.6|2.4.4|2.4.9|4.1.2,,,"Error code: 400 - {'error': {'message': 'The provided messages contain images, but deepseek-r1-distill-llama-70b does not support image inputs.', 'type': 'invalid_request_error', 'param': 'messages', 'code': 'invalid_value'}}",False,False,False,none,
4246706624_0,deepseek-r1-distill-llama-70b,zero-shot,27,0,0,0,0.0,0.0,0.0,2.4.6|2.4.2|1.3.1|3.1.1,,,"Error code: 400 - {'error': {'message': 'The provided messages contain images, but deepseek-r1-distill-llama-70b does not support image inputs.', 'type': 'invalid_request_error', 'param': 'messages', 'code': 'invalid_value'}}",False,False,False,none,
2103007653_0,deepseek-r1-distill-llama-70b,zero-shot,38,0,0,0,0.0,0.0,0.0,1.4.6|1.3.1|1.4.3,,,"Error code: 400 - {'error': {'message': 'The provided messages contain images, but deepseek-r1-distill-llama-70b does not support image inputs.', 'type': 'invalid_request_error', 'param': 'messages', 'code': 'invalid_value'}}",False,False,False,none,
424_0,deepseek-r1-distill-llama-70b,zero-shot,33,0,0,0,0.0,0.0,0.0,1.4.6|4.1.1,,,"Error code: 400 - {'error': {'message': 'The provided messages contain images, but deepseek-r1-distill-llama-70b does not support image inputs.', 'type': 'invalid_request_error', 'param': 'messages', 'code': 'invalid_value'}}",False,False,False,none,
2839400116_0,deepseek-r1-distill-llama-70b,zero-shot,35,0,0,0,0.0,0.0,0.0,2.4.6|1.3.1|2.4.9|1.4.6|2.4.4|4.1.1|1.4.3,,,"Error code: 400 - {'error': {'message': 'The provided messages contain images, but deepseek-r1-distill-llama-70b does not support image inputs.', 'type': 'invalid_request_error', 'param': 'messages', 'code': 'invalid_value'}}",False,False,False,none,
5052508376_0,deepseek-r1-distill-llama-70b,zero-shot,39,0,0,0,0.0,0.0,0.0,1.3.1|2.4.9|1.4.6|2.4.4|4.1.1,,,"Error code: 400 - {'error': {'message': 'The provided messages contain images, but deepseek-r1-distill-llama-70b does not support image inputs.', 'type': 'invalid_request_error', 'param': 'messages', 'code': 'invalid_value'}}",False,False,False,none,
4840230107_0,deepseek-r1-distill-llama-70b,zero-shot,44,0,0,0,0.0,0.0,0.0,1.1.1|1.3.1|1.4.6|2.4.4|2.4.9|4.1.2|1.4.3,,,"Error code: 400 - {'error': {'message': 'The provided messages contain images, but deepseek-r1-distill-llama-70b does not support image inputs.', 'type': 'invalid_request_error', 'param': 'messages', 'code': 'invalid_value'}}",False,False,False,none,
7100506634_0,deepseek-r1-distill-llama-70b,zero-shot,33,0,0,0,0.0,0.0,0.0,1.4.6|1.3.1,,,"Error code: 400 - {'error': {'message': 'The provided messages contain images, but deepseek-r1-distill-llama-70b does not support image inputs.', 'type': 'invalid_request_error', 'param': 'messages', 'code': 'invalid_value'}}",False,False,False,none,
4763170911_0,deepseek-r1-distill-llama-70b,zero-shot,38,0,0,0,0.0,0.0,0.0,1.1.1|1.4.6|2.4.9|2.4.4|4.1.1|4.1.2|1.3.1|1.4.3,,,"Error code: 400 - {'error': {'message': 'The provided messages contain images, but deepseek-r1-distill-llama-70b does not support image inputs.', 'type': 'invalid_request_error', 'param': 'messages', 'code': 'invalid_value'}}",False,False,False,none,
275_0,deepseek-r1-distill-llama-70b,zero-shot,33,0,0,0,0.0,0.0,0.0,1.1.1|2.4.2|1.3.1|2.4.6|3.1.1,,,"Error code: 400 - {'error': {'message': 'The provided messages contain images, but deepseek-r1-distill-llama-70b does not support image inputs.', 'type': 'invalid_request_error', 'param': 'messages', 'code': 'invalid_value'}}",False,False,False,none,
3629420269_0,deepseek-r1-distill-llama-70b,zero-shot,47,0,0,0,0.0,0.0,0.0,1.4.6|4.1.1|1.4.3,,,"Error code: 400 - {'error': {'message': 'The provided messages contain images, but deepseek-r1-distill-llama-70b does not support image inputs.', 'type': 'invalid_request_error', 'param': 'messages', 'code': 'invalid_value'}}",False,False,False,none,
2001421671_0,deepseek-r1-distill-llama-70b,zero-shot,43,0,0,0,0.0,0.0,0.0,1.4.6|1.3.1|4.1.2,,,"Error code: 400 - {'error': {'message': 'The provided messages contain images, but deepseek-r1-distill-llama-70b does not support image inputs.', 'type': 'invalid_request_error', 'param': 'messages', 'code': 'invalid_value'}}",False,False,False,none,
2761488864_0,deepseek-r1-distill-llama-70b,zero-shot,38,0,0,0,0.0,0.0,0.0,2.4.6|1.1.1|1.3.1|1.4.6|2.4.4|2.4.9|1.4.3,,,"Error code: 400 - {'error': {'message': 'The provided messages contain images, but deepseek-r1-distill-llama-70b does not support image inputs.', 'type': 'invalid_request_error', 'param': 'messages', 'code': 'invalid_value'}}",False,False,False,none,
3479547415_0,deepseek-r1-distill-llama-70b,zero-shot,37,0,0,0,0.0,0.0,0.0,1.1.1|2.4.6|1.3.1|1.4.6|2.4.4|2.4.9,,,"Error code: 400 - {'error': {'message': 'The provided messages contain images, but deepseek-r1-distill-llama-70b does not support image inputs.', 'type': 'invalid_request_error', 'param': 'messages', 'code': 'invalid_value'}}",False,False,False,none,
7386667211_0,deepseek-r1-distill-llama-70b,zero-shot,34,0,0,0,0.0,0.0,0.0,1.1.1|1.3.1|4.1.1|4.1.2,,,"Error code: 400 - {'error': {'message': 'The provided messages contain images, but deepseek-r1-distill-llama-70b does not support image inputs.', 'type': 'invalid_request_error', 'param': 'messages', 'code': 'invalid_value'}}",False,False,False,none,
5671992993_0,deepseek-r1-distill-llama-70b,zero-shot,27,0,0,0,0.0,0.0,0.0,1.4.6|2.4.9|2.4.4|4.1.1|4.1.2|2.4.6|1.3.1|1.4.3,,,"Error code: 400 - {'error': {'message': 'The provided messages contain images, but deepseek-r1-distill-llama-70b does not support image inputs.', 'type': 'invalid_request_error', 'param': 'messages', 'code': 'invalid_value'}}",False,False,False,none,
5258548666_0,deepseek-r1-distill-llama-70b,zero-shot,33,0,0,0,0.0,0.0,0.0,1.3.1|3.1.1|1.4.6|2.4.4|2.4.9|1.4.3,,,"Error code: 400 - {'error': {'message': 'The provided messages contain images, but deepseek-r1-distill-llama-70b does not support image inputs.', 'type': 'invalid_request_error', 'param': 'messages', 'code': 'invalid_value'}}",False,False,False,none,
230914312_0,deepseek-r1-distill-llama-70b,zero-shot,26,0,0,0,0.0,0.0,0.0,1.1.1|1.4.6|2.4.4|4.1.1|2.4.9|4.1.2|2.4.6|1.3.1|3.1.1|1.4.3,,,"Error code: 400 - {'error': {'message': 'The provided messages contain images, but deepseek-r1-distill-llama-70b does not support image inputs.', 'type': 'invalid_request_error', 'param': 'messages', 'code': 'invalid_value'}}",False,False,False,none,
7669162755_0,deepseek-r1-distill-llama-70b,zero-shot,47,0,0,0,0.0,0.0,0.0,2.4.6|2.4.9|1.4.6|2.4.4|4.1.1|4.1.2,,,"Error code: 400 - {'error': {'message': 'The provided messages contain images, but deepseek-r1-distill-llama-70b does not support image inputs.', 'type': 'invalid_request_error', 'param': 'messages', 'code': 'invalid_value'}}",False,False,False,none,
401_0,deepseek-r1-distill-llama-70b,zero-shot,44,0,0,0,0.0,0.0,0.0,2.4.4|2.4.6|1.4.6|2.4.9|4.1.1,,,"Error code: 400 - {'error': {'message': 'The provided messages contain images, but deepseek-r1-distill-llama-70b does not support image inputs.', 'type': 'invalid_request_error', 'param': 'messages', 'code': 'invalid_value'}}",False,False,False,none,
9402057227_0,deepseek-r1-distill-llama-70b,zero-shot,40,0,0,0,0.0,0.0,0.0,1.4.6,,,"Error code: 400 - {'error': {'message': 'The provided messages contain images, but deepseek-r1-distill-llama-70b does not support image inputs.', 'type': 'invalid_request_error', 'param': 'messages', 'code': 'invalid_value'}}",False,False,False,none,
7443295495_0,deepseek-r1-distill-llama-70b,zero-shot,37,0,0,0,0.0,0.0,0.0,1.4.6|1.4.3,,,"Error code: 400 - {'error': {'message': 'The provided messages contain images, but deepseek-r1-distill-llama-70b does not support image inputs.', 'type': 'invalid_request_error', 'param': 'messages', 'code': 'invalid_value'}}",False,False,False,none,
1850054633_0,deepseek-r1-distill-llama-70b,zero-shot,44,0,0,0,0.0,0.0,0.0,3.3.2|2.4.9|1.4.6|2.4.4|4.1.1|4.1.2|1.4.3,,,"Error code: 400 - {'error': {'message': 'The provided messages contain images, but deepseek-r1-distill-llama-70b does not support image inputs.', 'type': 'invalid_request_error', 'param': 'messages', 'code': 'invalid_value'}}",False,False,False,none,
3962126274_0,deepseek-r1-distill-llama-70b,zero-shot,22,0,0,0,0.0,0.0,0.0,1.3.1|3.1.1,,,"Error code: 400 - {'error': {'message': 'The provided messages contain images, but deepseek-r1-distill-llama-70b does not support image inputs.', 'type': 'invalid_request_error', 'param': 'messages', 'code': 'invalid_value'}}",False,False,False,none,
7273535364_0,deepseek-r1-distill-llama-70b,zero-shot,33,0,0,0,0.0,0.0,0.0,1.1.1|1.3.1|1.4.6|4.1.1|4.1.2,,,"Error code: 400 - {'error': {'message': 'The provided messages contain images, but deepseek-r1-distill-llama-70b does not support image inputs.', 'type': 'invalid_request_error', 'param': 'messages', 'code': 'invalid_value'}}",False,False,False,none,
6479190649_0,deepseek-r1-distill-llama-70b,zero-shot,32,0,0,0,0.0,0.0,0.0,1.1.1|2.4.1|1.4.6|2.1.1|2.4.9|2.4.4|4.1.1|2.4.3|2.4.6|1.3.1,,,"Error code: 400 - {'error': {'message': 'The provided messages contain images, but deepseek-r1-distill-llama-70b does not support image inputs.', 'type': 'invalid_request_error', 'param': 'messages', 'code': 'invalid_value'}}",False,False,False,none,
9394068939_0,deepseek-r1-distill-llama-70b,zero-shot,38,0,0,0,0.0,0.0,0.0,1.3.1|1.4.6|4.1.1|4.1.2,,,"Error code: 400 - {'error': {'message': 'The provided messages contain images, but deepseek-r1-distill-llama-70b does not support image inputs.', 'type': 'invalid_request_error', 'param': 'messages', 'code': 'invalid_value'}}",False,False,False,none,
9995178363_0,deepseek-r1-distill-llama-70b,zero-shot,37,0,0,0,0.0,0.0,0.0,1.1.1|1.3.1|2.4.9|1.4.6|2.4.4|4.1.1|4.1.2,,,"Error code: 400 - {'error': {'message': 'The provided messages contain images, but deepseek-r1-distill-llama-70b does not support image inputs.', 'type': 'invalid_request_error', 'param': 'messages', 'code': 'invalid_value'}}",False,False,False,none,
510_0,deepseek-r1-distill-llama-70b,zero-shot,49,0,0,0,0.0,0.0,0.0,1.4.6|1.1.1|1.3.1,,,"Error code: 400 - {'error': {'message': 'The provided messages contain images, but deepseek-r1-distill-llama-70b does not support image inputs.', 'type': 'invalid_request_error', 'param': 'messages', 'code': 'invalid_value'}}",False,False,False,none,
27_0,deepseek-r1-distill-llama-70b,zero-shot,36,0,0,0,0.0,0.0,0.0,1.4.6|2.4.6|1.3.1,,,"Error code: 400 - {'error': {'message': 'The provided messages contain images, but deepseek-r1-distill-llama-70b does not support image inputs.', 'type': 'invalid_request_error', 'param': 'messages', 'code': 'invalid_value'}}",False,False,False,none,
509_0,deepseek-r1-distill-llama-70b,zero-shot,39,0,0,0,0.0,0.0,0.0,1.1.1|1.3.1|1.4.6|4.1.2,,,"Error code: 400 - {'error': {'message': 'The provided messages contain images, but deepseek-r1-distill-llama-70b does not support image inputs.', 'type': 'invalid_request_error', 'param': 'messages', 'code': 'invalid_value'}}",False,False,False,none,
447677652_0,deepseek-r1-distill-llama-70b,zero-shot,32,0,0,0,0.0,0.0,0.0,2.4.6|1.3.1,,,"Error code: 400 - {'error': {'message': 'The provided messages contain images, but deepseek-r1-distill-llama-70b does not support image inputs.', 'type': 'invalid_request_error', 'param': 'messages', 'code': 'invalid_value'}}",False,False,False,none,
8047369079_0,deepseek-r1-distill-llama-70b,zero-shot,57,0,0,0,0.0,0.0,0.0,1.1.1|1.4.6|4.1.1|4.1.2|2.4.6|1.3.1|1.4.4|1.4.3,,,"Error code: 400 - {'error': {'message': 'The provided messages contain images, but deepseek-r1-distill-llama-70b does not support image inputs.', 'type': 'invalid_request_error', 'param': 'messages', 'code': 'invalid_value'}}",False,False,False,none,
1822721092_0,deepseek-r1-distill-llama-70b,zero-shot,32,0,0,0,0.0,0.0,0.0,2.4.6|2.4.2|1.3.1|1.4.6|2.4.4|2.4.9,,,"Error code: 400 - {'error': {'message': 'The provided messages contain images, but deepseek-r1-distill-llama-70b does not support image inputs.', 'type': 'invalid_request_error', 'param': 'messages', 'code': 'invalid_value'}}",False,False,False,none,
316_0,deepseek-r1-distill-llama-70b,zero-shot,41,0,0,0,0.0,0.0,0.0,2.4.6|1.3.1|1.4.6|2.4.4|2.4.9|1.4.3,,,"Error code: 400 - {'error': {'message': 'The provided messages contain images, but deepseek-r1-distill-llama-70b does not support image inputs.', 'type': 'invalid_request_error', 'param': 'messages', 'code': 'invalid_value'}}",False,False,False,none,
7450209543_0,deepseek-r1-distill-llama-70b,zero-shot,46,0,0,0,0.0,0.0,0.0,1.4.6|2.4.6|1.3.1,,,"Error code: 400 - {'error': {'message': 'The provided messages contain images, but deepseek-r1-distill-llama-70b does not support image inputs.', 'type': 'invalid_request_error', 'param': 'messages', 'code': 'invalid_value'}}",False,False,False,none,
9136224526_0,deepseek-r1-distill-llama-70b,zero-shot,44,0,0,0,0.0,0.0,0.0,1.4.6|1.3.1,,,"Error code: 400 - {'error': {'message': 'The provided messages contain images, but deepseek-r1-distill-llama-70b does not support image inputs.', 'type': 'invalid_request_error', 'param': 'messages', 'code': 'invalid_value'}}",False,False,False,none,
9684391649_0,deepseek-r1-distill-llama-70b,zero-shot,34,0,0,0,0.0,0.0,0.0,1.1.1|1.4.6|2.1.1|2.4.4|2.4.9|2.4.3|2.4.6|1.3.1|3.1.1|1.4.3,,,"Error code: 400 - {'error': {'message': 'The provided messages contain images, but deepseek-r1-distill-llama-70b does not support image inputs.', 'type': 'invalid_request_error', 'param': 'messages', 'code': 'invalid_value'}}",False,False,False,none,
6658823136_0,deepseek-r1-distill-llama-70b,zero-shot,21,0,0,0,0.0,0.0,0.0,1.3.1|1.4.6|4.1.2|1.4.3,,,"Error code: 400 - {'error': {'message': 'The provided messages contain images, but deepseek-r1-distill-llama-70b does not support image inputs.', 'type': 'invalid_request_error', 'param': 'messages', 'code': 'invalid_value'}}",False,False,False,none,
111_0,deepseek-r1-distill-llama-70b,zero-shot,35,0,0,0,0.0,0.0,0.0,2.4.3|1.3.1|1.4.6|2.1.1|1.4.3,,,"Error code: 400 - {'error': {'message': 'The provided messages contain images, but deepseek-r1-distill-llama-70b does not support image inputs.', 'type': 'invalid_request_error', 'param': 'messages', 'code': 'invalid_value'}}",False,False,False,none,
5418069070_0,deepseek-r1-distill-llama-70b,zero-shot,35,0,0,0,0.0,0.0,0.0,2.4.3|2.4.6|1.4.6|2.1.1|4.1.1|4.1.2|1.4.3,,,"Error code: 400 - {'error': {'message': 'The provided messages contain images, but deepseek-r1-distill-llama-70b does not support image inputs.', 'type': 'invalid_request_error', 'param': 'messages', 'code': 'invalid_value'}}",False,False,False,none,
2254872401_0,deepseek-r1-distill-llama-70b,zero-shot,30,0,0,0,0.0,0.0,0.0,2.4.3|2.4.6|1.4.6|2.1.1|4.1.1|4.1.2,,,"Error code: 400 - {'error': {'message': 'The provided messages contain images, but deepseek-r1-distill-llama-70b does not support image inputs.', 'type': 'invalid_request_error', 'param': 'messages', 'code': 'invalid_value'}}",False,False,False,none,
1712224681_0,deepseek-r1-distill-llama-70b,zero-shot,38,0,0,0,0.0,0.0,0.0,2.4.6|1.4.6|1.1.1|1.3.1,,,"Error code: 400 - {'error': {'message': 'The provided messages contain images, but deepseek-r1-distill-llama-70b does not support image inputs.', 'type': 'invalid_request_error', 'param': 'messages', 'code': 'invalid_value'}}",False,False,False,none,
5316008758_0,deepseek-r1-distill-llama-70b,zero-shot,29,0,0,0,0.0,0.0,0.0,1.3.1|1.4.6|4.1.1|4.1.2,,,"Error code: 400 - {'error': {'message': 'The provided messages contain images, but deepseek-r1-distill-llama-70b does not support image inputs.', 'type': 'invalid_request_error', 'param': 'messages', 'code': 'invalid_value'}}",False,False,False,none,
384_0,deepseek-r1-distill-llama-70b,zero-shot,35,0,0,0,0.0,0.0,0.0,1.1.1|1.4.6|2.4.9|2.4.4|4.1.1|4.1.2|1.3.1|1.4.3,,,"Error code: 400 - {'error': {'message': 'The provided messages contain images, but deepseek-r1-distill-llama-70b does not support image inputs.', 'type': 'invalid_request_error', 'param': 'messages', 'code': 'invalid_value'}}",False,False,False,none,
9777552764_0,deepseek-r1-distill-llama-70b,zero-shot,33,0,0,0,0.0,0.0,0.0,1.1.1|1.4.6|2.4.9|2.4.4|4.1.1|4.1.2|1.3.1|1.4.3,,,"Error code: 400 - {'error': {'message': 'The provided messages contain images, but deepseek-r1-distill-llama-70b does not support image inputs.', 'type': 'invalid_request_error', 'param': 'messages', 'code': 'invalid_value'}}",False,False,False,none,
2797271121_0,deepseek-r1-distill-llama-70b,zero-shot,38,0,0,0,0.0,0.0,0.0,1.1.1|1.3.1|1.4.6|4.1.1|1.4.3,,,"Error code: 400 - {'error': {'message': 'The provided messages contain images, but deepseek-r1-distill-llama-70b does not support image inputs.', 'type': 'invalid_request_error', 'param': 'messages', 'code': 'invalid_value'}}",False,False,False,none,
6223584289_0,deepseek-r1-distill-llama-70b,zero-shot,42,0,0,0,0.0,0.0,0.0,1.3.1|1.4.6|4.1.1|1.4.3,,,"Error code: 400 - {'error': {'message': 'The provided messages contain images, but deepseek-r1-distill-llama-70b does not support image inputs.', 'type': 'invalid_request_error', 'param': 'messages', 'code': 'invalid_value'}}",False,False,False,none,
8244832401_0,deepseek-r1-distill-llama-70b,zero-shot,43,0,0,0,0.0,0.0,0.0,2.4.6|1.3.1|1.4.6|4.1.2|1.4.3,,,"Error code: 400 - {'error': {'message': 'The provided messages contain images, but deepseek-r1-distill-llama-70b does not support image inputs.', 'type': 'invalid_request_error', 'param': 'messages', 'code': 'invalid_value'}}",False,False,False,none,
5064908942_0,deepseek-r1-distill-llama-70b,zero-shot,35,0,0,0,0.0,0.0,0.0,2.4.3|2.4.6|1.4.6|2.1.1|4.1.1|4.1.2|1.4.3,,,"Error code: 400 - {'error': {'message': 'The provided messages contain images, but deepseek-r1-distill-llama-70b does not support image inputs.', 'type': 'invalid_request_error', 'param': 'messages', 'code': 'invalid_value'}}",False,False,False,none,
7056899377_0,deepseek-r1-distill-llama-70b,zero-shot,45,0,0,0,0.0,0.0,0.0,1.1.1|1.4.6|2.4.4|2.4.9|4.1.2|1.3.1|3.1.1|1.4.3,,,"Error code: 400 - {'error': {'message': 'The provided messages contain images, but deepseek-r1-distill-llama-70b does not support image inputs.', 'type': 'invalid_request_error', 'param': 'messages', 'code': 'invalid_value'}}",False,False,False,none,
5627798358_0,deepseek-r1-distill-llama-70b,zero-shot,44,0,0,0,0.0,0.0,0.0,1.1.1|1.4.6|2.1.1|2.4.9|2.4.4|4.1.1|4.1.2|2.4.3|1.3.1,,,"Error code: 400 - {'error': {'message': 'The provided messages contain images, but deepseek-r1-distill-llama-70b does not support image inputs.', 'type': 'invalid_request_error', 'param': 'messages', 'code': 'invalid_value'}}",False,False,False,none,
270_0,deepseek-r1-distill-llama-70b,zero-shot,40,0,0,0,0.0,0.0,0.0,1.4.6|1.3.1|4.1.2,,,"Error code: 400 - {'error': {'message': 'The provided messages contain images, but deepseek-r1-distill-llama-70b does not support image inputs.', 'type': 'invalid_request_error', 'param': 'messages', 'code': 'invalid_value'}}",False,False,False,none,
1023432310_0,deepseek-r1-distill-llama-70b,zero-shot,32,0,0,0,0.0,0.0,0.0,1.4.6|2.4.9|2.4.4|4.1.1|4.1.2|2.4.6|1.3.1|1.4.3,,,"Error code: 400 - {'error': {'message': 'The provided messages contain images, but deepseek-r1-distill-llama-70b does not support image inputs.', 'type': 'invalid_request_error', 'param': 'messages', 'code': 'invalid_value'}}",False,False,False,none,
81_0,deepseek-r1-distill-llama-70b,zero-shot,38,0,0,0,0.0,0.0,0.0,1.4.6,,,"Error code: 400 - {'error': {'message': 'The provided messages contain images, but deepseek-r1-distill-llama-70b does not support image inputs.', 'type': 'invalid_request_error', 'param': 'messages', 'code': 'invalid_value'}}",False,False,False,none,
226_0,deepseek-r1-distill-llama-70b,zero-shot,46,0,0,0,0.0,0.0,0.0,2.4.6|1.3.1|1.4.4|1.4.6|2.4.4|2.4.9|1.4.3,,,"Error code: 400 - {'error': {'message': 'The provided messages contain images, but deepseek-r1-distill-llama-70b does not support image inputs.', 'type': 'invalid_request_error', 'param': 'messages', 'code': 'invalid_value'}}",False,False,False,none,
223_0,deepseek-r1-distill-llama-70b,zero-shot,29,0,0,0,0.0,0.0,0.0,1.1.1|2.4.6|1.4.6|2.4.4|2.4.9|4.1.2|1.4.3,,,"Error code: 400 - {'error': {'message': 'The provided messages contain images, but deepseek-r1-distill-llama-70b does not support image inputs.', 'type': 'invalid_request_error', 'param': 'messages', 'code': 'invalid_value'}}",False,False,False,none,
3842572222_0,deepseek-r1-distill-llama-70b,zero-shot,35,0,0,0,0.0,0.0,0.0,1.4.6|4.1.1,,,"Error code: 400 - {'error': {'message': 'The provided messages contain images, but deepseek-r1-distill-llama-70b does not support image inputs.', 'type': 'invalid_request_error', 'param': 'messages', 'code': 'invalid_value'}}",False,False,False,none,
488474617_0,deepseek-r1-distill-llama-70b,zero-shot,32,0,0,0,0.0,0.0,0.0,1.1.1|1.3.1|1.4.6|4.1.1|4.1.2|1.4.3,,,"Error code: 400 - {'error': {'message': 'The provided messages contain images, but deepseek-r1-distill-llama-70b does not support image inputs.', 'type': 'invalid_request_error', 'param': 'messages', 'code': 'invalid_value'}}",False,False,False,none,
9645471193_0,deepseek-r1-distill-llama-70b,zero-shot,50,0,0,0,0.0,0.0,0.0,2.4.6|1.3.1|1.4.6|2.1.1|2.4.3,,,"Error code: 400 - {'error': {'message': 'The provided messages contain images, but deepseek-r1-distill-llama-70b does not support image inputs.', 'type': 'invalid_request_error', 'param': 'messages', 'code': 'invalid_value'}}",False,False,False,none,
9040720038_0,deepseek-r1-distill-llama-70b,zero-shot,34,0,0,0,0.0,0.0,0.0,1.4.6|1.3.1,,,"Error code: 400 - {'error': {'message': 'The provided messages contain images, but deepseek-r1-distill-llama-70b does not support image inputs.', 'type': 'invalid_request_error', 'param': 'messages', 'code': 'invalid_value'}}",False,False,False,none,
997556472_0,deepseek-r1-distill-llama-70b,zero-shot,34,0,0,0,0.0,0.0,0.0,1.4.6|2.4.6|1.3.1,,,"Error code: 400 - {'error': {'message': 'The provided messages contain images, but deepseek-r1-distill-llama-70b does not support image inputs.', 'type': 'invalid_request_error', 'param': 'messages', 'code': 'invalid_value'}}",False,False,False,none,
775058569_0,deepseek-r1-distill-llama-70b,zero-shot,43,0,0,0,0.0,0.0,0.0,2.4.1|1.3.1|1.4.6|2.1.1,,,"Error code: 400 - {'error': {'message': 'The provided messages contain images, but deepseek-r1-distill-llama-70b does not support image inputs.', 'type': 'invalid_request_error', 'param': 'messages', 'code': 'invalid_value'}}",False,False,False,none,
8854230542_0,deepseek-r1-distill-llama-70b,zero-shot,41,0,0,0,0.0,0.0,0.0,1.4.6|1.3.1|4.1.1,,,"Error code: 400 - {'error': {'message': 'The provided messages contain images, but deepseek-r1-distill-llama-70b does not support image inputs.', 'type': 'invalid_request_error', 'param': 'messages', 'code': 'invalid_value'}}",False,False,False,none,
9883619995_0,deepseek-r1-distill-llama-70b,zero-shot,40,0,0,0,0.0,0.0,0.0,1.1.1|1.4.6|2.4.9|2.4.4|4.1.1|2.4.6|1.3.1|1.4.4,,,"Error code: 400 - {'error': {'message': 'The provided messages contain images, but deepseek-r1-distill-llama-70b does not support image inputs.', 'type': 'invalid_request_error', 'param': 'messages', 'code': 'invalid_value'}}",False,False,False,none,
3257894929_0,deepseek-r1-distill-llama-70b,zero-shot,23,0,0,0,0.0,0.0,0.0,1.1.1|1.3.1|4.1.1|4.1.2,,,"Error code: 400 - {'error': {'message': 'The provided messages contain images, but deepseek-r1-distill-llama-70b does not support image inputs.', 'type': 'invalid_request_error', 'param': 'messages', 'code': 'invalid_value'}}",False,False,False,none,
108_0,deepseek-r1-distill-llama-70b,zero-shot,44,0,0,0,0.0,0.0,0.0,1.1.1|1.4.6|2.1.1|2.4.4|2.4.9|4.1.2|2.4.3|1.3.1|1.4.3,,,"Error code: 400 - {'error': {'message': 'The provided messages contain images, but deepseek-r1-distill-llama-70b does not support image inputs.', 'type': 'invalid_request_error', 'param': 'messages', 'code': 'invalid_value'}}",False,False,False,none,
313_0,deepseek-r1-distill-llama-70b,zero-shot,35,0,0,0,0.0,0.0,0.0,1.4.6|1.3.1|1.4.3,,,"Error code: 400 - {'error': {'message': 'The provided messages contain images, but deepseek-r1-distill-llama-70b does not support image inputs.', 'type': 'invalid_request_error', 'param': 'messages', 'code': 'invalid_value'}}",False,False,False,none,
20_0,deepseek-r1-distill-llama-70b,zero-shot,43,0,0,0,0.0,0.0,0.0,1.4.6|1.3.1|4.1.1,,,"Error code: 400 - {'error': {'message': 'The provided messages contain images, but deepseek-r1-distill-llama-70b does not support image inputs.', 'type': 'invalid_request_error', 'param': 'messages', 'code': 'invalid_value'}}",False,False,False,none,
274_0,deepseek-r1-distill-llama-70b,zero-shot,34,0,0,0,0.0,0.0,0.0,1.1.1|1.3.1,,,"Error code: 400 - {'error': {'message': 'The provided messages contain images, but deepseek-r1-distill-llama-70b does not support image inputs.', 'type': 'invalid_request_error', 'param': 'messages', 'code': 'invalid_value'}}",False,False,False,none,
5794675406_0,deepseek-r1-distill-llama-70b,zero-shot,33,0,0,0,0.0,0.0,0.0,1.4.6|2.4.6|1.3.1|4.1.2,,,"Error code: 400 - {'error': {'message': 'The provided messages contain images, but deepseek-r1-distill-llama-70b does not support image inputs.', 'type': 'invalid_request_error', 'param': 'messages', 'code': 'invalid_value'}}",False,False,False,none,
8866935042_0,deepseek-r1-distill-llama-70b,zero-shot,33,0,0,0,0.0,0.0,0.0,2.4.6|1.1.1|4.1.1|4.1.2,,,"Error code: 400 - {'error': {'message': 'The provided messages contain images, but deepseek-r1-distill-llama-70b does not support image inputs.', 'type': 'invalid_request_error', 'param': 'messages', 'code': 'invalid_value'}}",False,False,False,none,
2530989927_0,deepseek-r1-distill-llama-70b,zero-shot,27,0,0,0,0.0,0.0,0.0,1.1.1|1.3.1|1.4.6|2.4.4|2.4.9,,,"Error code: 400 - {'error': {'message': 'The provided messages contain images, but deepseek-r1-distill-llama-70b does not support image inputs.', 'type': 'invalid_request_error', 'param': 'messages', 'code': 'invalid_value'}}",False,False,False,none,
3085396104_0,deepseek-r1-distill-llama-70b,zero-shot,25,0,0,0,0.0,0.0,0.0,2.4.6|2.4.2|1.3.1,,,"Error code: 400 - {'error': {'message': 'The provided messages contain images, but deepseek-r1-distill-llama-70b does not support image inputs.', 'type': 'invalid_request_error', 'param': 'messages', 'code': 'invalid_value'}}",False,False,False,none,
4116548132_0,deepseek-r1-distill-llama-70b,zero-shot,41,0,0,0,0.0,0.0,0.0,1.4.6,,,"Error code: 400 - {'error': {'message': 'The provided messages contain images, but deepseek-r1-distill-llama-70b does not support image inputs.', 'type': 'invalid_request_error', 'param': 'messages', 'code': 'invalid_value'}}",False,False,False,none,
53239342_0,deepseek-r1-distill-llama-70b,zero-shot,36,0,0,0,0.0,0.0,0.0,1.4.6|1.3.1|1.4.3,,,"Error code: 400 - {'error': {'message': 'The provided messages contain images, but deepseek-r1-distill-llama-70b does not support image inputs.', 'type': 'invalid_request_error', 'param': 'messages', 'code': 'invalid_value'}}",False,False,False,none,
8317483224_0,deepseek-r1-distill-llama-70b,zero-shot,26,0,0,0,0.0,0.0,0.0,2.2.1,,,"Error code: 400 - {'error': {'message': 'The provided messages contain images, but deepseek-r1-distill-llama-70b does not support image inputs.', 'type': 'invalid_request_error', 'param': 'messages', 'code': 'invalid_value'}}",False,False,False,none,
518_0,deepseek-r1-distill-llama-70b,zero-shot,33,0,0,0,0.0,0.0,0.0,2.4.6|2.4.9|1.4.6|2.4.4|4.1.1|1.4.3,,,"Error code: 400 - {'error': {'message': 'The provided messages contain images, but deepseek-r1-distill-llama-70b does not support image inputs.', 'type': 'invalid_request_error', 'param': 'messages', 'code': 'invalid_value'}}",False,False,False,none,
519_0,deepseek-r1-distill-llama-70b,zero-shot,31,0,0,0,0.0,0.0,0.0,2.4.6|2.4.9|1.4.6|2.4.4|4.1.1|1.4.3,,,"Error code: 400 - {'error': {'message': 'The provided messages contain images, but deepseek-r1-distill-llama-70b does not support image inputs.', 'type': 'invalid_request_error', 'param': 'messages', 'code': 'invalid_value'}}",False,False,False,none,
120_0,deepseek-r1-distill-llama-70b,zero-shot,31,0,0,0,0.0,0.0,0.0,1.4.6|2.4.9|2.4.4|4.1.1|4.1.2|2.4.6|1.3.1|1.4.3,,,"Error code: 400 - {'error': {'message': 'The provided messages contain images, but deepseek-r1-distill-llama-70b does not support image inputs.', 'type': 'invalid_request_error', 'param': 'messages', 'code': 'invalid_value'}}",False,False,False,none,
2480140715_0,deepseek-r1-distill-llama-70b,zero-shot,41,0,0,0,0.0,0.0,0.0,1.3.1|1.4.6|4.1.1|4.1.2,,,"Error code: 400 - {'error': {'message': 'The provided messages contain images, but deepseek-r1-distill-llama-70b does not support image inputs.', 'type': 'invalid_request_error', 'param': 'messages', 'code': 'invalid_value'}}",False,False,False,none,
6479733415_0,deepseek-r1-distill-llama-70b,zero-shot,34,0,0,0,0.0,0.0,0.0,2.4.6|1.3.1|1.4.6|4.1.2|1.4.3,,,"Error code: 400 - {'error': {'message': 'The provided messages contain images, but deepseek-r1-distill-llama-70b does not support image inputs.', 'type': 'invalid_request_error', 'param': 'messages', 'code': 'invalid_value'}}",False,False,False,none,
4078511185_0,deepseek-r1-distill-llama-70b,zero-shot,39,0,0,0,0.0,0.0,0.0,1.4.6|2.4.6|1.3.1,,,"Error code: 400 - {'error': {'message': 'The provided messages contain images, but deepseek-r1-distill-llama-70b does not support image inputs.', 'type': 'invalid_request_error', 'param': 'messages', 'code': 'invalid_value'}}",False,False,False,none,
7943498338_0,deepseek-r1-distill-llama-70b,zero-shot,29,0,0,0,0.0,0.0,0.0,1.1.1|1.3.1|4.1.1|4.1.2,,,"Error code: 400 - {'error': {'message': 'The provided messages contain images, but deepseek-r1-distill-llama-70b does not support image inputs.', 'type': 'invalid_request_error', 'param': 'messages', 'code': 'invalid_value'}}",False,False,False,none,
6529673719_0,deepseek-r1-distill-llama-70b,zero-shot,28,0,0,0,0.0,0.0,0.0,2.4.6|1.3.1|1.4.6|4.1.1|4.1.2|1.4.3,,,"Error code: 400 - {'error': {'message': 'The provided messages contain images, but deepseek-r1-distill-llama-70b does not support image inputs.', 'type': 'invalid_request_error', 'param': 'messages', 'code': 'invalid_value'}}",False,False,False,none,
64_0,deepseek-r1-distill-llama-70b,zero-shot,48,0,0,0,0.0,0.0,0.0,2.4.6|1.1.1|1.3.1|1.4.6|4.1.1|4.1.2|1.4.3,,,"Error code: 400 - {'error': {'message': 'The provided messages contain images, but deepseek-r1-distill-llama-70b does not support image inputs.', 'type': 'invalid_request_error', 'param': 'messages', 'code': 'invalid_value'}}",False,False,False,none,
180_0,deepseek-r1-distill-llama-70b,zero-shot,34,0,0,0,0.0,0.0,0.0,1.4.6|1.1.1|4.1.1,,,"Error code: 400 - {'error': {'message': 'The provided messages contain images, but deepseek-r1-distill-llama-70b does not support image inputs.', 'type': 'invalid_request_error', 'param': 'messages', 'code': 'invalid_value'}}",False,False,False,none,
6027797305_0,deepseek-r1-distill-llama-70b,zero-shot,40,0,0,0,0.0,0.0,0.0,1.1.1|1.3.1|1.4.6|4.1.2,,,"Error code: 400 - {'error': {'message': 'The provided messages contain images, but deepseek-r1-distill-llama-70b does not support image inputs.', 'type': 'invalid_request_error', 'param': 'messages', 'code': 'invalid_value'}}",False,False,False,none,
7585490098_0,deepseek-r1-distill-llama-70b,zero-shot,41,0,0,0,0.0,0.0,0.0,1.4.6|1.3.1|4.1.2|1.4.3,,,"Error code: 400 - {'error': {'message': 'The provided messages contain images, but deepseek-r1-distill-llama-70b does not support image inputs.', 'type': 'invalid_request_error', 'param': 'messages', 'code': 'invalid_value'}}",False,False,False,none,
8006238889_0,deepseek-r1-distill-llama-70b,zero-shot,35,0,0,0,0.0,0.0,0.0,1.4.6|2.1.1|1.3.1|2.4.3,,,"Error code: 400 - {'error': {'message': 'The provided messages contain images, but deepseek-r1-distill-llama-70b does not support image inputs.', 'type': 'invalid_request_error', 'param': 'messages', 'code': 'invalid_value'}}",False,False,False,none,
309_0,deepseek-r1-distill-llama-70b,zero-shot,33,0,0,0,0.0,0.0,0.0,1.4.6|4.1.1|4.1.2,,,"Error code: 400 - {'error': {'message': 'The provided messages contain images, but deepseek-r1-distill-llama-70b does not support image inputs.', 'type': 'invalid_request_error', 'param': 'messages', 'code': 'invalid_value'}}",False,False,False,none,
9815980762_0,deepseek-r1-distill-llama-70b,zero-shot,33,0,0,0,0.0,0.0,0.0,2.4.6|1.3.1|1.4.4|1.4.6|4.1.1|4.1.2,,,"Error code: 400 - {'error': {'message': 'The provided messages contain images, but deepseek-r1-distill-llama-70b does not support image inputs.', 'type': 'invalid_request_error', 'param': 'messages', 'code': 'invalid_value'}}",False,False,False,none,
6786271985_0,deepseek-r1-distill-llama-70b,zero-shot,41,0,0,0,0.0,0.0,0.0,1.1.1|1.3.1|3.1.1|1.4.4|1.4.6|1.4.3,,,"Error code: 400 - {'error': {'message': 'The provided messages contain images, but deepseek-r1-distill-llama-70b does not support image inputs.', 'type': 'invalid_request_error', 'param': 'messages', 'code': 'invalid_value'}}",False,False,False,none,
268_0,deepseek-r1-distill-llama-70b,zero-shot,39,0,0,0,0.0,0.0,0.0,1.4.6|1.3.1,,,"Error code: 400 - {'error': {'message': 'The provided messages contain images, but deepseek-r1-distill-llama-70b does not support image inputs.', 'type': 'invalid_request_error', 'param': 'messages', 'code': 'invalid_value'}}",False,False,False,none,
77_0,deepseek-r1-distill-llama-70b,zero-shot,38,0,0,0,0.0,0.0,0.0,1.1.1|2.4.1|1.4.6|2.4.4|2.4.9|4.1.2|2.4.6|1.3.1|1.4.3,,,"Error code: 400 - {'error': {'message': 'The provided messages contain images, but deepseek-r1-distill-llama-70b does not support image inputs.', 'type': 'invalid_request_error', 'param': 'messages', 'code': 'invalid_value'}}",False,False,False,none,
8056970126_0,deepseek-r1-distill-llama-70b,zero-shot,30,0,0,0,0.0,0.0,0.0,2.4.6|1.3.1|2.4.9|1.4.6|2.4.4|4.1.1|4.1.2|1.4.3,,,"Error code: 400 - {'error': {'message': 'The provided messages contain images, but deepseek-r1-distill-llama-70b does not support image inputs.', 'type': 'invalid_request_error', 'param': 'messages', 'code': 'invalid_value'}}",False,False,False,none,
4085447448_0,deepseek-r1-distill-llama-70b,zero-shot,34,0,0,0,0.0,0.0,0.0,1.4.6|1.1.1|1.3.1,,,"Error code: 400 - {'error': {'message': 'The provided messages contain images, but deepseek-r1-distill-llama-70b does not support image inputs.', 'type': 'invalid_request_error', 'param': 'messages', 'code': 'invalid_value'}}",False,False,False,none,
414_0,deepseek-r1-distill-llama-70b,zero-shot,40,0,0,0,0.0,0.0,0.0,1.1.1|1.3.1|2.4.9|2.4.4|4.1.1|4.1.2,,,"Error code: 400 - {'error': {'message': 'The provided messages contain images, but deepseek-r1-distill-llama-70b does not support image inputs.', 'type': 'invalid_request_error', 'param': 'messages', 'code': 'invalid_value'}}",False,False,False,none,
5477862853_0,deepseek-r1-distill-llama-70b,zero-shot,37,0,0,0,0.0,0.0,0.0,1.4.3|1.3.1|2.4.9|1.4.6|2.4.4|4.1.1|4.1.2,,,"Error code: 400 - {'error': {'message': 'The provided messages contain images, but deepseek-r1-distill-llama-70b does not support image inputs.', 'type': 'invalid_request_error', 'param': 'messages', 'code': 'invalid_value'}}",False,False,False,none,
8883634268_0,deepseek-r1-distill-llama-70b,zero-shot,41,0,0,0,0.0,0.0,0.0,1.4.6|2.4.6|1.4.3,,,"Error code: 400 - {'error': {'message': 'The provided messages contain images, but deepseek-r1-distill-llama-70b does not support image inputs.', 'type': 'invalid_request_error', 'param': 'messages', 'code': 'invalid_value'}}",False,False,False,none,
5256418738_0,deepseek-r1-distill-llama-70b,zero-shot,43,0,0,0,0.0,0.0,0.0,1.3.1,,,"Error code: 400 - {'error': {'message': 'The provided messages contain images, but deepseek-r1-distill-llama-70b does not support image inputs.', 'type': 'invalid_request_error', 'param': 'messages', 'code': 'invalid_value'}}",False,False,False,none,
1373328769_0,deepseek-r1-distill-llama-70b,zero-shot,21,0,0,0,0.0,0.0,0.0,2.1.1|1.3.1|4.1.1|2.4.3,,,"Error code: 400 - {'error': {'message': 'The provided messages contain images, but deepseek-r1-distill-llama-70b does not support image inputs.', 'type': 'invalid_request_error', 'param': 'messages', 'code': 'invalid_value'}}",False,False,False,none,
9364906934_0,deepseek-r1-distill-llama-70b,zero-shot,26,0,0,0,0.0,0.0,0.0,1.4.6|2.4.6,,,"Error code: 400 - {'error': {'message': 'The provided messages contain images, but deepseek-r1-distill-llama-70b does not support image inputs.', 'type': 'invalid_request_error', 'param': 'messages', 'code': 'invalid_value'}}",False,False,False,none,
215_0,deepseek-r1-distill-llama-70b,zero-shot,34,0,0,0,0.0,0.0,0.0,1.4.6|4.1.1,,,"Error code: 400 - {'error': {'message': 'The provided messages contain images, but deepseek-r1-distill-llama-70b does not support image inputs.', 'type': 'invalid_request_error', 'param': 'messages', 'code': 'invalid_value'}}",False,False,False,none,
501_0,deepseek-r1-distill-llama-70b,zero-shot,30,0,0,0,0.0,0.0,0.0,1.4.6|1.3.1|4.1.2,,,"Error code: 400 - {'error': {'message': 'The provided messages contain images, but deepseek-r1-distill-llama-70b does not support image inputs.', 'type': 'invalid_request_error', 'param': 'messages', 'code': 'invalid_value'}}",False,False,False,none,
500_0,deepseek-r1-distill-llama-70b,zero-shot,34,0,0,0,0.0,0.0,0.0,1.4.6,,,"Error code: 400 - {'error': {'message': 'The provided messages contain images, but deepseek-r1-distill-llama-70b does not support image inputs.', 'type': 'invalid_request_error', 'param': 'messages', 'code': 'invalid_value'}}",False,False,False,none,
502_0,deepseek-r1-distill-llama-70b,zero-shot,34,0,0,0,0.0,0.0,0.0,1.4.6,,,"Error code: 400 - {'error': {'message': 'The provided messages contain images, but deepseek-r1-distill-llama-70b does not support image inputs.', 'type': 'invalid_request_error', 'param': 'messages', 'code': 'invalid_value'}}",False,False,False,none,
16_0,deepseek-r1-distill-llama-70b,zero-shot,47,0,0,0,0.0,0.0,0.0,1.4.6,,,"Error code: 400 - {'error': {'message': 'The provided messages contain images, but deepseek-r1-distill-llama-70b does not support image inputs.', 'type': 'invalid_request_error', 'param': 'messages', 'code': 'invalid_value'}}",False,False,False,none,
434_0,deepseek-r1-distill-llama-70b,zero-shot,50,0,0,0,0.0,0.0,0.0,1.4.6|1.3.1,,,"Error code: 400 - {'error': {'message': 'The provided messages contain images, but deepseek-r1-distill-llama-70b does not support image inputs.', 'type': 'invalid_request_error', 'param': 'messages', 'code': 'invalid_value'}}",False,False,False,none,
8958991169_0,deepseek-r1-distill-llama-70b,zero-shot,41,0,0,0,0.0,0.0,0.0,2.4.6|1.3.1|1.4.6|2.4.4|2.4.9|4.1.2|1.4.3,,,"Error code: 400 - {'error': {'message': 'The provided messages contain images, but deepseek-r1-distill-llama-70b does not support image inputs.', 'type': 'invalid_request_error', 'param': 'messages', 'code': 'invalid_value'}}",False,False,False,none,
2647735504_0,deepseek-r1-distill-llama-70b,zero-shot,26,0,0,0,0.0,0.0,0.0,1.1.1|1.4.6|2.1.1|2.4.9|2.4.4|4.1.1|4.1.2|2.4.3|1.3.1,,,"Error code: 400 - {'error': {'message': 'The provided messages contain images, but deepseek-r1-distill-llama-70b does not support image inputs.', 'type': 'invalid_request_error', 'param': 'messages', 'code': 'invalid_value'}}",False,False,False,none,
3701517235_0,deepseek-r1-distill-llama-70b,zero-shot,26,0,0,0,0.0,0.0,0.0,1.3.1|2.4.9|1.4.6|2.4.4|4.1.1|4.1.2|1.4.3,,,"Error code: 400 - {'error': {'message': 'The provided messages contain images, but deepseek-r1-distill-llama-70b does not support image inputs.', 'type': 'invalid_request_error', 'param': 'messages', 'code': 'invalid_value'}}",False,False,False,none,
2176046364_0,deepseek-r1-distill-llama-70b,zero-shot,47,0,0,0,0.0,0.0,0.0,1.3.1|1.4.4|3.1.1|4.1.2,,,"Error code: 400 - {'error': {'message': 'The provided messages contain images, but deepseek-r1-distill-llama-70b does not support image inputs.', 'type': 'invalid_request_error', 'param': 'messages', 'code': 'invalid_value'}}",False,False,False,none,
1767084624_0,deepseek-r1-distill-llama-70b,zero-shot,64,0,0,0,0.0,0.0,0.0,2.4.6|1.3.1|1.4.6|4.1.2|1.4.3,,,"Error code: 400 - {'error': {'message': 'The provided messages contain images, but deepseek-r1-distill-llama-70b does not support image inputs.', 'type': 'invalid_request_error', 'param': 'messages', 'code': 'invalid_value'}}",False,False,False,none,
816887837_0,deepseek-r1-distill-llama-70b,zero-shot,43,0,0,0,0.0,0.0,0.0,1.1.1|1.3.1|1.4.6|4.1.2,,,"Error code: 400 - {'error': {'message': 'The provided messages contain images, but deepseek-r1-distill-llama-70b does not support image inputs.', 'type': 'invalid_request_error', 'param': 'messages', 'code': 'invalid_value'}}",False,False,False,none,
1856386766_0,deepseek-r1-distill-llama-70b,zero-shot,46,0,0,0,0.0,0.0,0.0,1.3.1|3.1.1|1.4.4|1.4.6|2.4.4|2.4.9|1.4.3,,,"Error code: 400 - {'error': {'message': 'The provided messages contain images, but deepseek-r1-distill-llama-70b does not support image inputs.', 'type': 'invalid_request_error', 'param': 'messages', 'code': 'invalid_value'}}",False,False,False,none,
362_0,deepseek-r1-distill-llama-70b,zero-shot,25,0,0,0,0.0,0.0,0.0,2.4.6|1.3.1|3.1.1,,,"Error code: 400 - {'error': {'message': 'The provided messages contain images, but deepseek-r1-distill-llama-70b does not support image inputs.', 'type': 'invalid_request_error', 'param': 'messages', 'code': 'invalid_value'}}",False,False,False,none,
7561129082_0,deepseek-r1-distill-llama-70b,zero-shot,47,0,0,0,0.0,0.0,0.0,2.4.6|1.3.1|1.4.4|2.4.9|2.4.4|4.1.1|4.1.2,,,"Error code: 400 - {'error': {'message': 'The provided messages contain images, but deepseek-r1-distill-llama-70b does not support image inputs.', 'type': 'invalid_request_error', 'param': 'messages', 'code': 'invalid_value'}}",False,False,False,none,
2235305803_0,deepseek-r1-distill-llama-70b,zero-shot,41,0,0,0,0.0,0.0,0.0,1.4.6|1.3.1|4.1.1|4.1.2,,,"Error code: 400 - {'error': {'message': 'The provided messages contain images, but deepseek-r1-distill-llama-70b does not support image inputs.', 'type': 'invalid_request_error', 'param': 'messages', 'code': 'invalid_value'}}",False,False,False,none,
2527413330_0,deepseek-r1-distill-llama-70b,zero-shot,43,0,0,0,0.0,0.0,0.0,2.4.6|1.3.1|1.4.6|1.4.3,,,"Error code: 400 - {'error': {'message': 'The provided messages contain images, but deepseek-r1-distill-llama-70b does not support image inputs.', 'type': 'invalid_request_error', 'param': 'messages', 'code': 'invalid_value'}}",False,False,False,none,
6130539113_0,deepseek-r1-distill-llama-70b,zero-shot,43,0,0,0,0.0,0.0,0.0,1.1.1|2.4.6|1.3.1|2.4.1|2.4.9|1.4.6|2.4.4|4.1.1,,,"Error code: 400 - {'error': {'message': 'The provided messages contain images, but deepseek-r1-distill-llama-70b does not support image inputs.', 'type': 'invalid_request_error', 'param': 'messages', 'code': 'invalid_value'}}",False,False,False,none,
124_0,deepseek-r1-distill-llama-70b,zero-shot,37,0,0,0,0.0,0.0,0.0,1.1.1|2.4.6|1.3.1|1.4.6|2.4.4|2.4.9,,,"Error code: 400 - {'error': {'message': 'The provided messages contain images, but deepseek-r1-distill-llama-70b does not support image inputs.', 'type': 'invalid_request_error', 'param': 'messages', 'code': 'invalid_value'}}",False,False,False,none,
8697981092_0,deepseek-r1-distill-llama-70b,zero-shot,32,0,0,0,0.0,0.0,0.0,1.3.1|2.4.1|2.4.9|1.4.6|2.4.4|4.1.1|1.4.3,,,"Error code: 400 - {'error': {'message': 'The provided messages contain images, but deepseek-r1-distill-llama-70b does not support image inputs.', 'type': 'invalid_request_error', 'param': 'messages', 'code': 'invalid_value'}}",False,False,False,none,
1521860334_0,deepseek-r1-distill-llama-70b,zero-shot,31,0,0,0,0.0,0.0,0.0,1.1.1|1.3.1|4.1.1|4.1.2,,,"Error code: 400 - {'error': {'message': 'The provided messages contain images, but deepseek-r1-distill-llama-70b does not support image inputs.', 'type': 'invalid_request_error', 'param': 'messages', 'code': 'invalid_value'}}",False,False,False,none,
8727933125_0,deepseek-r1-distill-llama-70b,zero-shot,33,0,0,0,0.0,0.0,0.0,1.1.1|1.4.6|2.4.4|2.4.9|4.1.2|2.4.6|1.3.1|1.4.4|1.4.3,,,"Error code: 400 - {'error': {'message': 'The provided messages contain images, but deepseek-r1-distill-llama-70b does not support image inputs.', 'type': 'invalid_request_error', 'param': 'messages', 'code': 'invalid_value'}}",False,False,False,none,
3374636661_0,deepseek-r1-distill-llama-70b,zero-shot,41,0,0,0,0.0,0.0,0.0,1.1.1|1.4.6|2.4.9|2.4.4|4.1.1|1.3.1|1.4.4|1.4.3,,,"Error code: 400 - {'error': {'message': 'The provided messages contain images, but deepseek-r1-distill-llama-70b does not support image inputs.', 'type': 'invalid_request_error', 'param': 'messages', 'code': 'invalid_value'}}",False,False,False,none,
7908444877_0,deepseek-r1-distill-llama-70b,zero-shot,38,0,0,0,0.0,0.0,0.0,1.1.1|1.4.6|2.4.9|2.4.4|4.1.1|2.4.6|1.3.1|3.1.1|1.4.3,,,"Error code: 400 - {'error': {'message': 'The provided messages contain images, but deepseek-r1-distill-llama-70b does not support image inputs.', 'type': 'invalid_request_error', 'param': 'messages', 'code': 'invalid_value'}}",False,False,False,none,
225_0,deepseek-r1-distill-llama-70b,zero-shot,31,0,0,0,0.0,0.0,0.0,1.4.6|1.3.1|1.4.3,,,"Error code: 400 - {'error': {'message': 'The provided messages contain images, but deepseek-r1-distill-llama-70b does not support image inputs.', 'type': 'invalid_request_error', 'param': 'messages', 'code': 'invalid_value'}}",False,False,False,none,
1433604318_0,deepseek-r1-distill-llama-70b,zero-shot,42,0,0,0,0.0,0.0,0.0,1.1.1|2.4.6|1.3.1|1.4.6|4.1.2|1.4.3,,,"Error code: 400 - {'error': {'message': 'The provided messages contain images, but deepseek-r1-distill-llama-70b does not support image inputs.', 'type': 'invalid_request_error', 'param': 'messages', 'code': 'invalid_value'}}",False,False,False,none,
79862148_0,deepseek-r1-distill-llama-70b,zero-shot,22,0,0,0,0.0,0.0,0.0,2.4.6|2.4.2|1.3.1|3.1.1,,,"Error code: 400 - {'error': {'message': 'The provided messages contain images, but deepseek-r1-distill-llama-70b does not support image inputs.', 'type': 'invalid_request_error', 'param': 'messages', 'code': 'invalid_value'}}",False,False,False,none,
531083003_0,deepseek-r1-distill-llama-70b,zero-shot,42,0,0,0,0.0,0.0,0.0,2.4.6|1.3.1|1.4.6|4.1.1|4.1.2,,,"Error code: 400 - {'error': {'message': 'The provided messages contain images, but deepseek-r1-distill-llama-70b does not support image inputs.', 'type': 'invalid_request_error', 'param': 'messages', 'code': 'invalid_value'}}",False,False,False,none,
8616262877_0,deepseek-r1-distill-llama-70b,zero-shot,20,0,0,0,0.0,0.0,0.0,2.4.6|1.3.1,,,"Error code: 400 - {'error': {'message': 'The provided messages contain images, but deepseek-r1-distill-llama-70b does not support image inputs.', 'type': 'invalid_request_error', 'param': 'messages', 'code': 'invalid_value'}}",False,False,False,none,
328623724_0,deepseek-r1-distill-llama-70b,zero-shot,60,0,0,0,0.0,0.0,0.0,1.1.1|1.4.6|2.4.4|2.4.9|4.1.2|2.4.6|1.3.1|1.4.3,,,"Error code: 400 - {'error': {'message': 'The provided messages contain images, but deepseek-r1-distill-llama-70b does not support image inputs.', 'type': 'invalid_request_error', 'param': 'messages', 'code': 'invalid_value'}}",False,False,False,none,
1402472951_0,deepseek-r1-distill-llama-70b,zero-shot,23,0,0,0,0.0,0.0,0.0,2.4.6|1.3.1,,,"Error code: 400 - {'error': {'message': 'The provided messages contain images, but deepseek-r1-distill-llama-70b does not support image inputs.', 'type': 'invalid_request_error', 'param': 'messages', 'code': 'invalid_value'}}",False,False,False,none,
2421931133_0,deepseek-r1-distill-llama-70b,zero-shot,39,0,0,0,0.0,0.0,0.0,1.4.6|1.3.1,,,"Error code: 400 - {'error': {'message': 'The provided messages contain images, but deepseek-r1-distill-llama-70b does not support image inputs.', 'type': 'invalid_request_error', 'param': 'messages', 'code': 'invalid_value'}}",False,False,False,none,
105_0,deepseek-r1-distill-llama-70b,zero-shot,47,0,0,0,0.0,0.0,0.0,1.4.6|1.3.1,,,"Error code: 400 - {'error': {'message': 'The provided messages contain images, but deepseek-r1-distill-llama-70b does not support image inputs.', 'type': 'invalid_request_error', 'param': 'messages', 'code': 'invalid_value'}}",False,False,False,none,
17_0,deepseek-r1-distill-llama-70b,zero-shot,31,0,0,0,0.0,0.0,0.0,1.4.6|1.3.1,,,"Error code: 400 - {'error': {'message': 'The provided messages contain images, but deepseek-r1-distill-llama-70b does not support image inputs.', 'type': 'invalid_request_error', 'param': 'messages', 'code': 'invalid_value'}}",False,False,False,none,
65_0,deepseek-r1-distill-llama-70b,zero-shot,39,0,0,0,0.0,0.0,0.0,1.3.1|1.4.4|1.4.6|1.4.3,,,"Error code: 400 - {'error': {'message': 'The provided messages contain images, but deepseek-r1-distill-llama-70b does not support image inputs.', 'type': 'invalid_request_error', 'param': 'messages', 'code': 'invalid_value'}}",False,False,False,none,
3805747062_0,deepseek-r1-distill-llama-70b,zero-shot,32,0,0,0,0.0,0.0,0.0,3.1.2|2.4.6|1.3.1|4.1.1,,,"Error code: 400 - {'error': {'message': 'The provided messages contain images, but deepseek-r1-distill-llama-70b does not support image inputs.', 'type': 'invalid_request_error', 'param': 'messages', 'code': 'invalid_value'}}",False,False,False,none,
3996855574_0,deepseek-r1-distill-llama-70b,zero-shot,39,0,0,0,0.0,0.0,0.0,1.1.1|1.3.1|1.4.6|1.4.3,,,"Error code: 400 - {'error': {'message': 'The provided messages contain images, but deepseek-r1-distill-llama-70b does not support image inputs.', 'type': 'invalid_request_error', 'param': 'messages', 'code': 'invalid_value'}}",False,False,False,none,
589105098_0,deepseek-r1-distill-llama-70b,zero-shot,51,0,0,0,0.0,0.0,0.0,1.4.6|1.3.1|4.1.1,,,"Error code: 400 - {'error': {'message': 'The provided messages contain images, but deepseek-r1-distill-llama-70b does not support image inputs.', 'type': 'invalid_request_error', 'param': 'messages', 'code': 'invalid_value'}}",False,False,False,none,
519658437_0,deepseek-r1-distill-llama-70b,zero-shot,41,0,0,0,0.0,0.0,0.0,1.4.6|1.3.1|4.1.2,,,"Error code: 400 - {'error': {'message': 'The provided messages contain images, but deepseek-r1-distill-llama-70b does not support image inputs.', 'type': 'invalid_request_error', 'param': 'messages', 'code': 'invalid_value'}}",False,False,False,none,
343_0,deepseek-r1-distill-llama-70b,zero-shot,33,0,0,0,0.0,0.0,0.0,2.4.6|2.4.2|1.3.1|3.1.1,,,"Error code: 400 - {'error': {'message': 'The provided messages contain images, but deepseek-r1-distill-llama-70b does not support image inputs.', 'type': 'invalid_request_error', 'param': 'messages', 'code': 'invalid_value'}}",False,False,False,none,
6801509843_0,deepseek-r1-distill-llama-70b,zero-shot,32,0,0,0,0.0,0.0,0.0,2.4.6|1.3.1|4.1.1|4.1.2,,,"Error code: 400 - {'error': {'message': 'The provided messages contain images, but deepseek-r1-distill-llama-70b does not support image inputs.', 'type': 'invalid_request_error', 'param': 'messages', 'code': 'invalid_value'}}",False,False,False,none,
256_0,deepseek-r1-distill-llama-70b,zero-shot,26,0,0,0,0.0,0.0,0.0,2.4.6|1.3.1|1.4.4|1.4.6|4.1.2|1.4.3,,,"Error code: 400 - {'error': {'message': 'The provided messages contain images, but deepseek-r1-distill-llama-70b does not support image inputs.', 'type': 'invalid_request_error', 'param': 'messages', 'code': 'invalid_value'}}",False,False,False,none,
3936345126_0,deepseek-r1-distill-llama-70b,zero-shot,36,0,0,0,0.0,0.0,0.0,1.4.3|1.3.1|1.4.6|2.4.4|2.4.9|4.1.2,,,"Error code: 400 - {'error': {'message': 'The provided messages contain images, but deepseek-r1-distill-llama-70b does not support image inputs.', 'type': 'invalid_request_error', 'param': 'messages', 'code': 'invalid_value'}}",False,False,False,none,
5351185237_0,deepseek-r1-distill-llama-70b,zero-shot,44,0,0,0,0.0,0.0,0.0,2.4.6|1.3.1|2.4.3|2.1.1|4.1.1|4.1.2,,,"Error code: 400 - {'error': {'message': 'The provided messages contain images, but deepseek-r1-distill-llama-70b does not support image inputs.', 'type': 'invalid_request_error', 'param': 'messages', 'code': 'invalid_value'}}",False,False,False,none,
340545659_0,deepseek-r1-distill-llama-70b,zero-shot,39,0,0,0,0.0,0.0,0.0,1.3.1|1.4.6|2.4.4|2.4.9|1.4.3,,,"Error code: 400 - {'error': {'message': 'The provided messages contain images, but deepseek-r1-distill-llama-70b does not support image inputs.', 'type': 'invalid_request_error', 'param': 'messages', 'code': 'invalid_value'}}",False,False,False,none,
6976784819_0,deepseek-r1-distill-llama-70b,zero-shot,30,0,0,0,0.0,0.0,0.0,1.1.1|1.4.6|2.4.9|2.4.4|4.1.1|3.3.2|2.4.6|1.3.1|1.4.3,,,"Error code: 400 - {'error': {'message': 'The provided messages contain images, but deepseek-r1-distill-llama-70b does not support image inputs.', 'type': 'invalid_request_error', 'param': 'messages', 'code': 'invalid_value'}}",False,False,False,none,
5350616698_0,deepseek-r1-distill-llama-70b,zero-shot,38,0,0,0,0.0,0.0,0.0,1.1.1|1.3.1|1.4.6|4.1.1|4.1.2|1.4.3,,,"Error code: 400 - {'error': {'message': 'The provided messages contain images, but deepseek-r1-distill-llama-70b does not support image inputs.', 'type': 'invalid_request_error', 'param': 'messages', 'code': 'invalid_value'}}",False,False,False,none,
3317334630_0,deepseek-r1-distill-llama-70b,zero-shot,33,0,0,0,0.0,0.0,0.0,2.4.6|1.3.1|1.4.4|1.4.6|4.1.2|1.4.3,,,"Error code: 400 - {'error': {'message': 'The provided messages contain images, but deepseek-r1-distill-llama-70b does not support image inputs.', 'type': 'invalid_request_error', 'param': 'messages', 'code': 'invalid_value'}}",False,False,False,none,
415_0,deepseek-r1-distill-llama-70b,zero-shot,36,0,0,0,0.0,0.0,0.0,2.4.6|1.3.1|1.4.6|2.4.4|2.4.9|4.1.2|1.4.3,,,"Error code: 400 - {'error': {'message': 'The provided messages contain images, but deepseek-r1-distill-llama-70b does not support image inputs.', 'type': 'invalid_request_error', 'param': 'messages', 'code': 'invalid_value'}}",False,False,False,none,
2937956084_0,deepseek-r1-distill-llama-70b,zero-shot,35,0,0,0,0.0,0.0,0.0,2.4.6|4.1.1,,,"Error code: 400 - {'error': {'message': 'The provided messages contain images, but deepseek-r1-distill-llama-70b does not support image inputs.', 'type': 'invalid_request_error', 'param': 'messages', 'code': 'invalid_value'}}",False,False,False,none,
8918898275_0,deepseek-r1-distill-llama-70b,zero-shot,29,0,0,0,0.0,0.0,0.0,1.3.1|1.4.6|2.4.4|2.4.9|4.1.2,,,"Error code: 400 - {'error': {'message': 'The provided messages contain images, but deepseek-r1-distill-llama-70b does not support image inputs.', 'type': 'invalid_request_error', 'param': 'messages', 'code': 'invalid_value'}}",False,False,False,none,
6787611399_0,deepseek-r1-distill-llama-70b,zero-shot,35,0,0,0,0.0,0.0,0.0,1.4.6|2.4.6|1.3.1,,,"Error code: 400 - {'error': {'message': 'The provided messages contain images, but deepseek-r1-distill-llama-70b does not support image inputs.', 'type': 'invalid_request_error', 'param': 'messages', 'code': 'invalid_value'}}",False,False,False,none,
8613910382_0,deepseek-r1-distill-llama-70b,zero-shot,35,0,0,0,0.0,0.0,0.0,2.4.6|1.1.1|1.3.1|2.4.9|1.4.6|2.4.4|4.1.1|1.4.3,,,"Error code: 400 - {'error': {'message': 'The provided messages contain images, but deepseek-r1-distill-llama-70b does not support image inputs.', 'type': 'invalid_request_error', 'param': 'messages', 'code': 'invalid_value'}}",False,False,False,none,
3109021059_0,deepseek-r1-distill-llama-70b,zero-shot,31,0,0,0,0.0,0.0,0.0,1.3.1|3.1.1,,,"Error code: 400 - {'error': {'message': 'The provided messages contain images, but deepseek-r1-distill-llama-70b does not support image inputs.', 'type': 'invalid_request_error', 'param': 'messages', 'code': 'invalid_value'}}",False,False,False,none,
6772200394_0,deepseek-r1-distill-llama-70b,zero-shot,39,0,0,0,0.0,0.0,0.0,1.3.1|4.1.1,,,"Error code: 400 - {'error': {'message': 'The provided messages contain images, but deepseek-r1-distill-llama-70b does not support image inputs.', 'type': 'invalid_request_error', 'param': 'messages', 'code': 'invalid_value'}}",False,False,False,none,
8420224297_0,deepseek-r1-distill-llama-70b,zero-shot,39,0,0,0,0.0,0.0,0.0,2.4.3|1.3.1|1.4.6|2.1.1|2.4.4|2.4.9|4.1.2|1.4.3,,,"Error code: 400 - {'error': {'message': 'The provided messages contain images, but deepseek-r1-distill-llama-70b does not support image inputs.', 'type': 'invalid_request_error', 'param': 'messages', 'code': 'invalid_value'}}",False,False,False,none,
9322041267_0,deepseek-r1-distill-llama-70b,zero-shot,31,0,0,0,0.0,0.0,0.0,2.4.6|1.3.1|1.4.6|2.1.1|2.4.3,,,"Error code: 400 - {'error': {'message': 'The provided messages contain images, but deepseek-r1-distill-llama-70b does not support image inputs.', 'type': 'invalid_request_error', 'param': 'messages', 'code': 'invalid_value'}}",False,False,False,none,
9777365068_0,deepseek-r1-distill-llama-70b,zero-shot,31,0,0,0,0.0,0.0,0.0,1.4.6,,,"Error code: 400 - {'error': {'message': 'The provided messages contain images, but deepseek-r1-distill-llama-70b does not support image inputs.', 'type': 'invalid_request_error', 'param': 'messages', 'code': 'invalid_value'}}",False,False,False,none,
6234431059_0,deepseek-r1-distill-llama-70b,zero-shot,40,0,0,0,0.0,0.0,0.0,1.3.1|1.4.6|2.4.4|2.4.9|4.1.2|1.4.3,,,"Error code: 400 - {'error': {'message': 'The provided messages contain images, but deepseek-r1-distill-llama-70b does not support image inputs.', 'type': 'invalid_request_error', 'param': 'messages', 'code': 'invalid_value'}}",False,False,False,none,
1683921588_0,deepseek-r1-distill-llama-70b,zero-shot,23,0,0,0,0.0,0.0,0.0,2.2.1,,,"Error code: 400 - {'error': {'message': 'The provided messages contain images, but deepseek-r1-distill-llama-70b does not support image inputs.', 'type': 'invalid_request_error', 'param': 'messages', 'code': 'invalid_value'}}",False,False,False,none,
4710657151_0,deepseek-r1-distill-llama-70b,zero-shot,33,0,0,0,0.0,0.0,0.0,2.4.6|1.4.6|1.1.1,,,"Error code: 400 - {'error': {'message': 'The provided messages contain images, but deepseek-r1-distill-llama-70b does not support image inputs.', 'type': 'invalid_request_error', 'param': 'messages', 'code': 'invalid_value'}}",False,False,False,none,
358_0,deepseek-r1-distill-llama-70b,zero-shot,29,0,0,0,0.0,0.0,0.0,1.4.6|2.4.6|1.3.1,,,"Error code: 400 - {'error': {'message': 'The provided messages contain images, but deepseek-r1-distill-llama-70b does not support image inputs.', 'type': 'invalid_request_error', 'param': 'messages', 'code': 'invalid_value'}}",False,False,False,none,
387_0,deepseek-r1-distill-llama-70b,zero-shot,34,0,0,0,0.0,0.0,0.0,1.4.6|4.1.2,,,"Error code: 400 - {'error': {'message': 'The provided messages contain images, but deepseek-r1-distill-llama-70b does not support image inputs.', 'type': 'invalid_request_error', 'param': 'messages', 'code': 'invalid_value'}}",False,False,False,none,
8987402778_0,deepseek-r1-distill-llama-70b,zero-shot,30,0,0,0,0.0,0.0,0.0,1.1.1|2.4.6|1.3.1|4.1.1|4.1.2,,,"Error code: 400 - {'error': {'message': 'The provided messages contain images, but deepseek-r1-distill-llama-70b does not support image inputs.', 'type': 'invalid_request_error', 'param': 'messages', 'code': 'invalid_value'}}",False,False,False,none,
1083829665_0,deepseek-r1-distill-llama-70b,zero-shot,31,0,0,0,0.0,0.0,0.0,1.4.6|4.1.1|1.4.3,,,"Error code: 400 - {'error': {'message': 'The provided messages contain images, but deepseek-r1-distill-llama-70b does not support image inputs.', 'type': 'invalid_request_error', 'param': 'messages', 'code': 'invalid_value'}}",False,False,False,none,
2551766233_0,deepseek-r1-distill-llama-70b,zero-shot,34,0,0,0,0.0,0.0,0.0,1.4.6|2.4.6|2.4.4|2.4.9,,,"Error code: 400 - {'error': {'message': 'The provided messages contain images, but deepseek-r1-distill-llama-70b does not support image inputs.', 'type': 'invalid_request_error', 'param': 'messages', 'code': 'invalid_value'}}",False,False,False,none,
9637552863_0,deepseek-r1-distill-llama-70b,zero-shot,40,0,0,0,0.0,0.0,0.0,1.4.6|2.4.6|1.3.1,,,"Error code: 400 - {'error': {'message': 'The provided messages contain images, but deepseek-r1-distill-llama-70b does not support image inputs.', 'type': 'invalid_request_error', 'param': 'messages', 'code': 'invalid_value'}}",False,False,False,none,
557_0,deepseek-r1-distill-llama-70b,zero-shot,30,0,0,0,0.0,0.0,0.0,1.3.1|2.4.9|1.4.6|2.4.4|4.1.1|4.1.2|1.4.3,,,"Error code: 400 - {'error': {'message': 'The provided messages contain images, but deepseek-r1-distill-llama-70b does not support image inputs.', 'type': 'invalid_request_error', 'param': 'messages', 'code': 'invalid_value'}}",False,False,False,none,
558_0,deepseek-r1-distill-llama-70b,zero-shot,42,0,0,0,0.0,0.0,0.0,1.3.1|2.4.9|1.4.6|2.4.4|4.1.1|4.1.2|1.4.3,,,"Error code: 400 - {'error': {'message': 'The provided messages contain images, but deepseek-r1-distill-llama-70b does not support image inputs.', 'type': 'invalid_request_error', 'param': 'messages', 'code': 'invalid_value'}}",False,False,False,none,
559_0,deepseek-r1-distill-llama-70b,zero-shot,39,0,0,0,0.0,0.0,0.0,1.3.1|2.4.9|1.4.6|2.4.4|4.1.1|4.1.2|1.4.3,,,"Error code: 400 - {'error': {'message': 'The provided messages contain images, but deepseek-r1-distill-llama-70b does not support image inputs.', 'type': 'invalid_request_error', 'param': 'messages', 'code': 'invalid_value'}}",False,False,False,none,
5992521276_0,deepseek-r1-distill-llama-70b,zero-shot,29,0,0,0,0.0,0.0,0.0,1.1.1|2.4.6|2.4.9|1.4.6|2.4.4|4.1.1|4.1.2|1.4.3,,,"Error code: 400 - {'error': {'message': 'The provided messages contain images, but deepseek-r1-distill-llama-70b does not support image inputs.', 'type': 'invalid_request_error', 'param': 'messages', 'code': 'invalid_value'}}",False,False,False,none,
51_0,deepseek-r1-distill-llama-70b,zero-shot,33,0,0,0,0.0,0.0,0.0,1.4.6|1.3.1,,,"Error code: 400 - {'error': {'message': 'The provided messages contain images, but deepseek-r1-distill-llama-70b does not support image inputs.', 'type': 'invalid_request_error', 'param': 'messages', 'code': 'invalid_value'}}",False,False,False,none,
52_0,deepseek-r1-distill-llama-70b,zero-shot,55,0,0,0,0.0,0.0,0.0,1.3.1|4.1.1|4.1.2,,,"Error code: 400 - {'error': {'message': 'The provided messages contain images, but deepseek-r1-distill-llama-70b does not support image inputs.', 'type': 'invalid_request_error', 'param': 'messages', 'code': 'invalid_value'}}",False,False,False,none,
404_0,deepseek-r1-distill-llama-70b,zero-shot,30,0,0,0,0.0,0.0,0.0,2.4.6|1.3.1,,,"Error code: 400 - {'error': {'message': 'The provided messages contain images, but deepseek-r1-distill-llama-70b does not support image inputs.', 'type': 'invalid_request_error', 'param': 'messages', 'code': 'invalid_value'}}",False,False,False,none,
257_0,deepseek-r1-distill-llama-70b,zero-shot,42,0,0,0,0.0,0.0,0.0,2.4.6|1.1.1|1.3.1|1.4.6|2.4.4|2.4.9,,,"Error code: 400 - {'error': {'message': 'The provided messages contain images, but deepseek-r1-distill-llama-70b does not support image inputs.', 'type': 'invalid_request_error', 'param': 'messages', 'code': 'invalid_value'}}",False,False,False,none,
371_0,deepseek-r1-distill-llama-70b,zero-shot,33,0,0,0,0.0,0.0,0.0,1.4.6|2.1.1|2.4.9|2.4.4|4.1.1|4.1.2|2.4.3|2.4.6|1.3.1|1.4.3,,,"Error code: 400 - {'error': {'message': 'The provided messages contain images, but deepseek-r1-distill-llama-70b does not support image inputs.', 'type': 'invalid_request_error', 'param': 'messages', 'code': 'invalid_value'}}",False,False,False,none,
7918200647_0,deepseek-r1-distill-llama-70b,zero-shot,33,0,0,0,0.0,0.0,0.0,2.4.6|2.4.2|1.3.1|3.1.1,,,"Error code: 400 - {'error': {'message': 'The provided messages contain images, but deepseek-r1-distill-llama-70b does not support image inputs.', 'type': 'invalid_request_error', 'param': 'messages', 'code': 'invalid_value'}}",False,False,False,none,
7343118135_0,deepseek-r1-distill-llama-70b,zero-shot,26,0,0,0,0.0,0.0,0.0,1.1.1|1.3.1|1.4.4|1.4.6|1.4.3,,,"Error code: 400 - {'error': {'message': 'The provided messages contain images, but deepseek-r1-distill-llama-70b does not support image inputs.', 'type': 'invalid_request_error', 'param': 'messages', 'code': 'invalid_value'}}",False,False,False,none,
6933375342_0,deepseek-r1-distill-llama-70b,zero-shot,29,0,0,0,0.0,0.0,0.0,1.4.6|1.3.1|1.4.4,,,"Error code: 400 - {'error': {'message': 'The provided messages contain images, but deepseek-r1-distill-llama-70b does not support image inputs.', 'type': 'invalid_request_error', 'param': 'messages', 'code': 'invalid_value'}}",False,False,False,none,
5356854547_0,deepseek-r1-distill-llama-70b,zero-shot,46,0,0,0,0.0,0.0,0.0,1.4.6|1.3.1,,,"Error code: 400 - {'error': {'message': 'The provided messages contain images, but deepseek-r1-distill-llama-70b does not support image inputs.', 'type': 'invalid_request_error', 'param': 'messages', 'code': 'invalid_value'}}",False,False,False,none,
337_0,deepseek-r1-distill-llama-70b,zero-shot,27,0,0,0,0.0,0.0,0.0,2.4.6|2.4.9|1.4.6|2.4.4|4.1.1|4.1.2|1.4.3,,,"Error code: 400 - {'error': {'message': 'The provided messages contain images, but deepseek-r1-distill-llama-70b does not support image inputs.', 'type': 'invalid_request_error', 'param': 'messages', 'code': 'invalid_value'}}",False,False,False,none,
2561699022_0,deepseek-r1-distill-llama-70b,zero-shot,34,0,0,0,0.0,0.0,0.0,1.3.1|3.1.1,,,"Error code: 400 - {'error': {'message': 'The provided messages contain images, but deepseek-r1-distill-llama-70b does not support image inputs.', 'type': 'invalid_request_error', 'param': 'messages', 'code': 'invalid_value'}}",False,False,False,none,
6579152806_0,deepseek-r1-distill-llama-70b,zero-shot,36,0,0,0,0.0,0.0,0.0,1.4.6|1.3.1,,,"Error code: 400 - {'error': {'message': 'The provided messages contain images, but deepseek-r1-distill-llama-70b does not support image inputs.', 'type': 'invalid_request_error', 'param': 'messages', 'code': 'invalid_value'}}",False,False,False,none,
2644215829_0,deepseek-r1-distill-llama-70b,zero-shot,44,0,0,0,0.0,0.0,0.0,1.3.1|4.1.2,,,"Error code: 400 - {'error': {'message': 'The provided messages contain images, but deepseek-r1-distill-llama-70b does not support image inputs.', 'type': 'invalid_request_error', 'param': 'messages', 'code': 'invalid_value'}}",False,False,False,none,
8921344296_0,deepseek-r1-distill-llama-70b,zero-shot,30,0,0,0,0.0,0.0,0.0,1.1.1|1.3.1|1.4.4|1.4.6|4.1.2|1.4.3,,,"Error code: 400 - {'error': {'message': 'The provided messages contain images, but deepseek-r1-distill-llama-70b does not support image inputs.', 'type': 'invalid_request_error', 'param': 'messages', 'code': 'invalid_value'}}",False,False,False,none,
286_0,deepseek-r1-distill-llama-70b,zero-shot,43,0,0,0,0.0,0.0,0.0,1.4.6|2.1.1|2.4.9|2.4.4|4.1.1|4.1.2|2.4.3|2.4.6|1.3.1|1.4.3,,,"Error code: 400 - {'error': {'message': 'The provided messages contain images, but deepseek-r1-distill-llama-70b does not support image inputs.', 'type': 'invalid_request_error', 'param': 'messages', 'code': 'invalid_value'}}",False,False,False,none,
524_0,deepseek-r1-distill-llama-70b,zero-shot,38,0,0,0,0.0,0.0,0.0,1.4.6|2.1.1|2.4.9|2.4.4|4.1.1|4.1.2|2.4.3|1.3.1|1.4.3,,,"Error code: 400 - {'error': {'message': 'The provided messages contain images, but deepseek-r1-distill-llama-70b does not support image inputs.', 'type': 'invalid_request_error', 'param': 'messages', 'code': 'invalid_value'}}",False,False,False,none,
522_0,deepseek-r1-distill-llama-70b,zero-shot,30,0,0,0,0.0,0.0,0.0,1.4.6|2.1.1|2.4.4|2.4.9|4.1.2|2.4.3|2.4.6|1.3.1|1.4.3,,,"Error code: 400 - {'error': {'message': 'The provided messages contain images, but deepseek-r1-distill-llama-70b does not support image inputs.', 'type': 'invalid_request_error', 'param': 'messages', 'code': 'invalid_value'}}",False,False,False,none,
526_0,deepseek-r1-distill-llama-70b,zero-shot,44,0,0,0,0.0,0.0,0.0,1.4.6|2.1.1|2.4.9|2.4.4|4.1.1|4.1.2|2.4.3|1.3.1|1.4.3,,,"Error code: 400 - {'error': {'message': 'The provided messages contain images, but deepseek-r1-distill-llama-70b does not support image inputs.', 'type': 'invalid_request_error', 'param': 'messages', 'code': 'invalid_value'}}",False,False,False,none,
523_0,deepseek-r1-distill-llama-70b,zero-shot,37,0,0,0,0.0,0.0,0.0,1.4.6|2.1.1|2.4.9|2.4.4|4.1.1|4.1.2|2.4.3|2.4.6|1.3.1|1.4.3,,,"Error code: 400 - {'error': {'message': 'The provided messages contain images, but deepseek-r1-distill-llama-70b does not support image inputs.', 'type': 'invalid_request_error', 'param': 'messages', 'code': 'invalid_value'}}",False,False,False,none,
525_0,deepseek-r1-distill-llama-70b,zero-shot,32,0,0,0,0.0,0.0,0.0,1.4.6|2.1.1|2.4.9|2.4.4|4.1.1|4.1.2|2.4.3|2.4.6|1.3.1|1.4.3,,,"Error code: 400 - {'error': {'message': 'The provided messages contain images, but deepseek-r1-distill-llama-70b does not support image inputs.', 'type': 'invalid_request_error', 'param': 'messages', 'code': 'invalid_value'}}",False,False,False,none,
3281832154_0,deepseek-r1-distill-llama-70b,zero-shot,31,0,0,0,0.0,0.0,0.0,1.4.6|1.3.1|1.4.3,,,"Error code: 400 - {'error': {'message': 'The provided messages contain images, but deepseek-r1-distill-llama-70b does not support image inputs.', 'type': 'invalid_request_error', 'param': 'messages', 'code': 'invalid_value'}}",False,False,False,none,
4841476546_0,deepseek-r1-distill-llama-70b,zero-shot,61,0,0,0,0.0,0.0,0.0,1.4.6|1.3.1|4.1.2,,,"Error code: 400 - {'error': {'message': 'The provided messages contain images, but deepseek-r1-distill-llama-70b does not support image inputs.', 'type': 'invalid_request_error', 'param': 'messages', 'code': 'invalid_value'}}",False,False,False,none,
109_0,deepseek-r1-distill-llama-70b,zero-shot,30,0,0,0,0.0,0.0,0.0,1.3.1,,,"Error code: 400 - {'error': {'message': 'The provided messages contain images, but deepseek-r1-distill-llama-70b does not support image inputs.', 'type': 'invalid_request_error', 'param': 'messages', 'code': 'invalid_value'}}",False,False,False,none,
4872839958_0,deepseek-r1-distill-llama-70b,zero-shot,48,0,0,0,0.0,0.0,0.0,1.3.1|1.4.4|1.4.6|4.1.1,,,"Error code: 400 - {'error': {'message': 'The provided messages contain images, but deepseek-r1-distill-llama-70b does not support image inputs.', 'type': 'invalid_request_error', 'param': 'messages', 'code': 'invalid_value'}}",False,False,False,none,
7201688552_0,deepseek-r1-distill-llama-70b,zero-shot,31,0,0,0,0.0,0.0,0.0,2.4.6|2.4.2|1.3.1|3.1.1,,,"Error code: 400 - {'error': {'message': 'The provided messages contain images, but deepseek-r1-distill-llama-70b does not support image inputs.', 'type': 'invalid_request_error', 'param': 'messages', 'code': 'invalid_value'}}",False,False,False,none,
28_0,deepseek-r1-distill-llama-70b,zero-shot,45,0,0,0,0.0,0.0,0.0,2.4.6|1.3.1|1.4.6|4.1.1,,,"Error code: 400 - {'error': {'message': 'The provided messages contain images, but deepseek-r1-distill-llama-70b does not support image inputs.', 'type': 'invalid_request_error', 'param': 'messages', 'code': 'invalid_value'}}",False,False,False,none,
732_0,deepseek-r1-distill-llama-70b,zero-shot,36,0,0,0,0.0,0.0,0.0,1.4.6|1.3.1,,,"Error code: 400 - {'error': {'message': 'The provided messages contain images, but deepseek-r1-distill-llama-70b does not support image inputs.', 'type': 'invalid_request_error', 'param': 'messages', 'code': 'invalid_value'}}",False,False,False,none,
733_0,deepseek-r1-distill-llama-70b,zero-shot,39,0,0,0,0.0,0.0,0.0,1.4.6|1.3.1,,,"Error code: 400 - {'error': {'message': 'The provided messages contain images, but deepseek-r1-distill-llama-70b does not support image inputs.', 'type': 'invalid_request_error', 'param': 'messages', 'code': 'invalid_value'}}",False,False,False,none,
727_0,deepseek-r1-distill-llama-70b,zero-shot,46,0,0,0,0.0,0.0,0.0,1.4.6|1.3.1,,,"Error code: 400 - {'error': {'message': 'The provided messages contain images, but deepseek-r1-distill-llama-70b does not support image inputs.', 'type': 'invalid_request_error', 'param': 'messages', 'code': 'invalid_value'}}",False,False,False,none,
723_0,deepseek-r1-distill-llama-70b,zero-shot,38,0,0,0,0.0,0.0,0.0,1.4.6|1.3.1,,,"Error code: 400 - {'error': {'message': 'The provided messages contain images, but deepseek-r1-distill-llama-70b does not support image inputs.', 'type': 'invalid_request_error', 'param': 'messages', 'code': 'invalid_value'}}",False,False,False,none,
729_0,deepseek-r1-distill-llama-70b,zero-shot,36,0,0,0,0.0,0.0,0.0,1.4.6|1.3.1,,,"Error code: 400 - {'error': {'message': 'The provided messages contain images, but deepseek-r1-distill-llama-70b does not support image inputs.', 'type': 'invalid_request_error', 'param': 'messages', 'code': 'invalid_value'}}",False,False,False,none,
730_0,deepseek-r1-distill-llama-70b,zero-shot,50,0,0,0,0.0,0.0,0.0,1.4.6|1.3.1,,,"Error code: 400 - {'error': {'message': 'The provided messages contain images, but deepseek-r1-distill-llama-70b does not support image inputs.', 'type': 'invalid_request_error', 'param': 'messages', 'code': 'invalid_value'}}",False,False,False,none,
731_0,deepseek-r1-distill-llama-70b,zero-shot,52,0,0,0,0.0,0.0,0.0,1.4.6|1.3.1,,,"Error code: 400 - {'error': {'message': 'The provided messages contain images, but deepseek-r1-distill-llama-70b does not support image inputs.', 'type': 'invalid_request_error', 'param': 'messages', 'code': 'invalid_value'}}",False,False,False,none,
728_0,deepseek-r1-distill-llama-70b,zero-shot,44,0,0,0,0.0,0.0,0.0,1.4.6|1.3.1,,,"Error code: 400 - {'error': {'message': 'The provided messages contain images, but deepseek-r1-distill-llama-70b does not support image inputs.', 'type': 'invalid_request_error', 'param': 'messages', 'code': 'invalid_value'}}",False,False,False,none,
725_0,deepseek-r1-distill-llama-70b,zero-shot,51,0,0,0,0.0,0.0,0.0,1.4.6|1.3.1,,,"Error code: 400 - {'error': {'message': 'The provided messages contain images, but deepseek-r1-distill-llama-70b does not support image inputs.', 'type': 'invalid_request_error', 'param': 'messages', 'code': 'invalid_value'}}",False,False,False,none,
722_0,deepseek-r1-distill-llama-70b,zero-shot,40,0,0,0,0.0,0.0,0.0,1.4.6|1.3.1,,,"Error code: 400 - {'error': {'message': 'The provided messages contain images, but deepseek-r1-distill-llama-70b does not support image inputs.', 'type': 'invalid_request_error', 'param': 'messages', 'code': 'invalid_value'}}",False,False,False,none,
724_0,deepseek-r1-distill-llama-70b,zero-shot,42,0,0,0,0.0,0.0,0.0,1.4.6|1.3.1,,,"Error code: 400 - {'error': {'message': 'The provided messages contain images, but deepseek-r1-distill-llama-70b does not support image inputs.', 'type': 'invalid_request_error', 'param': 'messages', 'code': 'invalid_value'}}",False,False,False,none,
726_0,deepseek-r1-distill-llama-70b,zero-shot,55,0,0,0,0.0,0.0,0.0,1.4.6|1.3.1,,,"Error code: 400 - {'error': {'message': 'The provided messages contain images, but deepseek-r1-distill-llama-70b does not support image inputs.', 'type': 'invalid_request_error', 'param': 'messages', 'code': 'invalid_value'}}",False,False,False,none,
1394450881_0,deepseek-r1-distill-llama-70b,zero-shot,50,0,0,0,0.0,0.0,0.0,1.4.6|4.1.1|4.1.2,,,"Error code: 400 - {'error': {'message': 'The provided messages contain images, but deepseek-r1-distill-llama-70b does not support image inputs.', 'type': 'invalid_request_error', 'param': 'messages', 'code': 'invalid_value'}}",False,False,False,none,
216_0,deepseek-r1-distill-llama-70b,zero-shot,34,0,0,0,0.0,0.0,0.0,1.4.6|1.3.1,,,"Error code: 400 - {'error': {'message': 'The provided messages contain images, but deepseek-r1-distill-llama-70b does not support image inputs.', 'type': 'invalid_request_error', 'param': 'messages', 'code': 'invalid_value'}}",False,False,False,none,
391_0,deepseek-r1-distill-llama-70b,zero-shot,33,0,0,0,0.0,0.0,0.0,1.4.6|2.4.6|1.3.1,,,"Error code: 400 - {'error': {'message': 'The provided messages contain images, but deepseek-r1-distill-llama-70b does not support image inputs.', 'type': 'invalid_request_error', 'param': 'messages', 'code': 'invalid_value'}}",False,False,False,none,
499022650_0,deepseek-r1-distill-llama-70b,zero-shot,30,0,0,0,0.0,0.0,0.0,1.4.6|2.4.9|2.4.4|4.1.1|4.1.2|2.4.6|1.3.1|1.4.4,,,"Error code: 400 - {'error': {'message': 'The provided messages contain images, but deepseek-r1-distill-llama-70b does not support image inputs.', 'type': 'invalid_request_error', 'param': 'messages', 'code': 'invalid_value'}}",False,False,False,none,
9727821720_0,deepseek-r1-distill-llama-70b,zero-shot,36,0,0,0,0.0,0.0,0.0,1.1.1|1.3.1|1.4.6|4.1.1|4.1.2,,,"Error code: 400 - {'error': {'message': 'The provided messages contain images, but deepseek-r1-distill-llama-70b does not support image inputs.', 'type': 'invalid_request_error', 'param': 'messages', 'code': 'invalid_value'}}",False,False,False,none,
21319415_0,deepseek-r1-distill-llama-70b,zero-shot,34,0,0,0,0.0,0.0,0.0,1.4.6|1.3.1|1.4.3,,,"Error code: 400 - {'error': {'message': 'The provided messages contain images, but deepseek-r1-distill-llama-70b does not support image inputs.', 'type': 'invalid_request_error', 'param': 'messages', 'code': 'invalid_value'}}",False,False,False,none,
8179331530_0,deepseek-r1-distill-llama-70b,zero-shot,17,0,0,0,0.0,0.0,0.0,2.4.6|2.4.2|1.3.1|3.1.1,,,"Error code: 400 - {'error': {'message': 'The provided messages contain images, but deepseek-r1-distill-llama-70b does not support image inputs.', 'type': 'invalid_request_error', 'param': 'messages', 'code': 'invalid_value'}}",False,False,False,none,
9513728892_0,deepseek-r1-distill-llama-70b,zero-shot,49,0,0,0,0.0,0.0,0.0,1.4.6|1.1.1|1.3.1|4.1.2,,,"Error code: 400 - {'error': {'message': 'The provided messages contain images, but deepseek-r1-distill-llama-70b does not support image inputs.', 'type': 'invalid_request_error', 'param': 'messages', 'code': 'invalid_value'}}",False,False,False,none,
7169554469_0,deepseek-r1-distill-llama-70b,zero-shot,36,0,0,0,0.0,0.0,0.0,1.1.1|2.4.6|1.3.1|1.4.6|4.1.1|4.1.2|1.4.3,,,"Error code: 400 - {'error': {'message': 'The provided messages contain images, but deepseek-r1-distill-llama-70b does not support image inputs.', 'type': 'invalid_request_error', 'param': 'messages', 'code': 'invalid_value'}}",False,False,False,none,
702203214_0,deepseek-r1-distill-llama-70b,zero-shot,40,0,0,0,0.0,0.0,0.0,1.4.6|1.1.1|1.3.1,,,"Error code: 400 - {'error': {'message': 'The provided messages contain images, but deepseek-r1-distill-llama-70b does not support image inputs.', 'type': 'invalid_request_error', 'param': 'messages', 'code': 'invalid_value'}}",False,False,False,none,
4183809767_0,deepseek-r1-distill-llama-70b,zero-shot,36,0,0,0,0.0,0.0,0.0,1.4.6|2.4.6|1.3.1,,,"Error code: 400 - {'error': {'message': 'The provided messages contain images, but deepseek-r1-distill-llama-70b does not support image inputs.', 'type': 'invalid_request_error', 'param': 'messages', 'code': 'invalid_value'}}",False,False,False,none,
9115778574_0,deepseek-r1-distill-llama-70b,zero-shot,56,0,0,0,0.0,0.0,0.0,1.4.6|1.3.1,,,"Error code: 400 - {'error': {'message': 'The provided messages contain images, but deepseek-r1-distill-llama-70b does not support image inputs.', 'type': 'invalid_request_error', 'param': 'messages', 'code': 'invalid_value'}}",False,False,False,none,
5511408010_0,deepseek-r1-distill-llama-70b,zero-shot,39,0,0,0,0.0,0.0,0.0,2.4.6|1.3.1|2.4.4|2.4.9|4.1.2,,,"Error code: 400 - {'error': {'message': 'The provided messages contain images, but deepseek-r1-distill-llama-70b does not support image inputs.', 'type': 'invalid_request_error', 'param': 'messages', 'code': 'invalid_value'}}",False,False,False,none,
7611853384_0,deepseek-r1-distill-llama-70b,zero-shot,50,0,0,0,0.0,0.0,0.0,1.4.6|1.3.1,,,"Error code: 400 - {'error': {'message': 'The provided messages contain images, but deepseek-r1-distill-llama-70b does not support image inputs.', 'type': 'invalid_request_error', 'param': 'messages', 'code': 'invalid_value'}}",False,False,False,none,
6171806211_0,deepseek-r1-distill-llama-70b,zero-shot,46,0,0,0,0.0,0.0,0.0,1.4.6|1.3.1|4.1.1,,,"Error code: 400 - {'error': {'message': 'The provided messages contain images, but deepseek-r1-distill-llama-70b does not support image inputs.', 'type': 'invalid_request_error', 'param': 'messages', 'code': 'invalid_value'}}",False,False,False,none,
944160244_0,deepseek-r1-distill-llama-70b,zero-shot,37,0,0,0,0.0,0.0,0.0,1.4.6|2.4.9|2.4.4|4.1.1|3.3.2|4.1.2|1.3.1|1.4.3,,,"Error code: 400 - {'error': {'message': 'The provided messages contain images, but deepseek-r1-distill-llama-70b does not support image inputs.', 'type': 'invalid_request_error', 'param': 'messages', 'code': 'invalid_value'}}",False,False,False,none,
7014268699_0,deepseek-r1-distill-llama-70b,zero-shot,41,0,0,0,0.0,0.0,0.0,1.4.3|1.3.1|1.4.6|4.1.2,,,"Error code: 400 - {'error': {'message': 'The provided messages contain images, but deepseek-r1-distill-llama-70b does not support image inputs.', 'type': 'invalid_request_error', 'param': 'messages', 'code': 'invalid_value'}}",False,False,False,none,
344_0,deepseek-r1-distill-llama-70b,zero-shot,33,0,0,0,0.0,0.0,0.0,1.3.1|2.4.9|1.4.6|2.4.4|4.1.1|4.1.2,,,"Error code: 400 - {'error': {'message': 'The provided messages contain images, but deepseek-r1-distill-llama-70b does not support image inputs.', 'type': 'invalid_request_error', 'param': 'messages', 'code': 'invalid_value'}}",False,False,False,none,
805430153_0,deepseek-r1-distill-llama-70b,zero-shot,26,0,0,0,0.0,0.0,0.0,2.4.6|1.3.1|2.4.9|1.4.6|2.4.4|4.1.1|4.1.2|1.4.3,,,"Error code: 400 - {'error': {'message': 'The provided messages contain images, but deepseek-r1-distill-llama-70b does not support image inputs.', 'type': 'invalid_request_error', 'param': 'messages', 'code': 'invalid_value'}}",False,False,False,none,
4927888957_0,deepseek-r1-distill-llama-70b,zero-shot,31,0,0,0,0.0,0.0,0.0,1.3.1|3.1.1,,,"Error code: 400 - {'error': {'message': 'The provided messages contain images, but deepseek-r1-distill-llama-70b does not support image inputs.', 'type': 'invalid_request_error', 'param': 'messages', 'code': 'invalid_value'}}",False,False,False,none,
5439488327_0,deepseek-r1-distill-llama-70b,zero-shot,32,0,0,0,0.0,0.0,0.0,1.1.1|1.3.1|3.1.1|1.4.6,,,"Error code: 400 - {'error': {'message': 'The provided messages contain images, but deepseek-r1-distill-llama-70b does not support image inputs.', 'type': 'invalid_request_error', 'param': 'messages', 'code': 'invalid_value'}}",False,False,False,none,
68_0,deepseek-r1-distill-llama-70b,zero-shot,31,0,0,0,0.0,0.0,0.0,1.4.6|4.1.1|4.1.2,,,"Error code: 400 - {'error': {'message': 'The provided messages contain images, but deepseek-r1-distill-llama-70b does not support image inputs.', 'type': 'invalid_request_error', 'param': 'messages', 'code': 'invalid_value'}}",False,False,False,none,
382_0,deepseek-r1-distill-llama-70b,zero-shot,32,0,0,0,0.0,0.0,0.0,1.1.1|1.4.6|2.4.9|2.4.4|4.1.1|4.1.2|1.3.1|1.4.3,,,"Error code: 400 - {'error': {'message': 'The provided messages contain images, but deepseek-r1-distill-llama-70b does not support image inputs.', 'type': 'invalid_request_error', 'param': 'messages', 'code': 'invalid_value'}}",False,False,False,none,
244_0,deepseek-r1-distill-llama-70b,zero-shot,40,0,0,0,0.0,0.0,0.0,1.3.1|2.4.9|1.4.6|2.4.4|4.1.1|1.4.3,,,"Error code: 400 - {'error': {'message': 'The provided messages contain images, but deepseek-r1-distill-llama-70b does not support image inputs.', 'type': 'invalid_request_error', 'param': 'messages', 'code': 'invalid_value'}}",False,False,False,none,
1631804793_0,deepseek-r1-distill-llama-70b,zero-shot,30,0,0,0,0.0,0.0,0.0,2.4.3|1.3.1|2.4.9|1.4.6|2.1.1|2.4.4|4.1.1|4.1.2,,,"Error code: 400 - {'error': {'message': 'The provided messages contain images, but deepseek-r1-distill-llama-70b does not support image inputs.', 'type': 'invalid_request_error', 'param': 'messages', 'code': 'invalid_value'}}",False,False,False,none,
5108022623_0,deepseek-r1-distill-llama-70b,zero-shot,56,0,0,0,0.0,0.0,0.0,1.4.6|1.1.1|1.3.1|4.1.1,,,"Error code: 400 - {'error': {'message': 'The provided messages contain images, but deepseek-r1-distill-llama-70b does not support image inputs.', 'type': 'invalid_request_error', 'param': 'messages', 'code': 'invalid_value'}}",False,False,False,none,
6323163136_0,deepseek-r1-distill-llama-70b,zero-shot,34,0,0,0,0.0,0.0,0.0,1.4.6|4.1.2,,,"Error code: 400 - {'error': {'message': 'The provided messages contain images, but deepseek-r1-distill-llama-70b does not support image inputs.', 'type': 'invalid_request_error', 'param': 'messages', 'code': 'invalid_value'}}",False,False,False,none,
2099407450_0,deepseek-r1-distill-llama-70b,zero-shot,29,0,0,0,0.0,0.0,0.0,2.4.6|1.3.1|2.4.4|2.4.9,,,"Error code: 400 - {'error': {'message': 'The provided messages contain images, but deepseek-r1-distill-llama-70b does not support image inputs.', 'type': 'invalid_request_error', 'param': 'messages', 'code': 'invalid_value'}}",False,False,False,none,
1161701424_0,deepseek-r1-distill-llama-70b,zero-shot,36,0,0,0,0.0,0.0,0.0,2.4.1|1.4.6|2.1.1|2.4.9|2.4.4|4.1.1|4.1.2|2.4.6|1.3.1,,,"Error code: 400 - {'error': {'message': 'The provided messages contain images, but deepseek-r1-distill-llama-70b does not support image inputs.', 'type': 'invalid_request_error', 'param': 'messages', 'code': 'invalid_value'}}",False,False,False,none,
9219227082_0,deepseek-r1-distill-llama-70b,zero-shot,37,0,0,0,0.0,0.0,0.0,1.4.6,,,"Error code: 400 - {'error': {'message': 'The provided messages contain images, but deepseek-r1-distill-llama-70b does not support image inputs.', 'type': 'invalid_request_error', 'param': 'messages', 'code': 'invalid_value'}}",False,False,False,none,
739501289_0,deepseek-r1-distill-llama-70b,zero-shot,36,0,0,0,0.0,0.0,0.0,1.4.12|1.3.1|2.4.9|1.4.6|2.4.4|4.1.1|4.1.2,,,"Error code: 400 - {'error': {'message': 'The provided messages contain images, but deepseek-r1-distill-llama-70b does not support image inputs.', 'type': 'invalid_request_error', 'param': 'messages', 'code': 'invalid_value'}}",False,False,False,none,
2848237884_0,deepseek-r1-distill-llama-70b,zero-shot,46,0,0,0,0.0,0.0,0.0,1.3.1|1.4.6|4.1.1|4.1.2,,,"Error code: 400 - {'error': {'message': 'The provided messages contain images, but deepseek-r1-distill-llama-70b does not support image inputs.', 'type': 'invalid_request_error', 'param': 'messages', 'code': 'invalid_value'}}",False,False,False,none,
8185584488_0,deepseek-r1-distill-llama-70b,zero-shot,30,0,0,0,0.0,0.0,0.0,2.4.6|1.3.1|1.4.6|4.1.1,,,"Error code: 400 - {'error': {'message': 'The provided messages contain images, but deepseek-r1-distill-llama-70b does not support image inputs.', 'type': 'invalid_request_error', 'param': 'messages', 'code': 'invalid_value'}}",False,False,False,none,
7644158705_0,deepseek-r1-distill-llama-70b,zero-shot,29,0,0,0,0.0,0.0,0.0,1.4.6|4.1.1|1.4.3,,,"Error code: 400 - {'error': {'message': 'The provided messages contain images, but deepseek-r1-distill-llama-70b does not support image inputs.', 'type': 'invalid_request_error', 'param': 'messages', 'code': 'invalid_value'}}",False,False,False,none,
2459242315_0,deepseek-r1-distill-llama-70b,zero-shot,68,0,0,0,0.0,0.0,0.0,2.4.6|1.3.1|3.1.1|2.4.4|2.4.9,,,"Error code: 400 - {'error': {'message': 'The provided messages contain images, but deepseek-r1-distill-llama-70b does not support image inputs.', 'type': 'invalid_request_error', 'param': 'messages', 'code': 'invalid_value'}}",False,False,False,none,
1472999600_0,deepseek-r1-distill-llama-70b,zero-shot,46,0,0,0,0.0,0.0,0.0,2.4.6|1.1.1|1.3.1|1.4.6|4.1.1|4.1.2|1.4.3,,,"Error code: 400 - {'error': {'message': 'The provided messages contain images, but deepseek-r1-distill-llama-70b does not support image inputs.', 'type': 'invalid_request_error', 'param': 'messages', 'code': 'invalid_value'}}",False,False,False,none,
8734339493_0,deepseek-r1-distill-llama-70b,zero-shot,40,0,0,0,0.0,0.0,0.0,1.4.6|1.1.1|1.3.1|4.1.1,,,"Error code: 400 - {'error': {'message': 'The provided messages contain images, but deepseek-r1-distill-llama-70b does not support image inputs.', 'type': 'invalid_request_error', 'param': 'messages', 'code': 'invalid_value'}}",False,False,False,none,
354_0,deepseek-r1-distill-llama-70b,zero-shot,38,0,0,0,0.0,0.0,0.0,1.4.6|1.3.1|4.1.2,,,"Error code: 400 - {'error': {'message': 'The provided messages contain images, but deepseek-r1-distill-llama-70b does not support image inputs.', 'type': 'invalid_request_error', 'param': 'messages', 'code': 'invalid_value'}}",False,False,False,none,
7928264163_0,deepseek-r1-distill-llama-70b,zero-shot,42,0,0,0,0.0,0.0,0.0,1.3.1|2.4.9|1.4.6|2.4.4|4.1.1|4.1.2|1.4.3,,,"Error code: 400 - {'error': {'message': 'The provided messages contain images, but deepseek-r1-distill-llama-70b does not support image inputs.', 'type': 'invalid_request_error', 'param': 'messages', 'code': 'invalid_value'}}",False,False,False,none,
6768581677_0,deepseek-r1-distill-llama-70b,zero-shot,49,0,0,0,0.0,0.0,0.0,1.4.6|1.3.1|4.1.1,,,"Error code: 400 - {'error': {'message': 'The provided messages contain images, but deepseek-r1-distill-llama-70b does not support image inputs.', 'type': 'invalid_request_error', 'param': 'messages', 'code': 'invalid_value'}}",False,False,False,none,
1885857067_0,deepseek-r1-distill-llama-70b,zero-shot,37,0,0,0,0.0,0.0,0.0,2.4.6|1.4.6|1.1.1|1.4.3,,,"Error code: 400 - {'error': {'message': 'The provided messages contain images, but deepseek-r1-distill-llama-70b does not support image inputs.', 'type': 'invalid_request_error', 'param': 'messages', 'code': 'invalid_value'}}",False,False,False,none,
5385474195_0,deepseek-r1-distill-llama-70b,zero-shot,27,0,0,0,0.0,0.0,0.0,1.4.6|1.3.1|4.1.2,,,"Error code: 400 - {'error': {'message': 'The provided messages contain images, but deepseek-r1-distill-llama-70b does not support image inputs.', 'type': 'invalid_request_error', 'param': 'messages', 'code': 'invalid_value'}}",False,False,False,none,
4888426482_0,deepseek-r1-distill-llama-70b,zero-shot,42,0,0,0,0.0,0.0,0.0,2.4.1|1.4.6|2.4.9|2.4.4|4.1.1|4.1.2|2.4.6|1.3.1|1.4.4|1.4.3,,,"Error code: 400 - {'error': {'message': 'The provided messages contain images, but deepseek-r1-distill-llama-70b does not support image inputs.', 'type': 'invalid_request_error', 'param': 'messages', 'code': 'invalid_value'}}",False,False,False,none,
236_0,deepseek-r1-distill-llama-70b,zero-shot,31,0,0,0,0.0,0.0,0.0,1.3.1,,,"Error code: 400 - {'error': {'message': 'The provided messages contain images, but deepseek-r1-distill-llama-70b does not support image inputs.', 'type': 'invalid_request_error', 'param': 'messages', 'code': 'invalid_value'}}",False,False,False,none,
4365991990_0,deepseek-r1-distill-llama-70b,zero-shot,35,0,0,0,0.0,0.0,0.0,1.1.1|1.4.6|2.4.9|2.4.4|4.1.1|4.1.2|1.3.1|1.4.3,,,"Error code: 400 - {'error': {'message': 'The provided messages contain images, but deepseek-r1-distill-llama-70b does not support image inputs.', 'type': 'invalid_request_error', 'param': 'messages', 'code': 'invalid_value'}}",False,False,False,none,
1072199356_0,deepseek-r1-distill-llama-70b,zero-shot,29,0,0,0,0.0,0.0,0.0,1.3.1,,,"Error code: 400 - {'error': {'message': 'The provided messages contain images, but deepseek-r1-distill-llama-70b does not support image inputs.', 'type': 'invalid_request_error', 'param': 'messages', 'code': 'invalid_value'}}",False,False,False,none,
4912544535_0,deepseek-r1-distill-llama-70b,zero-shot,35,0,0,0,0.0,0.0,0.0,1.1.1|1.4.6|2.4.9|2.4.4|4.1.1|4.1.2|1.3.1|1.4.4|1.4.3,,,"Error code: 400 - {'error': {'message': 'The provided messages contain images, but deepseek-r1-distill-llama-70b does not support image inputs.', 'type': 'invalid_request_error', 'param': 'messages', 'code': 'invalid_value'}}",False,False,False,none,
1506920243_0,deepseek-r1-distill-llama-70b,zero-shot,31,0,0,0,0.0,0.0,0.0,2.4.6|1.3.1|3.1.1,,,"Error code: 400 - {'error': {'message': 'The provided messages contain images, but deepseek-r1-distill-llama-70b does not support image inputs.', 'type': 'invalid_request_error', 'param': 'messages', 'code': 'invalid_value'}}",False,False,False,none,
508_0,deepseek-r1-distill-llama-70b,zero-shot,41,0,0,0,0.0,0.0,0.0,1.1.1|1.3.1|1.4.6|2.4.4|2.4.9|4.1.2,,,"Error code: 400 - {'error': {'message': 'The provided messages contain images, but deepseek-r1-distill-llama-70b does not support image inputs.', 'type': 'invalid_request_error', 'param': 'messages', 'code': 'invalid_value'}}",False,False,False,none,
506_0,deepseek-r1-distill-llama-70b,zero-shot,45,0,0,0,0.0,0.0,0.0,1.1.1|1.3.1|1.4.6|2.4.4|2.4.9|4.1.2,,,"Error code: 400 - {'error': {'message': 'The provided messages contain images, but deepseek-r1-distill-llama-70b does not support image inputs.', 'type': 'invalid_request_error', 'param': 'messages', 'code': 'invalid_value'}}",False,False,False,none,
507_0,deepseek-r1-distill-llama-70b,zero-shot,36,0,0,0,0.0,0.0,0.0,1.1.1|1.3.1|1.4.6|2.4.4|2.4.9|4.1.2,,,"Error code: 400 - {'error': {'message': 'The provided messages contain images, but deepseek-r1-distill-llama-70b does not support image inputs.', 'type': 'invalid_request_error', 'param': 'messages', 'code': 'invalid_value'}}",False,False,False,none,
26_0,deepseek-r1-distill-llama-70b,zero-shot,34,0,0,0,0.0,0.0,0.0,1.1.1|1.3.1|1.4.6|2.4.4|2.4.9|4.1.2|1.4.3,,,"Error code: 400 - {'error': {'message': 'The provided messages contain images, but deepseek-r1-distill-llama-70b does not support image inputs.', 'type': 'invalid_request_error', 'param': 'messages', 'code': 'invalid_value'}}",False,False,False,none,
9990083020_0,deepseek-r1-distill-llama-70b,zero-shot,46,0,0,0,0.0,0.0,0.0,1.4.6|2.4.6|1.3.1,,,"Error code: 400 - {'error': {'message': 'The provided messages contain images, but deepseek-r1-distill-llama-70b does not support image inputs.', 'type': 'invalid_request_error', 'param': 'messages', 'code': 'invalid_value'}}",False,False,False,none,
38_0,deepseek-r1-distill-llama-70b,zero-shot,33,0,0,0,0.0,0.0,0.0,2.4.6|2.4.2|1.3.1|3.1.1,,,"Error code: 400 - {'error': {'message': 'The provided messages contain images, but deepseek-r1-distill-llama-70b does not support image inputs.', 'type': 'invalid_request_error', 'param': 'messages', 'code': 'invalid_value'}}",False,False,False,none,
6413090819_0,deepseek-r1-distill-llama-70b,zero-shot,47,0,0,0,0.0,0.0,0.0,1.4.6|1.3.1|1.4.3,,,"Error code: 400 - {'error': {'message': 'The provided messages contain images, but deepseek-r1-distill-llama-70b does not support image inputs.', 'type': 'invalid_request_error', 'param': 'messages', 'code': 'invalid_value'}}",False,False,False,none,
252_0,deepseek-r1-distill-llama-70b,zero-shot,34,0,0,0,0.0,0.0,0.0,1.1.1|1.3.1|2.4.9|1.4.6|2.4.4|4.1.1|1.4.3,,,"Error code: 400 - {'error': {'message': 'The provided messages contain images, but deepseek-r1-distill-llama-70b does not support image inputs.', 'type': 'invalid_request_error', 'param': 'messages', 'code': 'invalid_value'}}",False,False,False,none,
3221942806_0,deepseek-r1-distill-llama-70b,zero-shot,49,0,0,0,0.0,0.0,0.0,3.3.2|1.4.6|1.4.3,,,"Error code: 400 - {'error': {'message': 'The provided messages contain images, but deepseek-r1-distill-llama-70b does not support image inputs.', 'type': 'invalid_request_error', 'param': 'messages', 'code': 'invalid_value'}}",False,False,False,none,
169_0,deepseek-r1-distill-llama-70b,zero-shot,45,0,0,0,0.0,0.0,0.0,1.3.1|1.4.4|1.4.6|4.1.1|4.1.2,,,"Error code: 400 - {'error': {'message': 'The provided messages contain images, but deepseek-r1-distill-llama-70b does not support image inputs.', 'type': 'invalid_request_error', 'param': 'messages', 'code': 'invalid_value'}}",False,False,False,none,
6699878654_0,deepseek-r1-distill-llama-70b,zero-shot,43,0,0,0,0.0,0.0,0.0,1.1.1|1.4.6|2.4.4|2.4.9|4.1.2|2.4.6|1.3.1|1.4.3,,,"Error code: 400 - {'error': {'message': 'The provided messages contain images, but deepseek-r1-distill-llama-70b does not support image inputs.', 'type': 'invalid_request_error', 'param': 'messages', 'code': 'invalid_value'}}",False,False,False,none,
392_0,deepseek-r1-distill-llama-70b,zero-shot,32,0,0,0,0.0,0.0,0.0,1.1.1|1.4.6|2.4.9|2.4.4|4.1.1|1.3.1|1.4.4|1.4.3,,,"Error code: 400 - {'error': {'message': 'The provided messages contain images, but deepseek-r1-distill-llama-70b does not support image inputs.', 'type': 'invalid_request_error', 'param': 'messages', 'code': 'invalid_value'}}",False,False,False,none,
326_0,deepseek-r1-distill-llama-70b,zero-shot,34,0,0,0,0.0,0.0,0.0,1.3.1|1.4.4|1.4.6|4.1.2|1.4.3,,,"Error code: 400 - {'error': {'message': 'The provided messages contain images, but deepseek-r1-distill-llama-70b does not support image inputs.', 'type': 'invalid_request_error', 'param': 'messages', 'code': 'invalid_value'}}",False,False,False,none,
9915679548_0,deepseek-r1-distill-llama-70b,zero-shot,32,0,0,0,0.0,0.0,0.0,1.1.1|1.3.1|1.4.6|2.4.4|2.4.9|1.4.3,,,"Error code: 400 - {'error': {'message': 'The provided messages contain images, but deepseek-r1-distill-llama-70b does not support image inputs.', 'type': 'invalid_request_error', 'param': 'messages', 'code': 'invalid_value'}}",False,False,False,none,
3131917710_0,deepseek-r1-distill-llama-70b,zero-shot,26,0,0,0,0.0,0.0,0.0,1.3.1|2.4.9|1.4.6|2.4.4|4.1.1|4.1.2|1.4.3,,,"Error code: 400 - {'error': {'message': 'The provided messages contain images, but deepseek-r1-distill-llama-70b does not support image inputs.', 'type': 'invalid_request_error', 'param': 'messages', 'code': 'invalid_value'}}",False,False,False,none,
145563147_0,deepseek-r1-distill-llama-70b,zero-shot,30,0,0,0,0.0,0.0,0.0,2.4.6|2.4.2|1.3.1|3.1.1,,,"Error code: 400 - {'error': {'message': 'The provided messages contain images, but deepseek-r1-distill-llama-70b does not support image inputs.', 'type': 'invalid_request_error', 'param': 'messages', 'code': 'invalid_value'}}",False,False,False,none,
5881075695_0,deepseek-r1-distill-llama-70b,zero-shot,33,0,0,0,0.0,0.0,0.0,1.4.6|1.3.1,,,"Error code: 400 - {'error': {'message': 'The provided messages contain images, but deepseek-r1-distill-llama-70b does not support image inputs.', 'type': 'invalid_request_error', 'param': 'messages', 'code': 'invalid_value'}}",False,False,False,none,
1851235277_0,deepseek-r1-distill-llama-70b,zero-shot,23,0,0,0,0.0,0.0,0.0,1.3.1|1.4.4|3.1.1|1.4.6,,,"Error code: 400 - {'error': {'message': 'The provided messages contain images, but deepseek-r1-distill-llama-70b does not support image inputs.', 'type': 'invalid_request_error', 'param': 'messages', 'code': 'invalid_value'}}",False,False,False,none,
265528793_0,deepseek-r1-distill-llama-70b,zero-shot,43,0,0,0,0.0,0.0,0.0,2.4.3|1.4.3|1.3.1|1.4.4|1.4.6|2.1.1|4.1.2,,,"Error code: 400 - {'error': {'message': 'The provided messages contain images, but deepseek-r1-distill-llama-70b does not support image inputs.', 'type': 'invalid_request_error', 'param': 'messages', 'code': 'invalid_value'}}",False,False,False,none,
4097069082_0,deepseek-r1-distill-llama-70b,zero-shot,39,0,0,0,0.0,0.0,0.0,1.4.6|1.1.1|1.3.1|1.4.3,,,"Error code: 400 - {'error': {'message': 'The provided messages contain images, but deepseek-r1-distill-llama-70b does not support image inputs.', 'type': 'invalid_request_error', 'param': 'messages', 'code': 'invalid_value'}}",False,False,False,none,
7632242029_0,deepseek-r1-distill-llama-70b,zero-shot,35,0,0,0,0.0,0.0,0.0,1.3.1,,,"Error code: 400 - {'error': {'message': 'The provided messages contain images, but deepseek-r1-distill-llama-70b does not support image inputs.', 'type': 'invalid_request_error', 'param': 'messages', 'code': 'invalid_value'}}",False,False,False,none,
5921955571_0,deepseek-r1-distill-llama-70b,zero-shot,26,0,0,0,0.0,0.0,0.0,2.4.6|1.1.1|1.3.1|1.4.4|1.4.6|4.1.2|1.4.3,,,"Error code: 400 - {'error': {'message': 'The provided messages contain images, but deepseek-r1-distill-llama-70b does not support image inputs.', 'type': 'invalid_request_error', 'param': 'messages', 'code': 'invalid_value'}}",False,False,False,none,
8066758432_0,deepseek-r1-distill-llama-70b,zero-shot,31,0,0,0,0.0,0.0,0.0,2.4.6|4.1.1,,,"Error code: 400 - {'error': {'message': 'The provided messages contain images, but deepseek-r1-distill-llama-70b does not support image inputs.', 'type': 'invalid_request_error', 'param': 'messages', 'code': 'invalid_value'}}",False,False,False,none,
9533668246_0,deepseek-r1-distill-llama-70b,zero-shot,30,0,0,0,0.0,0.0,0.0,2.4.6|1.3.1|1.4.6|4.1.2|1.4.3,,,"Error code: 400 - {'error': {'message': 'The provided messages contain images, but deepseek-r1-distill-llama-70b does not support image inputs.', 'type': 'invalid_request_error', 'param': 'messages', 'code': 'invalid_value'}}",False,False,False,none,
9458755226_0,deepseek-r1-distill-llama-70b,zero-shot,32,0,0,0,0.0,0.0,0.0,1.3.1|1.4.6|2.4.4|2.4.9|4.1.2|1.4.3,,,"Error code: 400 - {'error': {'message': 'The provided messages contain images, but deepseek-r1-distill-llama-70b does not support image inputs.', 'type': 'invalid_request_error', 'param': 'messages', 'code': 'invalid_value'}}",False,False,False,none,
4264400098_0,deepseek-r1-distill-llama-70b,zero-shot,34,0,0,0,0.0,0.0,0.0,1.3.1|2.4.9|1.4.6|2.4.4|4.1.1|4.1.2|1.4.3,,,"Error code: 400 - {'error': {'message': 'The provided messages contain images, but deepseek-r1-distill-llama-70b does not support image inputs.', 'type': 'invalid_request_error', 'param': 'messages', 'code': 'invalid_value'}}",False,False,False,none,
8602576754_0,deepseek-r1-distill-llama-70b,zero-shot,32,0,0,0,0.0,0.0,0.0,2.4.6|2.4.2|1.3.1|3.1.1,,,"Error code: 400 - {'error': {'message': 'The provided messages contain images, but deepseek-r1-distill-llama-70b does not support image inputs.', 'type': 'invalid_request_error', 'param': 'messages', 'code': 'invalid_value'}}",False,False,False,none,
3876207056_0,deepseek-r1-distill-llama-70b,zero-shot,29,0,0,0,0.0,0.0,0.0,1.4.6,,,"Error code: 400 - {'error': {'message': 'The provided messages contain images, but deepseek-r1-distill-llama-70b does not support image inputs.', 'type': 'invalid_request_error', 'param': 'messages', 'code': 'invalid_value'}}",False,False,False,none,
263_0,deepseek-r1-distill-llama-70b,zero-shot,27,0,0,0,0.0,0.0,0.0,2.4.6|2.4.2|1.3.1|3.1.1|4.1.2,,,"Error code: 400 - {'error': {'message': 'The provided messages contain images, but deepseek-r1-distill-llama-70b does not support image inputs.', 'type': 'invalid_request_error', 'param': 'messages', 'code': 'invalid_value'}}",False,False,False,none,
119_0,deepseek-r1-distill-llama-70b,zero-shot,35,0,0,0,0.0,0.0,0.0,2.4.6|1.1.1|1.3.1|1.4.6|4.1.1,,,"Error code: 400 - {'error': {'message': 'The provided messages contain images, but deepseek-r1-distill-llama-70b does not support image inputs.', 'type': 'invalid_request_error', 'param': 'messages', 'code': 'invalid_value'}}",False,False,False,none,
234_0,deepseek-r1-distill-llama-70b,zero-shot,45,0,0,0,0.0,0.0,0.0,3.3.2|1.4.6|1.3.1|1.4.3,,,"Error code: 400 - {'error': {'message': 'The provided messages contain images, but deepseek-r1-distill-llama-70b does not support image inputs.', 'type': 'invalid_request_error', 'param': 'messages', 'code': 'invalid_value'}}",False,False,False,none,
420_0,deepseek-r1-distill-llama-70b,zero-shot,44,0,0,0,0.0,0.0,0.0,1.4.6|1.3.1,,,"Error code: 400 - {'error': {'message': 'The provided messages contain images, but deepseek-r1-distill-llama-70b does not support image inputs.', 'type': 'invalid_request_error', 'param': 'messages', 'code': 'invalid_value'}}",False,False,False,none,
58_0,deepseek-r1-distill-llama-70b,zero-shot,27,0,0,0,0.0,0.0,0.0,1.3.1,,,"Error code: 400 - {'error': {'message': 'The provided messages contain images, but deepseek-r1-distill-llama-70b does not support image inputs.', 'type': 'invalid_request_error', 'param': 'messages', 'code': 'invalid_value'}}",False,False,False,none,
413_0,deepseek-r1-distill-llama-70b,zero-shot,36,0,0,0,0.0,0.0,0.0,1.4.6|4.1.1,,,"Error code: 400 - {'error': {'message': 'The provided messages contain images, but deepseek-r1-distill-llama-70b does not support image inputs.', 'type': 'invalid_request_error', 'param': 'messages', 'code': 'invalid_value'}}",False,False,False,none,
4807426702_0,deepseek-r1-distill-llama-70b,zero-shot,28,0,0,0,0.0,0.0,0.0,2.4.6|1.3.1,,,"Error code: 400 - {'error': {'message': 'The provided messages contain images, but deepseek-r1-distill-llama-70b does not support image inputs.', 'type': 'invalid_request_error', 'param': 'messages', 'code': 'invalid_value'}}",False,False,False,none,
3531794931_0,deepseek-r1-distill-llama-70b,zero-shot,35,0,0,0,0.0,0.0,0.0,1.3.1|1.4.4|1.4.6|4.1.1|1.4.3,,,"Error code: 400 - {'error': {'message': 'The provided messages contain images, but deepseek-r1-distill-llama-70b does not support image inputs.', 'type': 'invalid_request_error', 'param': 'messages', 'code': 'invalid_value'}}",False,False,False,none,
8774465854_0,deepseek-r1-distill-llama-70b,zero-shot,47,0,0,0,0.0,0.0,0.0,1.1.1|1.3.1|1.4.6|2.4.4|2.4.9|4.1.2|1.4.3,,,"Error code: 400 - {'error': {'message': 'The provided messages contain images, but deepseek-r1-distill-llama-70b does not support image inputs.', 'type': 'invalid_request_error', 'param': 'messages', 'code': 'invalid_value'}}",False,False,False,none,
9055889873_0,deepseek-r1-distill-llama-70b,zero-shot,28,0,0,0,0.0,0.0,0.0,1.3.1|3.1.1,,,"Error code: 400 - {'error': {'message': 'The provided messages contain images, but deepseek-r1-distill-llama-70b does not support image inputs.', 'type': 'invalid_request_error', 'param': 'messages', 'code': 'invalid_value'}}",False,False,False,none,
107_0,deepseek-r1-distill-llama-70b,zero-shot,53,0,0,0,0.0,0.0,0.0,2.4.6|1.1.1,,,"Error code: 400 - {'error': {'message': 'The provided messages contain images, but deepseek-r1-distill-llama-70b does not support image inputs.', 'type': 'invalid_request_error', 'param': 'messages', 'code': 'invalid_value'}}",False,False,False,none,
6153424620_0,deepseek-r1-distill-llama-70b,zero-shot,53,0,0,0,0.0,0.0,0.0,1.1.1|2.4.6|1.3.1|1.4.4|1.4.6|4.1.2|1.4.3,,,"Error code: 400 - {'error': {'message': 'The provided messages contain images, but deepseek-r1-distill-llama-70b does not support image inputs.', 'type': 'invalid_request_error', 'param': 'messages', 'code': 'invalid_value'}}",False,False,False,none,
4113932095_0,deepseek-r1-distill-llama-70b,zero-shot,37,0,0,0,0.0,0.0,0.0,1.3.1|2.4.9|1.4.6|2.4.4|4.1.1|1.4.3,,,"Error code: 400 - {'error': {'message': 'The provided messages contain images, but deepseek-r1-distill-llama-70b does not support image inputs.', 'type': 'invalid_request_error', 'param': 'messages', 'code': 'invalid_value'}}",False,False,False,none,
4391300162_0,deepseek-r1-distill-llama-70b,zero-shot,34,0,0,0,0.0,0.0,0.0,1.4.6|1.3.1|4.1.1|4.1.2,,,"Error code: 400 - {'error': {'message': 'The provided messages contain images, but deepseek-r1-distill-llama-70b does not support image inputs.', 'type': 'invalid_request_error', 'param': 'messages', 'code': 'invalid_value'}}",False,False,False,none,
3562170487_0,deepseek-r1-distill-llama-70b,zero-shot,41,0,0,0,0.0,0.0,0.0,2.4.6|1.3.1|1.4.4|1.4.6|4.1.1|4.1.2|1.4.3,,,"Error code: 400 - {'error': {'message': 'The provided messages contain images, but deepseek-r1-distill-llama-70b does not support image inputs.', 'type': 'invalid_request_error', 'param': 'messages', 'code': 'invalid_value'}}",False,False,False,none,
305_0,deepseek-r1-distill-llama-70b,zero-shot,32,0,0,0,0.0,0.0,0.0,1.4.6|2.4.6|1.3.1|1.4.3,,,"Error code: 400 - {'error': {'message': 'The provided messages contain images, but deepseek-r1-distill-llama-70b does not support image inputs.', 'type': 'invalid_request_error', 'param': 'messages', 'code': 'invalid_value'}}",False,False,False,none,
2044150440_0,deepseek-r1-distill-llama-70b,zero-shot,35,0,0,0,0.0,0.0,0.0,2.4.6|1.1.1|1.4.6|2.4.4|2.4.9,,,"Error code: 400 - {'error': {'message': 'The provided messages contain images, but deepseek-r1-distill-llama-70b does not support image inputs.', 'type': 'invalid_request_error', 'param': 'messages', 'code': 'invalid_value'}}",False,False,False,none,
4073569427_0,deepseek-r1-distill-llama-70b,zero-shot,31,0,0,0,0.0,0.0,0.0,1.3.1,,,"Error code: 400 - {'error': {'message': 'The provided messages contain images, but deepseek-r1-distill-llama-70b does not support image inputs.', 'type': 'invalid_request_error', 'param': 'messages', 'code': 'invalid_value'}}",False,False,False,none,
8562170592_0,deepseek-r1-distill-llama-70b,zero-shot,25,0,0,0,0.0,0.0,0.0,2.4.6|1.3.1|3.1.1,,,"Error code: 400 - {'error': {'message': 'The provided messages contain images, but deepseek-r1-distill-llama-70b does not support image inputs.', 'type': 'invalid_request_error', 'param': 'messages', 'code': 'invalid_value'}}",False,False,False,none,
2656435105_0,deepseek-r1-distill-llama-70b,zero-shot,44,0,0,0,0.0,0.0,0.0,1.1.1|1.4.6|2.4.9|2.4.4|4.1.1|4.1.2|2.4.6|1.3.1|1.4.4|1.4.3,,,"Error code: 400 - {'error': {'message': 'The provided messages contain images, but deepseek-r1-distill-llama-70b does not support image inputs.', 'type': 'invalid_request_error', 'param': 'messages', 'code': 'invalid_value'}}",False,False,False,none,
6256204254_0,deepseek-r1-distill-llama-70b,zero-shot,33,0,0,0,0.0,0.0,0.0,1.1.1|1.4.6|2.4.9|2.4.4|4.1.1|4.1.2|1.3.1|1.4.3,,,"Error code: 400 - {'error': {'message': 'The provided messages contain images, but deepseek-r1-distill-llama-70b does not support image inputs.', 'type': 'invalid_request_error', 'param': 'messages', 'code': 'invalid_value'}}",False,False,False,none,
511_0,deepseek-r1-distill-llama-70b,zero-shot,32,0,0,0,0.0,0.0,0.0,2.2.1,,,"Error code: 400 - {'error': {'message': 'The provided messages contain images, but deepseek-r1-distill-llama-70b does not support image inputs.', 'type': 'invalid_request_error', 'param': 'messages', 'code': 'invalid_value'}}",False,False,False,none,
440208167_0,deepseek-r1-distill-llama-70b,zero-shot,32,0,0,0,0.0,0.0,0.0,1.3.1|3.1.1,,,"Error code: 400 - {'error': {'message': 'The provided messages contain images, but deepseek-r1-distill-llama-70b does not support image inputs.', 'type': 'invalid_request_error', 'param': 'messages', 'code': 'invalid_value'}}",False,False,False,none,
2786295051_0,deepseek-r1-distill-llama-70b,zero-shot,36,0,0,0,0.0,0.0,0.0,1.4.6|1.4.3|1.3.1|4.1.2,,,"Error code: 400 - {'error': {'message': 'The provided messages contain images, but deepseek-r1-distill-llama-70b does not support image inputs.', 'type': 'invalid_request_error', 'param': 'messages', 'code': 'invalid_value'}}",False,False,False,none,
901536746_0,deepseek-r1-distill-llama-70b,zero-shot,30,0,0,0,0.0,0.0,0.0,1.4.6|1.3.1|1.4.4,,,"Error code: 400 - {'error': {'message': 'The provided messages contain images, but deepseek-r1-distill-llama-70b does not support image inputs.', 'type': 'invalid_request_error', 'param': 'messages', 'code': 'invalid_value'}}",False,False,False,none,
5537562569_0,deepseek-r1-distill-llama-70b,zero-shot,28,0,0,0,0.0,0.0,0.0,1.4.3|1.3.1|1.4.6|4.1.1|4.1.2,,,"Error code: 400 - {'error': {'message': 'The provided messages contain images, but deepseek-r1-distill-llama-70b does not support image inputs.', 'type': 'invalid_request_error', 'param': 'messages', 'code': 'invalid_value'}}",False,False,False,none,
2996541679_0,deepseek-r1-distill-llama-70b,zero-shot,51,0,0,0,0.0,0.0,0.0,1.4.6|1.3.1|1.4.4|4.1.2,,,"Error code: 400 - {'error': {'message': 'The provided messages contain images, but deepseek-r1-distill-llama-70b does not support image inputs.', 'type': 'invalid_request_error', 'param': 'messages', 'code': 'invalid_value'}}",False,False,False,none,
419_0,deepseek-r1-distill-llama-70b,zero-shot,37,0,0,0,0.0,0.0,0.0,1.1.1|1.3.1|1.4.6|4.1.1|4.1.2,,,"Error code: 400 - {'error': {'message': 'The provided messages contain images, but deepseek-r1-distill-llama-70b does not support image inputs.', 'type': 'invalid_request_error', 'param': 'messages', 'code': 'invalid_value'}}",False,False,False,none,
2973108458_0,deepseek-r1-distill-llama-70b,zero-shot,28,0,0,0,0.0,0.0,0.0,1.4.6|1.3.1|1.4.3,,,"Error code: 400 - {'error': {'message': 'The provided messages contain images, but deepseek-r1-distill-llama-70b does not support image inputs.', 'type': 'invalid_request_error', 'param': 'messages', 'code': 'invalid_value'}}",False,False,False,none,
7024248304_0,deepseek-r1-distill-llama-70b,zero-shot,39,0,0,0,0.0,0.0,0.0,1.3.1,,,"Error code: 400 - {'error': {'message': 'The provided messages contain images, but deepseek-r1-distill-llama-70b does not support image inputs.', 'type': 'invalid_request_error', 'param': 'messages', 'code': 'invalid_value'}}",False,False,False,none,
5138684180_0,deepseek-r1-distill-llama-70b,zero-shot,30,0,0,0,0.0,0.0,0.0,1.1.1|1.4.6|2.4.9|2.4.4|4.1.1|4.1.2|2.4.6|1.3.1,,,"Error code: 400 - {'error': {'message': 'The provided messages contain images, but deepseek-r1-distill-llama-70b does not support image inputs.', 'type': 'invalid_request_error', 'param': 'messages', 'code': 'invalid_value'}}",False,False,False,none,
93_0,deepseek-r1-distill-llama-70b,zero-shot,34,0,0,0,0.0,0.0,0.0,1.4.6|1.3.1|1.4.3,,,"Error code: 400 - {'error': {'message': 'The provided messages contain images, but deepseek-r1-distill-llama-70b does not support image inputs.', 'type': 'invalid_request_error', 'param': 'messages', 'code': 'invalid_value'}}",False,False,False,none,
8020577869_0,deepseek-r1-distill-llama-70b,zero-shot,35,0,0,0,0.0,0.0,0.0,2.4.6|1.1.1|1.3.1|1.4.6|4.1.1,,,"Error code: 400 - {'error': {'message': 'The provided messages contain images, but deepseek-r1-distill-llama-70b does not support image inputs.', 'type': 'invalid_request_error', 'param': 'messages', 'code': 'invalid_value'}}",False,False,False,none,
7490807377_0,deepseek-r1-distill-llama-70b,zero-shot,34,0,0,0,0.0,0.0,0.0,1.4.3|1.3.1|2.4.9|1.4.6|2.4.4|4.1.1|4.1.2,,,"Error code: 400 - {'error': {'message': 'The provided messages contain images, but deepseek-r1-distill-llama-70b does not support image inputs.', 'type': 'invalid_request_error', 'param': 'messages', 'code': 'invalid_value'}}",False,False,False,none,
6392990708_0,deepseek-r1-distill-llama-70b,zero-shot,33,0,0,0,0.0,0.0,0.0,2.4.6|1.3.1|4.1.1|4.1.2,,,"Error code: 400 - {'error': {'message': 'The provided messages contain images, but deepseek-r1-distill-llama-70b does not support image inputs.', 'type': 'invalid_request_error', 'param': 'messages', 'code': 'invalid_value'}}",False,False,False,none,
3838269417_0,deepseek-r1-distill-llama-70b,zero-shot,28,0,0,0,0.0,0.0,0.0,1.1.1|1.3.1|1.4.6|2.4.4|2.4.9|4.1.2,,,"Error code: 400 - {'error': {'message': 'The provided messages contain images, but deepseek-r1-distill-llama-70b does not support image inputs.', 'type': 'invalid_request_error', 'param': 'messages', 'code': 'invalid_value'}}",False,False,False,none,
3538180808_0,deepseek-r1-distill-llama-70b,zero-shot,52,0,0,0,0.0,0.0,0.0,2.4.6|1.1.1|1.3.1,,,"Error code: 400 - {'error': {'message': 'The provided messages contain images, but deepseek-r1-distill-llama-70b does not support image inputs.', 'type': 'invalid_request_error', 'param': 'messages', 'code': 'invalid_value'}}",False,False,False,none,
408_0,deepseek-r1-distill-llama-70b,zero-shot,42,0,0,0,0.0,0.0,0.0,1.4.6|2.4.6|1.3.1|4.1.1,,,"Error code: 400 - {'error': {'message': 'The provided messages contain images, but deepseek-r1-distill-llama-70b does not support image inputs.', 'type': 'invalid_request_error', 'param': 'messages', 'code': 'invalid_value'}}",False,False,False,none,
9869898930_0,deepseek-r1-distill-llama-70b,zero-shot,37,0,0,0,0.0,0.0,0.0,2.4.6|1.1.1|1.3.1|1.4.6|1.4.3,,,"Error code: 400 - {'error': {'message': 'The provided messages contain images, but deepseek-r1-distill-llama-70b does not support image inputs.', 'type': 'invalid_request_error', 'param': 'messages', 'code': 'invalid_value'}}",False,False,False,none,
3546013468_0,deepseek-r1-distill-llama-70b,zero-shot,52,0,0,0,0.0,0.0,0.0,1.4.6,,,"Error code: 400 - {'error': {'message': 'The provided messages contain images, but deepseek-r1-distill-llama-70b does not support image inputs.', 'type': 'invalid_request_error', 'param': 'messages', 'code': 'invalid_value'}}",False,False,False,none,
6654382965_0,deepseek-r1-distill-llama-70b,zero-shot,37,0,0,0,0.0,0.0,0.0,1.1.1|1.4.6|2.1.1|2.4.4|2.4.9|4.1.2|2.4.3|2.4.6|1.3.1|1.4.3,,,"Error code: 400 - {'error': {'message': 'The provided messages contain images, but deepseek-r1-distill-llama-70b does not support image inputs.', 'type': 'invalid_request_error', 'param': 'messages', 'code': 'invalid_value'}}",False,False,False,none,
298_0,deepseek-r1-distill-llama-70b,zero-shot,41,0,0,0,0.0,0.0,0.0,1.4.6|2.1.1|2.4.3|4.1.2|2.4.6|1.3.1|1.4.4,,,"Error code: 400 - {'error': {'message': 'The provided messages contain images, but deepseek-r1-distill-llama-70b does not support image inputs.', 'type': 'invalid_request_error', 'param': 'messages', 'code': 'invalid_value'}}",False,False,False,none,
2605949885_0,deepseek-r1-distill-llama-70b,zero-shot,36,0,0,0,0.0,0.0,0.0,1.3.1|3.1.1|1.4.6|2.4.4|2.4.9|4.1.2|1.4.3,,,"Error code: 400 - {'error': {'message': 'The provided messages contain images, but deepseek-r1-distill-llama-70b does not support image inputs.', 'type': 'invalid_request_error', 'param': 'messages', 'code': 'invalid_value'}}",False,False,False,none,
416_0,deepseek-r1-distill-llama-70b,zero-shot,30,0,0,0,0.0,0.0,0.0,1.3.1|1.4.6|4.1.1|4.1.2|1.4.3,,,"Error code: 400 - {'error': {'message': 'The provided messages contain images, but deepseek-r1-distill-llama-70b does not support image inputs.', 'type': 'invalid_request_error', 'param': 'messages', 'code': 'invalid_value'}}",False,False,False,none,
122_0,deepseek-r1-distill-llama-70b,zero-shot,34,0,0,0,0.0,0.0,0.0,1.4.6|4.1.1|4.1.2|1.4.3,,,"Error code: 400 - {'error': {'message': 'The provided messages contain images, but deepseek-r1-distill-llama-70b does not support image inputs.', 'type': 'invalid_request_error', 'param': 'messages', 'code': 'invalid_value'}}",False,False,False,none,
204_0,deepseek-r1-distill-llama-70b,zero-shot,28,0,0,0,0.0,0.0,0.0,1.4.6|2.4.9|2.4.4|4.1.1|4.1.2|2.4.6|1.3.1|1.4.4|1.4.3,,,"Error code: 400 - {'error': {'message': 'The provided messages contain images, but deepseek-r1-distill-llama-70b does not support image inputs.', 'type': 'invalid_request_error', 'param': 'messages', 'code': 'invalid_value'}}",False,False,False,none,
604991355_0,deepseek-r1-distill-llama-70b,zero-shot,35,0,0,0,0.0,0.0,0.0,1.1.1|1.4.6|2.2.1|2.4.4|2.4.9|4.1.2|2.4.6|1.3.1|1.4.3,,,"Error code: 400 - {'error': {'message': 'The provided messages contain images, but deepseek-r1-distill-llama-70b does not support image inputs.', 'type': 'invalid_request_error', 'param': 'messages', 'code': 'invalid_value'}}",False,False,False,none,
9073219799_0,deepseek-r1-distill-llama-70b,zero-shot,34,0,0,0,0.0,0.0,0.0,1.1.1|1.4.3|2.4.6|1.4.4|1.4.6|4.1.2,,,"Error code: 400 - {'error': {'message': 'The provided messages contain images, but deepseek-r1-distill-llama-70b does not support image inputs.', 'type': 'invalid_request_error', 'param': 'messages', 'code': 'invalid_value'}}",False,False,False,none,
4781756887_0,deepseek-r1-distill-llama-70b,zero-shot,59,0,0,0,0.0,0.0,0.0,1.3.1|1.4.6|4.1.1|4.1.2|1.4.3,,,"Error code: 400 - {'error': {'message': 'The provided messages contain images, but deepseek-r1-distill-llama-70b does not support image inputs.', 'type': 'invalid_request_error', 'param': 'messages', 'code': 'invalid_value'}}",False,False,False,none,
8142768037_0,deepseek-r1-distill-llama-70b,zero-shot,31,0,0,0,0.0,0.0,0.0,1.3.1|1.4.4|1.4.6|4.1.1|1.4.3,,,"Error code: 400 - {'error': {'message': 'The provided messages contain images, but deepseek-r1-distill-llama-70b does not support image inputs.', 'type': 'invalid_request_error', 'param': 'messages', 'code': 'invalid_value'}}",False,False,False,none,
186_0,deepseek-r1-distill-llama-70b,zero-shot,40,0,0,0,0.0,0.0,0.0,2.4.9|1.4.6|2.4.4|4.1.1,,,"Error code: 400 - {'error': {'message': 'The provided messages contain images, but deepseek-r1-distill-llama-70b does not support image inputs.', 'type': 'invalid_request_error', 'param': 'messages', 'code': 'invalid_value'}}",False,False,False,none,
7320503111_0,deepseek-r1-distill-llama-70b,zero-shot,37,0,0,0,0.0,0.0,0.0,2.4.6|2.4.2|1.3.1|3.1.1,,,"Error code: 400 - {'error': {'message': 'The provided messages contain images, but deepseek-r1-distill-llama-70b does not support image inputs.', 'type': 'invalid_request_error', 'param': 'messages', 'code': 'invalid_value'}}",False,False,False,none,
2998356382_0,deepseek-r1-distill-llama-70b,zero-shot,36,0,0,0,0.0,0.0,0.0,2.4.6|1.3.1|1.4.6|4.1.1|4.1.2,,,"Error code: 400 - {'error': {'message': 'The provided messages contain images, but deepseek-r1-distill-llama-70b does not support image inputs.', 'type': 'invalid_request_error', 'param': 'messages', 'code': 'invalid_value'}}",False,False,False,none,
546358444_0,deepseek-r1-distill-llama-70b,zero-shot,26,0,0,0,0.0,0.0,0.0,1.3.1|1.4.4|1.4.6|4.1.2|1.4.3,,,"Error code: 400 - {'error': {'message': 'The provided messages contain images, but deepseek-r1-distill-llama-70b does not support image inputs.', 'type': 'invalid_request_error', 'param': 'messages', 'code': 'invalid_value'}}",False,False,False,none,
6909367836_0,deepseek-r1-distill-llama-70b,zero-shot,28,0,0,0,0.0,0.0,0.0,2.4.6|1.3.1|1.4.6|4.1.2,,,"Error code: 400 - {'error': {'message': 'The provided messages contain images, but deepseek-r1-distill-llama-70b does not support image inputs.', 'type': 'invalid_request_error', 'param': 'messages', 'code': 'invalid_value'}}",False,False,False,none,
30_0,deepseek-r1-distill-llama-70b,zero-shot,21,0,0,0,0.0,0.0,0.0,2.4.6|1.3.1|1.4.6|4.1.2,,,"Error code: 400 - {'error': {'message': 'The provided messages contain images, but deepseek-r1-distill-llama-70b does not support image inputs.', 'type': 'invalid_request_error', 'param': 'messages', 'code': 'invalid_value'}}",False,False,False,none,
7456807770_0,deepseek-r1-distill-llama-70b,zero-shot,41,0,0,0,0.0,0.0,0.0,1.1.1|1.4.6|2.1.1|2.4.9|2.4.4|4.1.1|4.1.2|2.4.3|1.3.1|1.4.3,,,"Error code: 400 - {'error': {'message': 'The provided messages contain images, but deepseek-r1-distill-llama-70b does not support image inputs.', 'type': 'invalid_request_error', 'param': 'messages', 'code': 'invalid_value'}}",False,False,False,none,
5100047719_0,deepseek-r1-distill-llama-70b,zero-shot,46,0,0,0,0.0,0.0,0.0,1.3.1|1.4.6|4.1.1|4.1.2|1.4.3,,,"Error code: 400 - {'error': {'message': 'The provided messages contain images, but deepseek-r1-distill-llama-70b does not support image inputs.', 'type': 'invalid_request_error', 'param': 'messages', 'code': 'invalid_value'}}",False,False,False,none,
4321301368_0,deepseek-r1-distill-llama-70b,zero-shot,42,0,0,0,0.0,0.0,0.0,1.3.1|1.4.6|4.1.1|4.1.2,,,"Error code: 400 - {'error': {'message': 'The provided messages contain images, but deepseek-r1-distill-llama-70b does not support image inputs.', 'type': 'invalid_request_error', 'param': 'messages', 'code': 'invalid_value'}}",False,False,False,none,
3787975237_0,deepseek-r1-distill-llama-70b,zero-shot,27,0,0,0,0.0,0.0,0.0,2.4.3|1.3.1|1.4.6|2.1.1|4.1.1|4.1.2|1.4.3,,,"Error code: 400 - {'error': {'message': 'The provided messages contain images, but deepseek-r1-distill-llama-70b does not support image inputs.', 'type': 'invalid_request_error', 'param': 'messages', 'code': 'invalid_value'}}",False,False,False,none,
1028755231_0,deepseek-r1-distill-llama-70b,zero-shot,26,0,0,0,0.0,0.0,0.0,1.4.6|2.4.9|2.4.4|4.1.1|4.1.2|2.4.6|1.3.1|1.4.3,,,"Error code: 400 - {'error': {'message': 'The provided messages contain images, but deepseek-r1-distill-llama-70b does not support image inputs.', 'type': 'invalid_request_error', 'param': 'messages', 'code': 'invalid_value'}}",False,False,False,none,
4157596408_0,deepseek-r1-distill-llama-70b,zero-shot,35,0,0,0,0.0,0.0,0.0,1.3.1|1.4.6|4.1.1|1.4.3,,,"Error code: 400 - {'error': {'message': 'The provided messages contain images, but deepseek-r1-distill-llama-70b does not support image inputs.', 'type': 'invalid_request_error', 'param': 'messages', 'code': 'invalid_value'}}",False,False,False,none,
4974750346_0,deepseek-r1-distill-llama-70b,zero-shot,30,0,0,0,0.0,0.0,0.0,1.1.1|1.4.6|2.1.1|2.4.4|4.1.1|2.4.9|4.1.2|2.4.3|2.4.6|1.3.1|1.4.4|1.4.3,,,"Error code: 400 - {'error': {'message': 'The provided messages contain images, but deepseek-r1-distill-llama-70b does not support image inputs.', 'type': 'invalid_request_error', 'param': 'messages', 'code': 'invalid_value'}}",False,False,False,none,
4224720555_0,deepseek-r1-distill-llama-70b,zero-shot,30,0,0,0,0.0,0.0,0.0,1.1.1|1.3.1|1.4.6|2.4.4|2.4.9|4.1.2|1.4.3,,,"Error code: 400 - {'error': {'message': 'The provided messages contain images, but deepseek-r1-distill-llama-70b does not support image inputs.', 'type': 'invalid_request_error', 'param': 'messages', 'code': 'invalid_value'}}",False,False,False,none,
5483640632_0,deepseek-r1-distill-llama-70b,zero-shot,44,0,0,0,0.0,0.0,0.0,1.1.1|1.3.1|1.4.6|4.1.1|4.1.2,,,"Error code: 400 - {'error': {'message': 'The provided messages contain images, but deepseek-r1-distill-llama-70b does not support image inputs.', 'type': 'invalid_request_error', 'param': 'messages', 'code': 'invalid_value'}}",False,False,False,none,
4339903018_0,deepseek-r1-distill-llama-70b,zero-shot,32,0,0,0,0.0,0.0,0.0,1.3.1|3.1.1|1.4.6|1.4.3,,,"Error code: 400 - {'error': {'message': 'The provided messages contain images, but deepseek-r1-distill-llama-70b does not support image inputs.', 'type': 'invalid_request_error', 'param': 'messages', 'code': 'invalid_value'}}",False,False,False,none,
1957689776_0,deepseek-r1-distill-llama-70b,zero-shot,27,0,0,0,0.0,0.0,0.0,1.1.1|2.4.6|1.3.1|1.4.6|2.4.4|2.4.9|4.1.2,,,"Error code: 400 - {'error': {'message': 'The provided messages contain images, but deepseek-r1-distill-llama-70b does not support image inputs.', 'type': 'invalid_request_error', 'param': 'messages', 'code': 'invalid_value'}}",False,False,False,none,
8054950596_0,deepseek-r1-distill-llama-70b,zero-shot,43,0,0,0,0.0,0.0,0.0,1.4.6|1.4.3,,,"Error code: 400 - {'error': {'message': 'The provided messages contain images, but deepseek-r1-distill-llama-70b does not support image inputs.', 'type': 'invalid_request_error', 'param': 'messages', 'code': 'invalid_value'}}",False,False,False,none,
2681794065_0,deepseek-r1-distill-llama-70b,zero-shot,31,0,0,0,0.0,0.0,0.0,2.4.6|1.3.1|1.4.4|1.4.6|2.4.4|2.4.9|1.4.3,,,"Error code: 400 - {'error': {'message': 'The provided messages contain images, but deepseek-r1-distill-llama-70b does not support image inputs.', 'type': 'invalid_request_error', 'param': 'messages', 'code': 'invalid_value'}}",False,False,False,none,
1950445330_0,deepseek-r1-distill-llama-70b,zero-shot,41,0,0,0,0.0,0.0,0.0,1.4.6|4.1.1|3.3.2,,,"Error code: 400 - {'error': {'message': 'The provided messages contain images, but deepseek-r1-distill-llama-70b does not support image inputs.', 'type': 'invalid_request_error', 'param': 'messages', 'code': 'invalid_value'}}",False,False,False,none,
4336372604_0,deepseek-r1-distill-llama-70b,zero-shot,35,0,0,0,0.0,0.0,0.0,2.4.2|1.3.1|3.1.1,,,"Error code: 400 - {'error': {'message': 'The provided messages contain images, but deepseek-r1-distill-llama-70b does not support image inputs.', 'type': 'invalid_request_error', 'param': 'messages', 'code': 'invalid_value'}}",False,False,False,none,
3900495188_0,deepseek-r1-distill-llama-70b,zero-shot,34,0,0,0,0.0,0.0,0.0,1.4.6|1.3.1,,,"Error code: 400 - {'error': {'message': 'The provided messages contain images, but deepseek-r1-distill-llama-70b does not support image inputs.', 'type': 'invalid_request_error', 'param': 'messages', 'code': 'invalid_value'}}",False,False,False,none,
5419658127_0,deepseek-r1-distill-llama-70b,zero-shot,34,0,0,0,0.0,0.0,0.0,1.1.1|1.4.6|2.4.4|2.4.9|4.1.2|1.3.1|1.4.4|1.4.3,,,"Error code: 400 - {'error': {'message': 'The provided messages contain images, but deepseek-r1-distill-llama-70b does not support image inputs.', 'type': 'invalid_request_error', 'param': 'messages', 'code': 'invalid_value'}}",False,False,False,none,
428_0,deepseek-r1-distill-llama-70b,zero-shot,41,0,0,0,0.0,0.0,0.0,2.4.6|1.3.1|1.4.6|4.1.2|1.3.5,,,"Error code: 400 - {'error': {'message': 'The provided messages contain images, but deepseek-r1-distill-llama-70b does not support image inputs.', 'type': 'invalid_request_error', 'param': 'messages', 'code': 'invalid_value'}}",False,False,False,none,
9990906928_0,deepseek-r1-distill-llama-70b,zero-shot,40,0,0,0,0.0,0.0,0.0,1.4.6|2.1.1|2.4.3,,,"Error code: 400 - {'error': {'message': 'The provided messages contain images, but deepseek-r1-distill-llama-70b does not support image inputs.', 'type': 'invalid_request_error', 'param': 'messages', 'code': 'invalid_value'}}",False,False,False,none,
5964897764_0,deepseek-r1-distill-llama-70b,zero-shot,18,0,0,0,0.0,0.0,0.0,2.2.1,,,"Error code: 400 - {'error': {'message': 'The provided messages contain images, but deepseek-r1-distill-llama-70b does not support image inputs.', 'type': 'invalid_request_error', 'param': 'messages', 'code': 'invalid_value'}}",False,False,False,none,
4456160312_0,deepseek-r1-distill-llama-70b,zero-shot,38,0,0,0,0.0,0.0,0.0,1.3.1|1.4.6|2.4.4|2.4.9|4.1.2,,,"Error code: 400 - {'error': {'message': 'The provided messages contain images, but deepseek-r1-distill-llama-70b does not support image inputs.', 'type': 'invalid_request_error', 'param': 'messages', 'code': 'invalid_value'}}",False,False,False,none,
1112632392_0,deepseek-r1-distill-llama-70b,zero-shot,47,0,0,0,0.0,0.0,0.0,2.4.6|1.3.1|1.4.4|2.4.9|1.4.6|2.4.4|4.1.1|4.1.2,,,"Error code: 400 - {'error': {'message': 'The provided messages contain images, but deepseek-r1-distill-llama-70b does not support image inputs.', 'type': 'invalid_request_error', 'param': 'messages', 'code': 'invalid_value'}}",False,False,False,none,
381_0,deepseek-r1-distill-llama-70b,zero-shot,37,0,0,0,0.0,0.0,0.0,1.1.1|1.3.1|2.4.1|1.4.6|4.1.1|4.1.2|1.4.3,,,"Error code: 400 - {'error': {'message': 'The provided messages contain images, but deepseek-r1-distill-llama-70b does not support image inputs.', 'type': 'invalid_request_error', 'param': 'messages', 'code': 'invalid_value'}}",False,False,False,none,
700_0,deepseek-r1-distill-llama-70b,zero-shot,34,0,0,0,0.0,0.0,0.0,1.4.6|1.3.1,,,"Error code: 400 - {'error': {'message': 'The provided messages contain images, but deepseek-r1-distill-llama-70b does not support image inputs.', 'type': 'invalid_request_error', 'param': 'messages', 'code': 'invalid_value'}}",False,False,False,none,
701_0,deepseek-r1-distill-llama-70b,zero-shot,33,0,0,0,0.0,0.0,0.0,1.4.6|1.3.1,,,"Error code: 400 - {'error': {'message': 'The provided messages contain images, but deepseek-r1-distill-llama-70b does not support image inputs.', 'type': 'invalid_request_error', 'param': 'messages', 'code': 'invalid_value'}}",False,False,False,none,
335_0,deepseek-r1-distill-llama-70b,zero-shot,29,0,0,0,0.0,0.0,0.0,1.3.1,,,"Error code: 400 - {'error': {'message': 'The provided messages contain images, but deepseek-r1-distill-llama-70b does not support image inputs.', 'type': 'invalid_request_error', 'param': 'messages', 'code': 'invalid_value'}}",False,False,False,none,
702_0,deepseek-r1-distill-llama-70b,zero-shot,30,0,0,0,0.0,0.0,0.0,1.4.6|1.3.1,,,"Error code: 400 - {'error': {'message': 'The provided messages contain images, but deepseek-r1-distill-llama-70b does not support image inputs.', 'type': 'invalid_request_error', 'param': 'messages', 'code': 'invalid_value'}}",False,False,False,none,
703_0,deepseek-r1-distill-llama-70b,zero-shot,33,0,0,0,0.0,0.0,0.0,1.4.6|1.3.1,,,"Error code: 400 - {'error': {'message': 'The provided messages contain images, but deepseek-r1-distill-llama-70b does not support image inputs.', 'type': 'invalid_request_error', 'param': 'messages', 'code': 'invalid_value'}}",False,False,False,none,
704_0,deepseek-r1-distill-llama-70b,zero-shot,24,0,0,0,0.0,0.0,0.0,1.4.6|1.3.1,,,"Error code: 400 - {'error': {'message': 'The provided messages contain images, but deepseek-r1-distill-llama-70b does not support image inputs.', 'type': 'invalid_request_error', 'param': 'messages', 'code': 'invalid_value'}}",False,False,False,none,
705_0,deepseek-r1-distill-llama-70b,zero-shot,31,0,0,0,0.0,0.0,0.0,1.4.6|1.3.1,,,"Error code: 400 - {'error': {'message': 'The provided messages contain images, but deepseek-r1-distill-llama-70b does not support image inputs.', 'type': 'invalid_request_error', 'param': 'messages', 'code': 'invalid_value'}}",False,False,False,none,
1866132720_0,deepseek-r1-distill-llama-70b,zero-shot,50,0,0,0,0.0,0.0,0.0,1.1.1|1.4.6|2.1.1|2.4.9|2.4.4|4.1.1|2.4.3|2.4.6|1.3.1|1.4.3,,,"Error code: 400 - {'error': {'message': 'The provided messages contain images, but deepseek-r1-distill-llama-70b does not support image inputs.', 'type': 'invalid_request_error', 'param': 'messages', 'code': 'invalid_value'}}",False,False,False,none,
7151218343_0,deepseek-r1-distill-llama-70b,zero-shot,40,0,0,0,0.0,0.0,0.0,1.4.6|1.3.1|4.1.1|4.1.2,,,"Error code: 400 - {'error': {'message': 'The provided messages contain images, but deepseek-r1-distill-llama-70b does not support image inputs.', 'type': 'invalid_request_error', 'param': 'messages', 'code': 'invalid_value'}}",False,False,False,none,
7810794510_0,deepseek-r1-distill-llama-70b,zero-shot,32,0,0,0,0.0,0.0,0.0,1.4.6|1.3.1|4.1.2,,,"Error code: 400 - {'error': {'message': 'The provided messages contain images, but deepseek-r1-distill-llama-70b does not support image inputs.', 'type': 'invalid_request_error', 'param': 'messages', 'code': 'invalid_value'}}",False,False,False,none,
8085884109_0,deepseek-r1-distill-llama-70b,zero-shot,33,0,0,0,0.0,0.0,0.0,1.3.1|3.1.1,,,"Error code: 400 - {'error': {'message': 'The provided messages contain images, but deepseek-r1-distill-llama-70b does not support image inputs.', 'type': 'invalid_request_error', 'param': 'messages', 'code': 'invalid_value'}}",False,False,False,none,
8818878279_0,deepseek-r1-distill-llama-70b,zero-shot,32,0,0,0,0.0,0.0,0.0,2.4.6|1.3.1|1.4.6|4.1.1,,,"Error code: 400 - {'error': {'message': 'The provided messages contain images, but deepseek-r1-distill-llama-70b does not support image inputs.', 'type': 'invalid_request_error', 'param': 'messages', 'code': 'invalid_value'}}",False,False,False,none,
7423931758_0,deepseek-r1-distill-llama-70b,zero-shot,34,0,0,0,0.0,0.0,0.0,1.1.1|1.3.1|2.4.9|2.4.4|4.1.1|4.1.2,,,"Error code: 400 - {'error': {'message': 'The provided messages contain images, but deepseek-r1-distill-llama-70b does not support image inputs.', 'type': 'invalid_request_error', 'param': 'messages', 'code': 'invalid_value'}}",False,False,False,none,
4751627646_0,deepseek-r1-distill-llama-70b,zero-shot,38,0,0,0,0.0,0.0,0.0,1.4.6,,,"Error code: 400 - {'error': {'message': 'The provided messages contain images, but deepseek-r1-distill-llama-70b does not support image inputs.', 'type': 'invalid_request_error', 'param': 'messages', 'code': 'invalid_value'}}",False,False,False,none,
189_0,deepseek-r1-distill-llama-70b,zero-shot,35,0,0,0,0.0,0.0,0.0,1.1.1|1.4.6|2.1.1|2.4.9|2.4.4|4.1.1|3.3.2|4.1.2|2.4.3|1.3.1,,,"Error code: 400 - {'error': {'message': 'The provided messages contain images, but deepseek-r1-distill-llama-70b does not support image inputs.', 'type': 'invalid_request_error', 'param': 'messages', 'code': 'invalid_value'}}",False,False,False,none,
6794078706_0,deepseek-r1-distill-llama-70b,zero-shot,35,0,0,0,0.0,0.0,0.0,1.3.1|3.1.1,,,"Error code: 400 - {'error': {'message': 'The provided messages contain images, but deepseek-r1-distill-llama-70b does not support image inputs.', 'type': 'invalid_request_error', 'param': 'messages', 'code': 'invalid_value'}}",False,False,False,none,
1930985973_0,deepseek-r1-distill-llama-70b,zero-shot,29,0,0,0,0.0,0.0,0.0,1.1.1|1.3.1|1.4.4|1.4.6|2.4.4|2.4.9|4.1.2,,,"Error code: 400 - {'error': {'message': 'The provided messages contain images, but deepseek-r1-distill-llama-70b does not support image inputs.', 'type': 'invalid_request_error', 'param': 'messages', 'code': 'invalid_value'}}",False,False,False,none,
569_0,deepseek-r1-distill-llama-70b,zero-shot,37,0,0,0,0.0,0.0,0.0,1.4.6,,,"Error code: 400 - {'error': {'message': 'The provided messages contain images, but deepseek-r1-distill-llama-70b does not support image inputs.', 'type': 'invalid_request_error', 'param': 'messages', 'code': 'invalid_value'}}",False,False,False,none,
570_0,deepseek-r1-distill-llama-70b,zero-shot,61,0,0,0,0.0,0.0,0.0,1.4.6|1.1.1|1.3.1,,,"Error code: 400 - {'error': {'message': 'The provided messages contain images, but deepseek-r1-distill-llama-70b does not support image inputs.', 'type': 'invalid_request_error', 'param': 'messages', 'code': 'invalid_value'}}",False,False,False,none,
573_0,deepseek-r1-distill-llama-70b,zero-shot,58,0,0,0,0.0,0.0,0.0,1.4.6|1.3.1,,,"Error code: 400 - {'error': {'message': 'The provided messages contain images, but deepseek-r1-distill-llama-70b does not support image inputs.', 'type': 'invalid_request_error', 'param': 'messages', 'code': 'invalid_value'}}",False,False,False,none,
312_0,deepseek-r1-distill-llama-70b,zero-shot,62,0,0,0,0.0,0.0,0.0,2.4.6|1.4.6|1.1.1|1.3.1,,,"Error code: 400 - {'error': {'message': 'The provided messages contain images, but deepseek-r1-distill-llama-70b does not support image inputs.', 'type': 'invalid_request_error', 'param': 'messages', 'code': 'invalid_value'}}",False,False,False,none,
572_0,deepseek-r1-distill-llama-70b,zero-shot,59,0,0,0,0.0,0.0,0.0,1.4.6,,,"Error code: 400 - {'error': {'message': 'The provided messages contain images, but deepseek-r1-distill-llama-70b does not support image inputs.', 'type': 'invalid_request_error', 'param': 'messages', 'code': 'invalid_value'}}",False,False,False,none,
571_0,deepseek-r1-distill-llama-70b,zero-shot,82,0,0,0,0.0,0.0,0.0,1.4.6|1.1.1|1.3.1,,,"Error code: 400 - {'error': {'message': 'The provided messages contain images, but deepseek-r1-distill-llama-70b does not support image inputs.', 'type': 'invalid_request_error', 'param': 'messages', 'code': 'invalid_value'}}",False,False,False,none,
2853208851_0,deepseek-r1-distill-llama-70b,zero-shot,46,0,0,0,0.0,0.0,0.0,1.4.6|1.3.1|1.4.3,,,"Error code: 400 - {'error': {'message': 'The provided messages contain images, but deepseek-r1-distill-llama-70b does not support image inputs.', 'type': 'invalid_request_error', 'param': 'messages', 'code': 'invalid_value'}}",False,False,False,none,
402_0,deepseek-r1-distill-llama-70b,zero-shot,39,0,0,0,0.0,0.0,0.0,1.3.1|4.1.1|4.1.2,,,"Error code: 400 - {'error': {'message': 'The provided messages contain images, but deepseek-r1-distill-llama-70b does not support image inputs.', 'type': 'invalid_request_error', 'param': 'messages', 'code': 'invalid_value'}}",False,False,False,none,
399_0,deepseek-r1-distill-llama-70b,zero-shot,38,0,0,0,0.0,0.0,0.0,1.1.1|2.4.6|1.4.6|4.1.1|4.1.2,,,"Error code: 400 - {'error': {'message': 'The provided messages contain images, but deepseek-r1-distill-llama-70b does not support image inputs.', 'type': 'invalid_request_error', 'param': 'messages', 'code': 'invalid_value'}}",False,False,False,none,
513_0,deepseek-r1-distill-llama-70b,zero-shot,29,0,0,0,0.0,0.0,0.0,1.3.1|1.4.6|2.4.4|2.4.9,,,"Error code: 400 - {'error': {'message': 'The provided messages contain images, but deepseek-r1-distill-llama-70b does not support image inputs.', 'type': 'invalid_request_error', 'param': 'messages', 'code': 'invalid_value'}}",False,False,False,none,
97_0,deepseek-r1-distill-llama-70b,zero-shot,44,0,0,0,0.0,0.0,0.0,2.4.3|1.3.1|1.4.6|2.1.1|2.4.4|2.4.9|4.1.2,,,"Error code: 400 - {'error': {'message': 'The provided messages contain images, but deepseek-r1-distill-llama-70b does not support image inputs.', 'type': 'invalid_request_error', 'param': 'messages', 'code': 'invalid_value'}}",False,False,False,none,
512_0,deepseek-r1-distill-llama-70b,zero-shot,50,0,0,0,0.0,0.0,0.0,1.3.1|1.4.6|2.4.4|2.4.9,,,"Error code: 400 - {'error': {'message': 'The provided messages contain images, but deepseek-r1-distill-llama-70b does not support image inputs.', 'type': 'invalid_request_error', 'param': 'messages', 'code': 'invalid_value'}}",False,False,False,none,
3176249728_0,deepseek-r1-distill-llama-70b,zero-shot,20,0,0,0,0.0,0.0,0.0,2.4.6|1.1.1|1.3.1,,,"Error code: 400 - {'error': {'message': 'The provided messages contain images, but deepseek-r1-distill-llama-70b does not support image inputs.', 'type': 'invalid_request_error', 'param': 'messages', 'code': 'invalid_value'}}",False,False,False,none,
739443498_0,deepseek-r1-distill-llama-70b,zero-shot,40,0,0,0,0.0,0.0,0.0,1.4.6|1.3.1|1.4.3,,,"Error code: 400 - {'error': {'message': 'The provided messages contain images, but deepseek-r1-distill-llama-70b does not support image inputs.', 'type': 'invalid_request_error', 'param': 'messages', 'code': 'invalid_value'}}",False,False,False,none,
435_0,deepseek-r1-distill-llama-70b,zero-shot,48,0,0,0,0.0,0.0,0.0,1.1.1|1.4.6|2.4.9|2.4.4|4.1.1|4.1.2|2.4.6|1.3.1,,,"Error code: 400 - {'error': {'message': 'The provided messages contain images, but deepseek-r1-distill-llama-70b does not support image inputs.', 'type': 'invalid_request_error', 'param': 'messages', 'code': 'invalid_value'}}",False,False,False,none,
35_0,deepseek-r1-distill-llama-70b,zero-shot,49,0,0,0,0.0,0.0,0.0,1.1.1|1.3.1|2.4.9|1.4.6|2.4.4|4.1.1|1.4.3,,,"Error code: 400 - {'error': {'message': 'The provided messages contain images, but deepseek-r1-distill-llama-70b does not support image inputs.', 'type': 'invalid_request_error', 'param': 'messages', 'code': 'invalid_value'}}",False,False,False,none,
239_0,deepseek-r1-distill-llama-70b,zero-shot,44,0,0,0,0.0,0.0,0.0,2.4.6,,,"Error code: 400 - {'error': {'message': 'The provided messages contain images, but deepseek-r1-distill-llama-70b does not support image inputs.', 'type': 'invalid_request_error', 'param': 'messages', 'code': 'invalid_value'}}",False,False,False,none,
112_0,deepseek-r1-distill-llama-70b,zero-shot,41,0,0,0,0.0,0.0,0.0,1.4.6|1.4.3,,,"Error code: 400 - {'error': {'message': 'The provided messages contain images, but deepseek-r1-distill-llama-70b does not support image inputs.', 'type': 'invalid_request_error', 'param': 'messages', 'code': 'invalid_value'}}",False,False,False,none,
4355727937_0,deepseek-r1-distill-llama-70b,zero-shot,38,0,0,0,0.0,0.0,0.0,1.4.3|1.3.1|2.4.9|1.4.6|2.4.4|4.1.1|4.1.2,,,"Error code: 400 - {'error': {'message': 'The provided messages contain images, but deepseek-r1-distill-llama-70b does not support image inputs.', 'type': 'invalid_request_error', 'param': 'messages', 'code': 'invalid_value'}}",False,False,False,none,
8873477499_0,deepseek-r1-distill-llama-70b,zero-shot,36,0,0,0,0.0,0.0,0.0,3.3.2|2.4.6|1.3.1|4.1.2,,,"Error code: 400 - {'error': {'message': 'The provided messages contain images, but deepseek-r1-distill-llama-70b does not support image inputs.', 'type': 'invalid_request_error', 'param': 'messages', 'code': 'invalid_value'}}",False,False,False,none,
1963641873_0,deepseek-r1-distill-llama-70b,zero-shot,46,0,0,0,0.0,0.0,0.0,2.4.6|1.3.1|4.1.1|3.3.2,,,"Error code: 400 - {'error': {'message': 'The provided messages contain images, but deepseek-r1-distill-llama-70b does not support image inputs.', 'type': 'invalid_request_error', 'param': 'messages', 'code': 'invalid_value'}}",False,False,False,none,
108292809_0,deepseek-r1-distill-llama-70b,zero-shot,70,0,0,0,0.0,0.0,0.0,2.4.3|1.3.1|1.4.6|2.1.1|4.1.1|4.1.2,,,"Error code: 400 - {'error': {'message': 'The provided messages contain images, but deepseek-r1-distill-llama-70b does not support image inputs.', 'type': 'invalid_request_error', 'param': 'messages', 'code': 'invalid_value'}}",False,False,False,none,
841418439_0,deepseek-r1-distill-llama-70b,zero-shot,34,0,0,0,0.0,0.0,0.0,1.1.1|1.4.6|2.1.1|2.4.9|2.4.4|4.1.1|2.4.3|1.3.1|1.4.3,,,"Error code: 400 - {'error': {'message': 'The provided messages contain images, but deepseek-r1-distill-llama-70b does not support image inputs.', 'type': 'invalid_request_error', 'param': 'messages', 'code': 'invalid_value'}}",False,False,False,none,
95_0,deepseek-r1-distill-llama-70b,zero-shot,33,0,0,0,0.0,0.0,0.0,1.3.1|1.4.6|4.1.1|4.1.2,,,"Error code: 400 - {'error': {'message': 'The provided messages contain images, but deepseek-r1-distill-llama-70b does not support image inputs.', 'type': 'invalid_request_error', 'param': 'messages', 'code': 'invalid_value'}}",False,False,False,none,
359_0,deepseek-r1-distill-llama-70b,zero-shot,33,0,0,0,0.0,0.0,0.0,1.4.6|1.3.1,,,"Error code: 400 - {'error': {'message': 'The provided messages contain images, but deepseek-r1-distill-llama-70b does not support image inputs.', 'type': 'invalid_request_error', 'param': 'messages', 'code': 'invalid_value'}}",False,False,False,none,
232_0,deepseek-r1-distill-llama-70b,zero-shot,44,0,0,0,0.0,0.0,0.0,1.1.1|1.3.1|2.4.9|1.4.6|2.4.4|4.1.1|1.4.3,,,"Error code: 400 - {'error': {'message': 'The provided messages contain images, but deepseek-r1-distill-llama-70b does not support image inputs.', 'type': 'invalid_request_error', 'param': 'messages', 'code': 'invalid_value'}}",False,False,False,none,
7750001119_0,deepseek-r1-distill-llama-70b,zero-shot,43,0,0,0,0.0,0.0,0.0,2.4.6|1.4.3|1.3.1|1.4.4|1.4.6|4.1.2|3.3.2,,,"Error code: 400 - {'error': {'message': 'The provided messages contain images, but deepseek-r1-distill-llama-70b does not support image inputs.', 'type': 'invalid_request_error', 'param': 'messages', 'code': 'invalid_value'}}",False,False,False,none,
4473637646_0,deepseek-r1-distill-llama-70b,zero-shot,64,0,0,0,0.0,0.0,0.0,1.1.1|1.3.1|1.4.4|1.4.6|4.1.1|4.1.2,,,"Error code: 400 - {'error': {'message': 'The provided messages contain images, but deepseek-r1-distill-llama-70b does not support image inputs.', 'type': 'invalid_request_error', 'param': 'messages', 'code': 'invalid_value'}}",False,False,False,none,
6744278124_0,deepseek-r1-distill-llama-70b,zero-shot,37,0,0,0,0.0,0.0,0.0,1.4.6|1.3.1|4.1.1|1.4.3,,,"Error code: 400 - {'error': {'message': 'The provided messages contain images, but deepseek-r1-distill-llama-70b does not support image inputs.', 'type': 'invalid_request_error', 'param': 'messages', 'code': 'invalid_value'}}",False,False,False,none,
4528812531_0,deepseek-r1-distill-llama-70b,zero-shot,28,0,0,0,0.0,0.0,0.0,1.3.1|1.4.6|4.1.2|1.4.3,,,"Error code: 400 - {'error': {'message': 'The provided messages contain images, but deepseek-r1-distill-llama-70b does not support image inputs.', 'type': 'invalid_request_error', 'param': 'messages', 'code': 'invalid_value'}}",False,False,False,none,
431_0,deepseek-r1-distill-llama-70b,zero-shot,29,0,0,0,0.0,0.0,0.0,1.3.1|2.4.9|1.4.6|2.4.4|4.1.1|1.4.3,,,"Error code: 400 - {'error': {'message': 'The provided messages contain images, but deepseek-r1-distill-llama-70b does not support image inputs.', 'type': 'invalid_request_error', 'param': 'messages', 'code': 'invalid_value'}}",False,False,False,none,
3548409958_0,deepseek-r1-distill-llama-70b,zero-shot,34,0,0,0,0.0,0.0,0.0,1.4.6|2.4.6|4.1.1|4.1.2,,,"Error code: 400 - {'error': {'message': 'The provided messages contain images, but deepseek-r1-distill-llama-70b does not support image inputs.', 'type': 'invalid_request_error', 'param': 'messages', 'code': 'invalid_value'}}",False,False,False,none,
540_0,deepseek-r1-distill-llama-70b,zero-shot,33,0,0,0,0.0,0.0,0.0,1.4.6|1.3.1,,,"Error code: 400 - {'error': {'message': 'The provided messages contain images, but deepseek-r1-distill-llama-70b does not support image inputs.', 'type': 'invalid_request_error', 'param': 'messages', 'code': 'invalid_value'}}",False,False,False,none,
539_0,deepseek-r1-distill-llama-70b,zero-shot,34,0,0,0,0.0,0.0,0.0,1.3.1|1.4.6|2.4.4|2.4.9|1.4.3,,,"Error code: 400 - {'error': {'message': 'The provided messages contain images, but deepseek-r1-distill-llama-70b does not support image inputs.', 'type': 'invalid_request_error', 'param': 'messages', 'code': 'invalid_value'}}",False,False,False,none,
7838382411_0,deepseek-r1-distill-llama-70b,zero-shot,31,0,0,0,0.0,0.0,0.0,1.4.6|2.4.6,,,"Error code: 400 - {'error': {'message': 'The provided messages contain images, but deepseek-r1-distill-llama-70b does not support image inputs.', 'type': 'invalid_request_error', 'param': 'messages', 'code': 'invalid_value'}}",False,False,False,none,
542_0,deepseek-r1-distill-llama-70b,zero-shot,45,0,0,0,0.0,0.0,0.0,2.4.6|1.3.1|2.4.9|1.4.6|2.4.4|4.1.1|1.4.3,,,"Error code: 400 - {'error': {'message': 'The provided messages contain images, but deepseek-r1-distill-llama-70b does not support image inputs.', 'type': 'invalid_request_error', 'param': 'messages', 'code': 'invalid_value'}}",False,False,False,none,
543_0,deepseek-r1-distill-llama-70b,zero-shot,38,0,0,0,0.0,0.0,0.0,2.4.6|1.3.1|2.4.9|1.4.6|2.4.4|4.1.1|1.4.3,,,"Error code: 400 - {'error': {'message': 'The provided messages contain images, but deepseek-r1-distill-llama-70b does not support image inputs.', 'type': 'invalid_request_error', 'param': 'messages', 'code': 'invalid_value'}}",False,False,False,none,
545_0,deepseek-r1-distill-llama-70b,zero-shot,52,0,0,0,0.0,0.0,0.0,1.3.1|2.4.9|1.4.6|2.4.4|4.1.1|1.4.3,,,"Error code: 400 - {'error': {'message': 'The provided messages contain images, but deepseek-r1-distill-llama-70b does not support image inputs.', 'type': 'invalid_request_error', 'param': 'messages', 'code': 'invalid_value'}}",False,False,False,none,
6023,deepseek-r1-distill-llama-70b,zero-shot,28,0,0,0,0.0,0.0,0.0,3.1.2,,,"Error code: 400 - {'error': {'message': 'The provided messages contain images, but deepseek-r1-distill-llama-70b does not support image inputs.', 'type': 'invalid_request_error', 'param': 'messages', 'code': 'invalid_value'}}",False,False,False,none,
